{
    "type": "FeatureCollection",
    "features": [
        {
            "type": "Feature",
            "id": 2,
            "geometry": {
                "type": "LineString",
                "coordinates": [
                    [
                        -86.799680644788467,
                        36.174068170405334
                    ],
                    [
                        -86.798290719063104,
                        36.172417228482786
                    ],
                    [
                        -86.797937712170452,
                        36.171992617155979
                    ],
                    [
                        -86.797717760238655,
                        36.171711122134866
                    ]
                ]
            },
            "properties": {
                "OBJECTID": 2,
                "OnStreet": "11th Ave N",
                "BeginStreet": "Cheatham Pl",
                "EndStreet": "Jefferson St",
                "Neighborhood": "Historic Buena Vista",
                "Status": "Completed with vertical measures",
                "CompleteDate": 1710510660000,
                "ConceptDocument": null
            }
        },
        {
            "type": "Feature",
            "id": 3,
            "geometry": {
                "type": "LineString",
                "coordinates": [
                    [
                        -86.810100044462132,
                        36.18316583884657
                    ],
                    [
                        -86.808702043909719,
                        36.180083838995415
                    ]
                ]
            },
            "properties": {
                "OBJECTID": 3,
                "OnStreet": "15th Ave N",
                "BeginStreet": "Clay St",
                "EndStreet": "Buchanan St",
                "Neighborhood": "Buchanan Arts",
                "Status": "Completed with vertical measures",
                "CompleteDate": 1685509200000,
                "ConceptDocument": null
            }
        },
        {
            "type": "Feature",
            "id": 5,
            "geometry": {
                "type": "LineString",
                "coordinates": [
                    [
                        -86.811188336953592,
                        36.182895786311548
                    ],
                    [
                        -86.811010667566109,
                        36.18255931937108
                    ],
                    [
                        -86.81066198825657,
                        36.181819266700366
                    ],
                    [
                        -86.810015359641611,
                        36.180493568001438
                    ],
                    [
                        -86.809780894838838,
                        36.180041645647506
                    ]
                ]
            },
            "properties": {
                "OBJECTID": 5,
                "OnStreet": "16th Ave N",
                "BeginStreet": "Clay St",
                "EndStreet": "Buchanan St",
                "Neighborhood": "Buchanan Arts",
                "Status": "Completed with vertical measures",
                "CompleteDate": 1685422800000,
                "ConceptDocument": null
            }
        },
        {
            "type": "Feature",
            "id": 8,
            "geometry": {
                "type": "LineString",
                "coordinates": [
                    [
                        -86.813718561512559,
                        36.17666145306864
                    ],
                    [
                        -86.814469171970529,
                        36.180220483447869
                    ]
                ]
            },
            "properties": {
                "OBJECTID": 8,
                "OnStreet": "23rd Ave N",
                "BeginStreet": "Buchanan St",
                "EndStreet": "Osage St",
                "Neighborhood": "23rd Ave N",
                "Status": "Completed with vertical measures",
                "CompleteDate": 1661835600000,
                "ConceptDocument": null
            }
        },
        {
            "type": "Feature",
            "id": 11,
            "geometry": {
                "type": "LineString",
                "coordinates": [
                    [
                        -86.817913408123559,
                        36.180359960698588
                    ],
                    [
                        -86.817861618023386,
                        36.180704840324793
                    ],
                    [
                        -86.817820488584843,
                        36.181043008930011
                    ],
                    [
                        -86.817773866596383,
                        36.181368852902651
                    ],
                    [
                        -86.817708828602193,
                        36.181825764994244
                    ],
                    [
                        -86.817589555856046,
                        36.182664658224269
                    ],
                    [
                        -86.817519633255202,
                        36.183168532124476
                    ],
                    [
                        -86.817458633366527,
                        36.183661357236161
                    ],
                    [
                        -86.817381107473707,
                        36.184167342689044
                    ],
                    [
                        -86.817287334744321,
                        36.184878095060391
                    ],
                    [
                        -86.817266321625539,
                        36.18503646377863
                    ],
                    [
                        -86.817202578083624,
                        36.185395117413542
                    ],
                    [
                        -86.817186502237007,
                        36.185534181780866
                    ]
                ]
            },
            "properties": {
                "OBJECTID": 11,
                "OnStreet": "25th Ave N",
                "BeginStreet": "Clarksville Blvd",
                "EndStreet": "Buchanan St",
                "Neighborhood": "25th and 26th",
                "Status": "Completed with vertical measures",
                "CompleteDate": 1687565275000,
                "ConceptDocument": null
            }
        },
        {
            "type": "Feature",
            "id": 12,
            "geometry": {
                "type": "LineString",
                "coordinates": [
                    [
                        -86.819613309315187,
                        36.180415506161395
                    ],
                    [
                        -86.819561222507303,
                        36.180703614976821
                    ],
                    [
                        -86.819523964049466,
                        36.180951104759224
                    ],
                    [
                        -86.819490151483095,
                        36.181368202419932
                    ],
                    [
                        -86.819380391828687,
                        36.182142018306891
                    ],
                    [
                        -86.819301741600938,
                        36.182565143147151
                    ],
                    [
                        -86.819201052858233,
                        36.183233364890405
                    ],
                    [
                        -86.81913109034879,
                        36.183759674335604
                    ],
                    [
                        -86.818858507876399,
                        36.185776498667316
                    ],
                    [
                        -86.818834104179672,
                        36.185956596752128
                    ],
                    [
                        -86.81878668931931,
                        36.186369665271016
                    ]
                ]
            },
            "properties": {
                "OBJECTID": 12,
                "OnStreet": "26th Ave N",
                "BeginStreet": "Clarksville Blvd",
                "EndStreet": "Buchanan St",
                "Neighborhood": "25th and 26th",
                "Status": "Completed with vertical measures",
                "CompleteDate": 1687565307000,
                "ConceptDocument": null
            }
        },
        {
            "type": "Feature",
            "id": 13,
            "geometry": {
                "type": "LineString",
                "coordinates": [
                    [
                        -86.823399661961417,
                        36.180823089785328
                    ],
                    [
                        -86.82335312345964,
                        36.181045919618988
                    ],
                    [
                        -86.823340731963086,
                        36.181157947099955
                    ],
                    [
                        -86.823317962751631,
                        36.181331168484967
                    ],
                    [
                        -86.823245445534724,
                        36.181880619347979
                    ],
                    [
                        -86.823255777316177,
                        36.181951056917157
                    ],
                    [
                        -86.82303434312476,
                        36.183225834348704
                    ],
                    [
                        -86.823011718970164,
                        36.183603710904968
                    ],
                    [
                        -86.822921489507777,
                        36.18421554874255
                    ],
                    [
                        -86.822791996929737,
                        36.185207665366789
                    ],
                    [
                        -86.822812003149039,
                        36.185775257213095
                    ],
                    [
                        -86.822886665836307,
                        36.185901180810639
                    ],
                    [
                        -86.822941917570645,
                        36.185994365656249
                    ],
                    [
                        -86.823134932096337,
                        36.186143909323256
                    ]
                ]
            },
            "properties": {
                "OBJECTID": 13,
                "OnStreet": "28th Ave N",
                "BeginStreet": "Ed Temple Blvd",
                "EndStreet": "Buchanan St",
                "Neighborhood": "Olympic Park HOA",
                "Status": "Completed with vertical measures",
                "CompleteDate": 1717428680000,
                "ConceptDocument": null
            }
        },
        {
            "type": "Feature",
            "id": 15,
            "geometry": {
                "type": "LineString",
                "coordinates": [
                    [
                        -86.828666385528123,
                        36.143404282271327
                    ],
                    [
                        -86.829200046346102,
                        36.14030783022892
                    ]
                ]
            },
            "properties": {
                "OBJECTID": 15,
                "OnStreet": "37th Ave N",
                "BeginStreet": "Pilcher Ave",
                "EndStreet": "Murphy Rd",
                "Neighborhood": "37th Ave N",
                "Status": "Completed with vertical measures",
                "CompleteDate": 1679029200000,
                "ConceptDocument": null
            }
        },
        {
            "type": "Feature",
            "id": 18,
            "geometry": {
                "type": "LineString",
                "coordinates": [
                    [
                        -86.836862676399633,
                        36.148853332406773
                    ],
                    [
                        -86.836705049221493,
                        36.146188830816605
                    ],
                    [
                        -86.836697048951692,
                        36.145298830858664
                    ],
                    [
                        -86.836898049289829,
                        36.144071829851292
                    ],
                    [
                        -86.83741504937467,
                        36.140931829866226
                    ]
                ]
            },
            "properties": {
                "OBJECTID": 18,
                "OnStreet": "42nd Ave N",
                "BeginStreet": "Nevada Ave",
                "EndStreet": "Murphy Rd",
                "Neighborhood": "Sylvan Park East",
                "Status": "Completed with vertical measures",
                "CompleteDate": 1688083762000,
                "ConceptDocument": null
            }
        },
        {
            "type": "Feature",
            "id": 23,
            "geometry": {
                "type": "LineString",
                "coordinates": [
                    [
                        -86.791417614016012,
                        36.180520092351564
                    ],
                    [
                        -86.789811155318262,
                        36.177977841132801
                    ],
                    [
                        -86.788563977117207,
                        36.176063110266398
                    ],
                    [
                        -86.787425719335531,
                        36.1742918140705
                    ]
                ]
            },
            "properties": {
                "OBJECTID": 23,
                "OnStreet": "5th Ave N",
                "BeginStreet": "Hume St",
                "EndStreet": "Jefferson St",
                "Neighborhood": "Historic Germantown",
                "Status": "Completed with vertical measures",
                "CompleteDate": 1737385614000,
                "ConceptDocument": null
            }
        },
        {
            "type": "Feature",
            "id": 25,
            "geometry": {
                "type": "LineString",
                "coordinates": [
                    [
                        -86.799304246040791,
                        36.178914663752536
                    ],
                    [
                        -86.798549577772846,
                        36.178363835137908
                    ],
                    [
                        -86.796528732316034,
                        36.176878202297281
                    ],
                    [
                        -86.795092671729876,
                        36.175838518607222
                    ]
                ]
            },
            "properties": {
                "OBJECTID": 25,
                "OnStreet": "9th Ave N",
                "BeginStreet": "Garfield St",
                "EndStreet": "Taylor St",
                "Neighborhood": "Historic Buena Vista",
                "Status": "Completed with vertical measures",
                "CompleteDate": 1710854633000,
                "ConceptDocument": null
            }
        },
        {
            "type": "Feature",
            "id": 33,
            "geometry": {
                "type": "MultiLineString",
                "coordinates": [
                    [
                        [
                            -86.689635127626531,
                            36.272172153971972
                        ],
                        [
                            -86.68456963203721,
                            36.272075116835865
                        ]
                    ],
                    [
                        [
                            -86.710049677617647,
                            36.273455266230116
                        ],
                        [
                            -86.70975053707231,
                            36.273419251549527
                        ],
                        [
                            -86.70624510124145,
                            36.27330175087959
                        ],
                        [
                            -86.705006247634884,
                            36.273232526375608
                        ],
                        [
                            -86.704214704688823,
                            36.273171671577067
                        ],
                        [
                            -86.702751010163681,
                            36.273091601388828
                        ],
                        [
                            -86.700983798741532,
                            36.272959020728301
                        ],
                        [
                            -86.699005190594619,
                            36.272864950934682
                        ],
                        [
                            -86.698256052438865,
                            36.272835173103985
                        ],
                        [
                            -86.696839764728765,
                            36.272711492769233
                        ],
                        [
                            -86.696558516631299,
                            36.272683813034313
                        ],
                        [
                            -86.696154357167458,
                            36.272630973402421
                        ],
                        [
                            -86.695200704341232,
                            36.272586787429383
                        ],
                        [
                            -86.694657056075357,
                            36.272569576026115
                        ],
                        [
                            -86.694182472076022,
                            36.272528315289691
                        ],
                        [
                            -86.693842980449702,
                            36.272499590276752
                        ],
                        [
                            -86.693641255837036,
                            36.272481290499826
                        ],
                        [
                            -86.693314916783137,
                            36.27253398185421
                        ],
                        [
                            -86.691949005752662,
                            36.272382943443901
                        ],
                        [
                            -86.690666049740301,
                            36.272277885103541
                        ],
                        [
                            -86.689634699631767,
                            36.272172979242178
                        ]
                    ]
                ]
            },
            "properties": {
                "OBJECTID": 33,
                "OnStreet": "Anderson Ln",
                "BeginStreet": "Gallatin Pike",
                "EndStreet": "Rio Vista Dr",
                "Neighborhood": "Anderson-Roosevelt",
                "Status": "Completed with vertical measures",
                "CompleteDate": 1730559553000,
                "ConceptDocument": null
            }
        },
        {
            "type": "Feature",
            "id": 36,
            "geometry": {
                "type": "LineString",
                "coordinates": [
                    [
                        -86.878367725203319,
                        36.158639738169178
                    ],
                    [
                        -86.87968064230472,
                        36.156826701917957
                    ],
                    [
                        -86.880764658189534,
                        36.155403578611185
                    ],
                    [
                        -86.881724051446781,
                        36.1541242046249
                    ],
                    [
                        -86.882520040462893,
                        36.153079064198344
                    ],
                    [
                        -86.882925885437515,
                        36.152539722872334
                    ],
                    [
                        -86.883185435382245,
                        36.152222363710372
                    ],
                    [
                        -86.884049869944235,
                        36.151066140496901
                    ],
                    [
                        -86.884300238408883,
                        36.150736255117444
                    ],
                    [
                        -86.885032317126715,
                        36.149762531903754
                    ],
                    [
                        -86.885189363008706,
                        36.149569539565483
                    ],
                    [
                        -86.885597871713628,
                        36.14901918052702
                    ],
                    [
                        -86.885700425862225,
                        36.148850396528324
                    ],
                    [
                        -86.885810229799716,
                        36.148749549178476
                    ],
                    [
                        -86.886015136044435,
                        36.148520492857919
                    ],
                    [
                        -86.886154784532152,
                        36.148387606292246
                    ],
                    [
                        -86.88642678979447,
                        36.148151645635544
                    ],
                    [
                        -86.886906311010804,
                        36.147895388256153
                    ],
                    [
                        -86.887344180332477,
                        36.147675604577209
                    ],
                    [
                        -86.887823906244634,
                        36.147412931152957
                    ],
                    [
                        -86.888013270553273,
                        36.147284026139353
                    ],
                    [
                        -86.888210929175898,
                        36.147164903567365
                    ],
                    [
                        -86.888395152092272,
                        36.147005359747233
                    ],
                    [
                        -86.888707653862099,
                        36.146782373302827
                    ],
                    [
                        -86.888926492735905,
                        36.146538329035089
                    ],
                    [
                        -86.889095713295973,
                        36.146249321774064
                    ],
                    [
                        -86.889239912055885,
                        36.145893652338216
                    ],
                    [
                        -86.889322216580382,
                        36.145606429832938
                    ],
                    [
                        -86.889366765668356,
                        36.145451118749662
                    ],
                    [
                        -86.889446040502804,
                        36.145095011792797
                    ],
                    [
                        -86.889469971035965,
                        36.144988842751623
                    ],
                    [
                        -86.889477283790185,
                        36.144785044891321
                    ],
                    [
                        -86.88947412596535,
                        36.144578805120865
                    ],
                    [
                        -86.889453577936152,
                        36.144407491159413
                    ],
                    [
                        -86.889359559251446,
                        36.144027021783423
                    ],
                    [
                        -86.889230744145195,
                        36.143739981573766
                    ],
                    [
                        -86.889139456611019,
                        36.143603069869151
                    ],
                    [
                        -86.888996500567757,
                        36.143388932921638
                    ],
                    [
                        -86.888728896514209,
                        36.143083227023027
                    ],
                    [
                        -86.888517100913901,
                        36.142921791628282
                    ],
                    [
                        -86.888240598114947,
                        36.14272855277946
                    ],
                    [
                        -86.887974036310254,
                        36.142565917108648
                    ],
                    [
                        -86.887423395218875,
                        36.142390260556716
                    ],
                    [
                        -86.887240700018353,
                        36.142332083396198
                    ],
                    [
                        -86.886683830412977,
                        36.142154409851386
                    ],
                    [
                        -86.886120937400577,
                        36.142018441594658
                    ]
                ]
            },
            "properties": {
                "OBJECTID": 36,
                "OnStreet": "Annex Ave",
                "BeginStreet": "Robertson Ave",
                "EndStreet": "Charlotte Pike",
                "Neighborhood": "Annex",
                "Status": "Completed with vertical measures",
                "CompleteDate": 1717855185000,
                "ConceptDocument": null
            }
        },
        {
            "type": "Feature",
            "id": 39,
            "geometry": {
                "type": "LineString",
                "coordinates": [
                    [
                        -86.687500200650504,
                        36.272125851279206
                    ],
                    [
                        -86.687543874554834,
                        36.271587883397679
                    ],
                    [
                        -86.687471923028653,
                        36.271179909500653
                    ],
                    [
                        -86.687214174021562,
                        36.270796570254859
                    ],
                    [
                        -86.686531023714963,
                        36.270288371543245
                    ],
                    [
                        -86.686021929360692,
                        36.269737060905435
                    ],
                    [
                        -86.685912431450944,
                        36.269235902132948
                    ],
                    [
                        -86.685979302846462,
                        36.268666212610192
                    ],
                    [
                        -86.686065746638391,
                        36.268136928724488
                    ],
                    [
                        -86.686317507450127,
                        36.267536659166204
                    ],
                    [
                        -86.686642481560355,
                        36.267067140797145
                    ],
                    [
                        -86.686832278619207,
                        36.266298053498986
                    ],
                    [
                        -86.687008004762049,
                        36.264949662816719
                    ],
                    [
                        -86.687140275433805,
                        36.263740928148117
                    ]
                ]
            },
            "properties": {
                "OBJECTID": 39,
                "OnStreet": "Archwood Dr",
                "BeginStreet": "Anderson Ln",
                "EndStreet": "Burwood Ave",
                "Neighborhood": "Rio Vista Dr",
                "Status": "Completed with vertical measures",
                "CompleteDate": 1688688612000,
                "ConceptDocument": null
            }
        },
        {
            "type": "Feature",
            "id": 40,
            "geometry": {
                "type": "LineString",
                "coordinates": [
                    [
                        -86.727483020986753,
                        36.219640645185024
                    ],
                    [
                        -86.726915171880393,
                        36.219373073051663
                    ],
                    [
                        -86.718521841741477,
                        36.2148655575701
                    ],
                    [
                        -86.717230981986845,
                        36.214177930508249
                    ],
                    [
                        -86.716761810012002,
                        36.213870530918356
                    ],
                    [
                        -86.716364753103576,
                        36.213446640234281
                    ],
                    [
                        -86.714871539528389,
                        36.211349894781122
                    ],
                    [
                        -86.713644287231162,
                        36.209637972954098
                    ]
                ]
            },
            "properties": {
                "OBJECTID": 40,
                "OnStreet": "Ardee Ave",
                "BeginStreet": "Gallatin Pike",
                "EndStreet": "McGavock Pike",
                "Neighborhood": "Inglewood Association",
                "Status": "Completed with vertical measures",
                "CompleteDate": 1715787054000,
                "ConceptDocument": null
            }
        },
        {
            "type": "Feature",
            "id": 41,
            "geometry": {
                "type": "LineString",
                "coordinates": [
                    [
                        -86.623698179699787,
                        36.042591095076872
                    ],
                    [
                        -86.624720717493815,
                        36.042646921794329
                    ],
                    [
                        -86.626668257732092,
                        36.043722840834533
                    ],
                    [
                        -86.62748698266077,
                        36.044658819420597
                    ],
                    [
                        -86.628408587810824,
                        36.045288338674304
                    ]
                ]
            },
            "properties": {
                "OBJECTID": 41,
                "OnStreet": "Asheford Trace",
                "BeginStreet": "Mt View Rd",
                "EndStreet": "Murphywood Crossing",
                "Neighborhood": "Asheford Crossing",
                "Status": "Completed with vertical measures",
                "CompleteDate": 1758551999000,
                "ConceptDocument": null
            }
        },
        {
            "type": "Feature",
            "id": 52,
            "geometry": {
                "type": "LineString",
                "coordinates": [
                    [
                        -86.759310676268029,
                        36.06825919737107
                    ],
                    [
                        -86.759016058304752,
                        36.068175433908372
                    ],
                    [
                        -86.758624236824375,
                        36.068087949909163
                    ],
                    [
                        -86.758311031025187,
                        36.068018018437279
                    ],
                    [
                        -86.757689924525991,
                        36.068026502651591
                    ],
                    [
                        -86.7572048892726,
                        36.068140581219588
                    ],
                    [
                        -86.756973893244563,
                        36.068164009075396
                    ],
                    [
                        -86.756423680255779,
                        36.068125798177732
                    ],
                    [
                        -86.755714409625213,
                        36.067907041593379
                    ],
                    [
                        -86.754322582583512,
                        36.067430889846221
                    ],
                    [
                        -86.753608817861988,
                        36.067198298015704
                    ],
                    [
                        -86.753059113840791,
                        36.067019164608524
                    ],
                    [
                        -86.752645634718661,
                        36.06703708518166
                    ],
                    [
                        -86.752288659313834,
                        36.067126306035817
                    ],
                    [
                        -86.750926153594349,
                        36.067153344751041
                    ],
                    [
                        -86.750112978399926,
                        36.067093821376005
                    ],
                    [
                        -86.749370706490708,
                        36.067053139349611
                    ],
                    [
                        -86.748855727356144,
                        36.067012385650521
                    ],
                    [
                        -86.748397267962915,
                        36.067074754078511
                    ],
                    [
                        -86.748104217708899,
                        36.067155782070827
                    ],
                    [
                        -86.747693060348752,
                        36.067330716371885
                    ],
                    [
                        -86.747277993919468,
                        36.067629980180442
                    ],
                    [
                        -86.746993157788523,
                        36.068015199950551
                    ],
                    [
                        -86.746898217654262,
                        36.068264175373919
                    ],
                    [
                        -86.746662410407794,
                        36.068826051329872
                    ],
                    [
                        -86.746476528532327,
                        36.069089783122116
                    ],
                    [
                        -86.746268688502909,
                        36.069297562449599
                    ]
                ]
            },
            "properties": {
                "OBJECTID": 52,
                "OnStreet": "Barrywood Dr",
                "BeginStreet": "Trousdale Dr",
                "EndStreet": "Briarwood Dr",
                "Neighborhood": "N Crieve Hall",
                "Status": "Completed with vertical measures",
                "CompleteDate": 1714569186000,
                "ConceptDocument": null
            }
        },
        {
            "type": "Feature",
            "id": 61,
            "geometry": {
                "type": "LineString",
                "coordinates": [
                    [
                        -86.715820851643656,
                        36.093250286809933
                    ],
                    [
                        -86.716194594416578,
                        36.09312627829889
                    ],
                    [
                        -86.716454849360915,
                        36.092991497605382
                    ],
                    [
                        -86.716800393953065,
                        36.092743578016126
                    ],
                    [
                        -86.716996379776532,
                        36.092551030179166
                    ],
                    [
                        -86.717131351406422,
                        36.092379906945446
                    ],
                    [
                        -86.71729961234719,
                        36.092084506977734
                    ],
                    [
                        -86.717370493787087,
                        36.091875305193128
                    ],
                    [
                        -86.717418952320159,
                        36.091525675559318
                    ],
                    [
                        -86.717386191444888,
                        36.091177444820168
                    ],
                    [
                        -86.717265082733064,
                        36.090821956146534
                    ],
                    [
                        -86.717060582103798,
                        36.090397080571165
                    ],
                    [
                        -86.716877896258381,
                        36.090017523875986
                    ],
                    [
                        -86.716684894093902,
                        36.089539757793979
                    ],
                    [
                        -86.716709499429896,
                        36.089140822080118
                    ],
                    [
                        -86.716786591631816,
                        36.088963632263194
                    ],
                    [
                        -86.717090202280104,
                        36.088571736649762
                    ]
                ]
            },
            "properties": {
                "OBJECTID": 61,
                "OnStreet": "Benita Dr",
                "BeginStreet": "Paragon Mills Rd",
                "EndStreet": "Scotwood Dr",
                "Neighborhood": "Benita Dr",
                "Status": "Completed with vertical measures",
                "CompleteDate": 1707235262000,
                "ConceptDocument": null
            }
        },
        {
            "type": "Feature",
            "id": 66,
            "geometry": {
                "type": "LineString",
                "coordinates": [
                    [
                        -86.811840040874401,
                        36.131532829156875
                    ],
                    [
                        -86.801970148465074,
                        36.130396023172956
                    ]
                ]
            },
            "properties": {
                "OBJECTID": 66,
                "OnStreet": "Blair Blvd",
                "BeginStreet": "Natchez Trace",
                "EndStreet": "21st Ave S",
                "Neighborhood": "HWEN",
                "Status": "Completed with vertical measures",
                "CompleteDate": 1745590807000,
                "ConceptDocument": null
            }
        },
        {
            "type": "Feature",
            "id": 71,
            "geometry": {
                "type": "LineString",
                "coordinates": [
                    [
                        -86.713054389043648,
                        36.025477286342515
                    ],
                    [
                        -86.714440821370573,
                        36.025500534179805
                    ],
                    [
                        -86.715002787829562,
                        36.02543300196929
                    ],
                    [
                        -86.715423746854299,
                        36.025330003063551
                    ],
                    [
                        -86.715726166255564,
                        36.02524870984923
                    ],
                    [
                        -86.716051118243399,
                        36.025211002007588
                    ],
                    [
                        -86.716757522324812,
                        36.025249111873208
                    ],
                    [
                        -86.717259744680248,
                        36.025260022721639
                    ],
                    [
                        -86.717717215495568,
                        36.025150990445709
                    ],
                    [
                        -86.718136496570779,
                        36.024980083875661
                    ],
                    [
                        -86.718579117735558,
                        36.024899002187972
                    ],
                    [
                        -86.720226997392587,
                        36.025037885942304
                    ],
                    [
                        -86.720385812670145,
                        36.02502342959211
                    ],
                    [
                        -86.720696775465512,
                        36.024942818144645
                    ],
                    [
                        -86.720926539161297,
                        36.024827436707497
                    ],
                    [
                        -86.721254543326495,
                        36.024637293651431
                    ],
                    [
                        -86.721354625606097,
                        36.024579232301839
                    ],
                    [
                        -86.721661591847763,
                        36.024462242515838
                    ],
                    [
                        -86.722040414430538,
                        36.024375726759935
                    ],
                    [
                        -86.722356009009061,
                        36.024346811337978
                    ],
                    [
                        -86.722853678398806,
                        36.024368789553051
                    ],
                    [
                        -86.723324576163051,
                        36.024397555486907
                    ]
                ]
            },
            "properties": {
                "OBJECTID": 71,
                "OnStreet": "Bradford Hills Dr",
                "BeginStreet": "Cobble St",
                "EndStreet": "Nolensville Pike",
                "Neighborhood": "Bradford Hills",
                "Status": "Completed with vertical measures",
                "CompleteDate": 1737386216000,
                "ConceptDocument": null
            }
        },
        {
            "type": "Feature",
            "id": 75,
            "geometry": {
                "type": "LineString",
                "coordinates": [
                    [
                        -86.738151015387061,
                        36.0660438189568
                    ],
                    [
                        -86.737554015249486,
                        36.065735819391222
                    ],
                    [
                        -86.737033015075909,
                        36.065069819007732
                    ],
                    [
                        -86.736536014725758,
                        36.064032818962161
                    ],
                    [
                        -86.736302954996674,
                        36.06341633972194
                    ],
                    [
                        -86.735929201610446,
                        36.063094460054607
                    ],
                    [
                        -86.735692747094717,
                        36.063014634245803
                    ],
                    [
                        -86.734449438907276,
                        36.062935452929594
                    ],
                    [
                        -86.733533013815858,
                        36.062678818689612
                    ],
                    [
                        -86.732337050510182,
                        36.061621897341588
                    ],
                    [
                        -86.731026859387711,
                        36.060154181289725
                    ],
                    [
                        -86.728156012022382,
                        36.058257817507958
                    ],
                    [
                        -86.727341276390121,
                        36.05735127693579
                    ],
                    [
                        -86.725839206640188,
                        36.056464765423797
                    ],
                    [
                        -86.723015187580145,
                        36.05548561944493
                    ]
                ]
            },
            "properties": {
                "OBJECTID": 75,
                "OnStreet": "Brewer Dr",
                "BeginStreet": "Edmondson Pike",
                "EndStreet": "McMurray Dr",
                "Neighborhood": "Brewer-McMurray Hills",
                "Status": "Completed with vertical measures",
                "CompleteDate": 1648789200000,
                "ConceptDocument": null
            }
        },
        {
            "type": "Feature",
            "id": 80,
            "geometry": {
                "type": "LineString",
                "coordinates": [
                    [
                        -86.710392610157427,
                        36.216060684365836
                    ],
                    [
                        -86.71073231393072,
                        36.216895840296608
                    ],
                    [
                        -86.710687017836662,
                        36.217481850858107
                    ],
                    [
                        -86.710611785685586,
                        36.217758198091133
                    ],
                    [
                        -86.710500196885846,
                        36.218231341838546
                    ],
                    [
                        -86.710560705278354,
                        36.218583977972493
                    ],
                    [
                        -86.711315597956826,
                        36.22013681028394
                    ],
                    [
                        -86.711723018445028,
                        36.221017851118646
                    ],
                    [
                        -86.711634018707286,
                        36.221464851387978
                    ],
                    [
                        -86.711089018288348,
                        36.221984851681839
                    ],
                    [
                        -86.710686078078794,
                        36.222359930752155
                    ],
                    [
                        -86.710378268788801,
                        36.222785468705624
                    ],
                    [
                        -86.7102520180879,
                        36.223221851931591
                    ],
                    [
                        -86.710888470462891,
                        36.225082175796352
                    ],
                    [
                        -86.712016717222639,
                        36.227264441883079
                    ],
                    [
                        -86.713899845923819,
                        36.230685946497815
                    ],
                    [
                        -86.714375826827407,
                        36.232272276904958
                    ]
                ]
            },
            "properties": {
                "OBJECTID": 80,
                "OnStreet": "Brush Hill Rd",
                "BeginStreet": "Haysboro Ave",
                "EndStreet": "McGavock Pike",
                "Neighborhood": "Brush Hill",
                "Status": "Completed with vertical measures",
                "CompleteDate": 1733241634000,
                "ConceptDocument": null
            }
        },
        {
            "type": "Feature",
            "id": 85,
            "geometry": {
                "type": "LineString",
                "coordinates": [
                    [
                        -86.729710083070131,
                        36.195204271485082
                    ],
                    [
                        -86.729179974435141,
                        36.198737877423994
                    ],
                    [
                        -86.72890879626199,
                        36.201131038973571
                    ]
                ]
            },
            "properties": {
                "OBJECTID": 85,
                "OnStreet": "Burns St",
                "BeginStreet": "Litton Ave",
                "EndStreet": "Cahal Ave",
                "Neighborhood": "Litton-Burns",
                "Status": "Completed with vertical measures",
                "CompleteDate": 1707748055000,
                "ConceptDocument": null
            }
        },
        {
            "type": "Feature",
            "id": 86,
            "geometry": {
                "type": "LineString",
                "coordinates": [
                    [
                        -86.729383050365712,
                        36.227530304779037
                    ],
                    [
                        -86.729860452472508,
                        36.223120747241367
                    ],
                    [
                        -86.729924933886991,
                        36.222452679102098
                    ],
                    [
                        -86.730178277435712,
                        36.221840698657516
                    ],
                    [
                        -86.731379061250962,
                        36.219296254204167
                    ],
                    [
                        -86.732398316544462,
                        36.217496881628577
                    ],
                    [
                        -86.734002321569847,
                        36.215293339655247
                    ],
                    [
                        -86.733671348915379,
                        36.21514273787465
                    ],
                    [
                        -86.734554384872467,
                        36.213897393009994
                    ],
                    [
                        -86.735260758302601,
                        36.212897297179978
                    ]
                ]
            },
            "properties": {
                "OBJECTID": 86,
                "OnStreet": "Burrus St",
                "BeginStreet": "Maplewood Ln",
                "EndStreet": "Hart Ln",
                "Neighborhood": "Maplewood Neighborhood",
                "Status": "Completed with vertical measures",
                "CompleteDate": 1737385570000,
                "ConceptDocument": null
            }
        },
        {
            "type": "Feature",
            "id": 89,
            "geometry": {
                "type": "LineString",
                "coordinates": [
                    [
                        -86.780526406626237,
                        36.105051391686651
                    ],
                    [
                        -86.78386749303175,
                        36.105429698754257
                    ],
                    [
                        -86.794704039114535,
                        36.10657349030506
                    ]
                ]
            },
            "properties": {
                "OBJECTID": 89,
                "OnStreet": "Caldwell Ln",
                "BeginStreet": "Granny White Pike",
                "EndStreet": "Crestridge Dr",
                "Neighborhood": "Caldwell",
                "Status": "Completed with vertical measures",
                "CompleteDate": 1758292826000,
                "ConceptDocument": null
            }
        },
        {
            "type": "Feature",
            "id": 95,
            "geometry": {
                "type": "LineString",
                "coordinates": [
                    [
                        -86.588264060919741,
                        36.218492544713129
                    ],
                    [
                        -86.588646166811856,
                        36.218590032489303
                    ],
                    [
                        -86.588737124607533,
                        36.218626902429918
                    ],
                    [
                        -86.588823062172352,
                        36.218672496481382
                    ],
                    [
                        -86.58890058558319,
                        36.218726142652542
                    ],
                    [
                        -86.589026410781557,
                        36.218855095451204
                    ],
                    [
                        -86.589072722593968,
                        36.218928580487237
                    ],
                    [
                        -86.589528988278644,
                        36.219766935004316
                    ],
                    [
                        -86.589748676364223,
                        36.220170815436504
                    ],
                    [
                        -86.589795365752025,
                        36.220256888699033
                    ],
                    [
                        -86.589822006063287,
                        36.220306204412722
                    ],
                    [
                        -86.589877905918556,
                        36.220415124238443
                    ],
                    [
                        -86.589983711655265,
                        36.220624524101979
                    ],
                    [
                        -86.590032806354145,
                        36.220730043353377
                    ],
                    [
                        -86.590061254402841,
                        36.220794458617263
                    ],
                    [
                        -86.590103103299711,
                        36.220951291260647
                    ],
                    [
                        -86.590171997805513,
                        36.221325689680825
                    ],
                    [
                        -86.590193024706281,
                        36.221417840867687
                    ],
                    [
                        -86.590220816436926,
                        36.221507897848745
                    ],
                    [
                        -86.590255371320993,
                        36.221595632613493
                    ],
                    [
                        -86.590298401451804,
                        36.221683325945726
                    ],
                    [
                        -86.59034648270314,
                        36.221766416258966
                    ],
                    [
                        -86.590401337395122,
                        36.221848558680747
                    ],
                    [
                        -86.590460099561255,
                        36.221924271433927
                    ],
                    [
                        -86.590788529229897,
                        36.222322810906839
                    ],
                    [
                        -86.590917083181949,
                        36.222475555526714
                    ],
                    [
                        -86.591062192066872,
                        36.222650881642167
                    ],
                    [
                        -86.591284171735182,
                        36.222943036990962
                    ],
                    [
                        -86.591433397120483,
                        36.223177632537649
                    ],
                    [
                        -86.591492682812301,
                        36.223285390390366
                    ],
                    [
                        -86.591580011728183,
                        36.223440854223739
                    ],
                    [
                        -86.591677478717088,
                        36.223667461974067
                    ],
                    [
                        -86.591726222629205,
                        36.223801138799516
                    ],
                    [
                        -86.591770059768592,
                        36.223920875791698
                    ],
                    [
                        -86.59184091171916,
                        36.224177601714572
                    ],
                    [
                        -86.591862596891701,
                        36.224281880945895
                    ],
                    [
                        -86.5918945563092,
                        36.224437844734226
                    ],
                    [
                        -86.591925058836765,
                        36.22470140684262
                    ],
                    [
                        -86.591934937801497,
                        36.224965069994958
                    ],
                    [
                        -86.591926453137305,
                        36.225228822219037
                    ],
                    [
                        -86.591895640861807,
                        36.225491540160029
                    ],
                    [
                        -86.591881614519622,
                        36.225580657006333
                    ],
                    [
                        -86.591856815297476,
                        36.225740561509348
                    ],
                    [
                        -86.591652487524641,
                        36.227096057652119
                    ],
                    [
                        -86.591517820643205,
                        36.227943018956942
                    ],
                    [
                        -86.591345471847262,
                        36.228927971341101
                    ]
                ]
            },
            "properties": {
                "OBJECTID": 95,
                "OnStreet": "Cascade Dr",
                "BeginStreet": "Saundersville Rd",
                "EndStreet": "Big Horn Dr",
                "Neighborhood": "Sherwood Forest",
                "Status": "Completed with vertical measures",
                "CompleteDate": 1716565062000,
                "ConceptDocument": null
            }
        },
        {
            "type": "Feature",
            "id": 96,
            "geometry": {
                "type": "LineString",
                "coordinates": [
                    [
                        -86.61483945286956,
                        36.089135766454525
                    ],
                    [
                        -86.615401528093969,
                        36.088604104159671
                    ],
                    [
                        -86.615243492988697,
                        36.088447415355986
                    ],
                    [
                        -86.614688475304547,
                        36.087937695773938
                    ],
                    [
                        -86.614401295255661,
                        36.087565096505102
                    ],
                    [
                        -86.613672532752346,
                        36.086544957925021
                    ],
                    [
                        -86.613141295720737,
                        36.085383532160002
                    ],
                    [
                        -86.612906816978423,
                        36.084866383885199
                    ],
                    [
                        -86.612714762814733,
                        36.084246258631595
                    ],
                    [
                        -86.612496633175951,
                        36.08327258993188
                    ],
                    [
                        -86.612304511964069,
                        36.082539418762394
                    ],
                    [
                        -86.612140389154206,
                        36.082175345729823
                    ],
                    [
                        -86.612023829359728,
                        36.082011631017828
                    ],
                    [
                        -86.611666166686646,
                        36.081607043005562
                    ],
                    [
                        -86.6106114330709,
                        36.080805602830551
                    ],
                    [
                        -86.60967002121626,
                        36.080093170076665
                    ],
                    [
                        -86.609158187494018,
                        36.079728353258524
                    ],
                    [
                        -86.608888285364955,
                        36.079492306625177
                    ],
                    [
                        -86.608702137993006,
                        36.079281273301923
                    ],
                    [
                        -86.608122227736757,
                        36.078571968668228
                    ],
                    [
                        -86.607883601454276,
                        36.078327283669303
                    ],
                    [
                        -86.60773254557472,
                        36.078212290501519
                    ],
                    [
                        -86.607517402988606,
                        36.078105322425209
                    ],
                    [
                        -86.607078580558024,
                        36.07799192600821
                    ]
                ]
            },
            "properties": {
                "OBJECTID": 96,
                "OnStreet": "Castlegate Dr",
                "BeginStreet": "Smith Springs Rd",
                "EndStreet": "Anderson Rd",
                "Neighborhood": "Castlegate",
                "Status": "Completed with vertical measures",
                "CompleteDate": 1677132000000,
                "ConceptDocument": null
            }
        },
        {
            "type": "Feature",
            "id": 97,
            "geometry": {
                "type": "LineString",
                "coordinates": [
                    [
                        -86.820603924727877,
                        36.099309925798345
                    ],
                    [
                        -86.820193541817972,
                        36.098648359681427
                    ],
                    [
                        -86.819918698703205,
                        36.097933202050143
                    ],
                    [
                        -86.819560891468967,
                        36.097465651506504
                    ],
                    [
                        -86.818674112331209,
                        36.097197176201675
                    ],
                    [
                        -86.81731230242103,
                        36.097214865283362
                    ],
                    [
                        -86.816781601387177,
                        36.097249716834575
                    ],
                    [
                        -86.809341530009149,
                        36.096539022934358
                    ]
                ]
            },
            "properties": {
                "OBJECTID": 97,
                "OnStreet": "Castleman Dr",
                "BeginStreet": "Lone Oak Rd",
                "EndStreet": "Belmont Park Terrace",
                "Neighborhood": "Overhill-Castleman",
                "Status": "Completed with vertical measures",
                "CompleteDate": 1677564000000,
                "ConceptDocument": null
            }
        },
        {
            "type": "Feature",
            "id": 98,
            "geometry": {
                "type": "LineString",
                "coordinates": [
                    [
                        -86.87082110431956,
                        36.219077714646801
                    ],
                    [
                        -86.870399130133293,
                        36.219035430118872
                    ],
                    [
                        -86.870181085422956,
                        36.219014795994234
                    ],
                    [
                        -86.869869660786577,
                        36.218954544014601
                    ],
                    [
                        -86.869680479363041,
                        36.218886543428368
                    ],
                    [
                        -86.86956254611114,
                        36.218783988899268
                    ],
                    [
                        -86.869399810623619,
                        36.218642473427657
                    ],
                    [
                        -86.869277013485402,
                        36.218470751063983
                    ],
                    [
                        -86.867786177887552,
                        36.215710907364461
                    ],
                    [
                        -86.86744632939903,
                        36.215086263208271
                    ],
                    [
                        -86.866893613734462,
                        36.214271609630686
                    ],
                    [
                        -86.866745877061291,
                        36.21403985646117
                    ],
                    [
                        -86.866583310250945,
                        36.213639952569864
                    ],
                    [
                        -86.866466295352808,
                        36.213272228402907
                    ],
                    [
                        -86.866265844910004,
                        36.212533105859528
                    ],
                    [
                        -86.866213632076452,
                        36.212382391553405
                    ],
                    [
                        -86.866162687502992,
                        36.211907973665326
                    ],
                    [
                        -86.866132183659246,
                        36.211753212838211
                    ],
                    [
                        -86.866069289081423,
                        36.211581286286432
                    ],
                    [
                        -86.86597526886132,
                        36.211378677637484
                    ],
                    [
                        -86.865893977486294,
                        36.21115171289766
                    ],
                    [
                        -86.865730862047428,
                        36.210493587524134
                    ],
                    [
                        -86.865365133062383,
                        36.209051713047032
                    ]
                ]
            },
            "properties": {
                "OBJECTID": 98,
                "OnStreet": "Cato Rd",
                "BeginStreet": "Gilmore Crossing Ln",
                "EndStreet": "Ashland City Hwy",
                "Neighborhood": "Cato Road",
                "Status": "Completed with vertical measures",
                "CompleteDate": 1715260552000,
                "ConceptDocument": null
            }
        },
        {
            "type": "Feature",
            "id": 101,
            "geometry": {
                "type": "LineString",
                "coordinates": [
                    [
                        -86.707466796449253,
                        36.068429019198213
                    ],
                    [
                        -86.707405999838599,
                        36.069269512539918
                    ],
                    [
                        -86.707405164801187,
                        36.069677719769075
                    ],
                    [
                        -86.707385955302826,
                        36.070370566206115
                    ],
                    [
                        -86.707387027053258,
                        36.070775989783051
                    ],
                    [
                        -86.707396617986532,
                        36.070910431461378
                    ],
                    [
                        -86.707444275704148,
                        36.071283413818946
                    ],
                    [
                        -86.707505464371195,
                        36.071504884523449
                    ]
                ]
            },
            "properties": {
                "OBJECTID": 101,
                "OnStreet": "Chambers Dr",
                "BeginStreet": "Leo Ln",
                "EndStreet": "Haywood Ln",
                "Neighborhood": "Haywood Heights",
                "Status": "Completed with vertical measures",
                "CompleteDate": 1664237760000,
                "ConceptDocument": null
            }
        },
        {
            "type": "Feature",
            "id": 105,
            "geometry": {
                "type": "LineString",
                "coordinates": [
                    [
                        -86.799680644788467,
                        36.174068170405334
                    ],
                    [
                        -86.799142961898426,
                        36.174536215340865
                    ],
                    [
                        -86.798738311502888,
                        36.174896928775645
                    ],
                    [
                        -86.798263439377735,
                        36.175322661232144
                    ]
                ]
            },
            "properties": {
                "OBJECTID": 105,
                "OnStreet": "Cheatham Pl",
                "BeginStreet": "11th Ave N",
                "EndStreet": "Arthur Ave",
                "Neighborhood": "Historic Buena Vista",
                "Status": "Completed with vertical measures",
                "CompleteDate": 1710767756000,
                "ConceptDocument": null
            }
        },
        {
            "type": "Feature",
            "id": 109,
            "geometry": {
                "type": "LineString",
                "coordinates": [
                    [
                        -86.754365637882529,
                        36.18529728484161
                    ],
                    [
                        -86.753868805458922,
                        36.185256205766251
                    ],
                    [
                        -86.752867389953565,
                        36.185160585310115
                    ],
                    [
                        -86.752082509345328,
                        36.185088331221735
                    ],
                    [
                        -86.751026563507892,
                        36.184989143566703
                    ],
                    [
                        -86.750014400877888,
                        36.184891048211654
                    ],
                    [
                        -86.748692226807691,
                        36.184768082768691
                    ],
                    [
                        -86.747977799079408,
                        36.184709787082298
                    ]
                ]
            },
            "properties": {
                "OBJECTID": 109,
                "OnStreet": "Chicamauga Ave",
                "BeginStreet": "McFerrin Ave",
                "EndStreet": "Gallatin Pike",
                "Neighborhood": "Greenwood",
                "Status": "Completed with vertical measures",
                "CompleteDate": 1714569099000,
                "ConceptDocument": null
            }
        },
        {
            "type": "Feature",
            "id": 110,
            "geometry": {
                "type": "LineString",
                "coordinates": [
                    [
                        -86.758375377361986,
                        36.201043629423857
                    ],
                    [
                        -86.75432669095575,
                        36.200327999223155
                    ],
                    [
                        -86.752411360542979,
                        36.199962230956295
                    ],
                    [
                        -86.751835830583758,
                        36.199852271712771
                    ],
                    [
                        -86.751715576633714,
                        36.199829441689701
                    ],
                    [
                        -86.751571834854644,
                        36.199801950432452
                    ],
                    [
                        -86.751483512371536,
                        36.19978075277966
                    ],
                    [
                        -86.751307432395677,
                        36.199738353765291
                    ],
                    [
                        -86.751106440747009,
                        36.199689927727604
                    ],
                    [
                        -86.750273578449082,
                        36.199487017688547
                    ]
                ]
            },
            "properties": {
                "OBJECTID": 110,
                "OnStreet": "Chickasaw Ave",
                "BeginStreet": "Jones Ave",
                "EndStreet": "Jewel St",
                "Neighborhood": "Chickasaw",
                "Status": "Completed with vertical measures",
                "CompleteDate": 1721316590000,
                "ConceptDocument": null
            }
        },
        {
            "type": "Feature",
            "id": 111,
            "geometry": {
                "type": "LineString",
                "coordinates": [
                    [
                        -86.812277508841589,
                        36.182621996646041
                    ],
                    [
                        -86.809587145420252,
                        36.183303028502053
                    ],
                    [
                        -86.803394298539985,
                        36.184876804687981
                    ],
                    [
                        -86.802057191652807,
                        36.185184896877757
                    ]
                ]
            },
            "properties": {
                "OBJECTID": 111,
                "OnStreet": "Clay St",
                "BeginStreet": "Dr D B Todd Jr Blvd",
                "EndStreet": "Delta Ave",
                "Neighborhood": "Buchanan Arts",
                "Status": "Completed with vertical measures",
                "CompleteDate": 1678856400000,
                "ConceptDocument": null
            }
        },
        {
            "type": "Feature",
            "id": 112,
            "geometry": {
                "type": "LineString",
                "coordinates": [
                    [
                        -86.778986254475782,
                        36.119362482124245
                    ],
                    [
                        -86.784368897742908,
                        36.118585880980092
                    ],
                    [
                        -86.786423014245074,
                        36.118333278220234
                    ],
                    [
                        -86.787184890169456,
                        36.117827419014965
                    ]
                ]
            },
            "properties": {
                "OBJECTID": 112,
                "OnStreet": "Clayton Ave",
                "BeginStreet": "Lealand Ln",
                "EndStreet": "Vaulx Ln",
                "Neighborhood": "Sevier Park",
                "Status": "Completed with vertical measures",
                "CompleteDate": null,
                "ConceptDocument": null
            }
        },
        {
            "type": "Feature",
            "id": 118,
            "geometry": {
                "type": "LineString",
                "coordinates": [
                    [
                        -86.736087890941178,
                        36.109170246918154
                    ],
                    [
                        -86.740062853140003,
                        36.109523190588
                    ],
                    [
                        -86.740133165242,
                        36.109530084720468
                    ],
                    [
                        -86.740270986626129,
                        36.109545721465658
                    ],
                    [
                        -86.740620057615047,
                        36.109585471674613
                    ],
                    [
                        -86.740849906812869,
                        36.109637399522214
                    ],
                    [
                        -86.741399429650684,
                        36.10966241033168
                    ],
                    [
                        -86.741857687898516,
                        36.10970263034158
                    ],
                    [
                        -86.7433496384905,
                        36.109833317271374
                    ],
                    [
                        -86.743665574214134,
                        36.109859069550907
                    ],
                    [
                        -86.743855018807608,
                        36.109874154962583
                    ],
                    [
                        -86.744029693213974,
                        36.109878571720103
                    ],
                    [
                        -86.74428170517055,
                        36.109856642465353
                    ],
                    [
                        -86.744354432430057,
                        36.109850241585434
                    ],
                    [
                        -86.744594678127413,
                        36.109777105088327
                    ]
                ]
            },
            "properties": {
                "OBJECTID": 118,
                "OnStreet": "Collier Ave",
                "BeginStreet": "Nolensville Pike",
                "EndStreet": "Dobbs Ave",
                "Neighborhood": "Dobbs Neighborhood",
                "Status": "Completed with vertical measures",
                "CompleteDate": 1721049359000,
                "ConceptDocument": null
            }
        },
        {
            "type": "Feature",
            "id": 127,
            "geometry": {
                "type": "LineString",
                "coordinates": [
                    [
                        -86.822628202000644,
                        36.10753414847558
                    ],
                    [
                        -86.821788461523255,
                        36.109013357323633
                    ],
                    [
                        -86.8208996571515,
                        36.110288242317537
                    ]
                ]
            },
            "properties": {
                "OBJECTID": 127,
                "OnStreet": "Cross Creek Rd",
                "BeginStreet": "Valley Brook Rd",
                "EndStreet": "Sugartree Rd",
                "Neighborhood": "Woodmont Estates",
                "Status": "Completed with vertical measures",
                "CompleteDate": 1737385466000,
                "ConceptDocument": null
            }
        },
        {
            "type": "Feature",
            "id": 128,
            "geometry": {
                "type": "LineString",
                "coordinates": [
                    [
                        -86.746793053060088,
                        36.284323823925895
                    ],
                    [
                        -86.742121762181071,
                        36.283740018526771
                    ],
                    [
                        -86.740239193415121,
                        36.283216817980446
                    ],
                    [
                        -86.739500983109949,
                        36.28309795094745
                    ],
                    [
                        -86.739060807644677,
                        36.283072715552585
                    ],
                    [
                        -86.73868322065475,
                        36.283149649520553
                    ],
                    [
                        -86.737974554920527,
                        36.283318568099283
                    ],
                    [
                        -86.737663063172917,
                        36.283388685734074
                    ],
                    [
                        -86.737230522816233,
                        36.283454962618386
                    ],
                    [
                        -86.736634866813816,
                        36.283463172323799
                    ],
                    [
                        -86.736055340705434,
                        36.283442437732461
                    ],
                    [
                        -86.735596888139895,
                        36.283489179954877
                    ],
                    [
                        -86.735250135014127,
                        36.283568204652653
                    ],
                    [
                        -86.734654579690087,
                        36.283739849329947
                    ],
                    [
                        -86.734239530153587,
                        36.283893912061849
                    ],
                    [
                        -86.733683427145522,
                        36.284112926320994
                    ],
                    [
                        -86.733134443197812,
                        36.284307171228534
                    ],
                    [
                        -86.732513126749552,
                        36.284415322584238
                    ],
                    [
                        -86.731615215631408,
                        36.284362845320359
                    ]
                ]
            },
            "properties": {
                "OBJECTID": 128,
                "OnStreet": "Cunniff Pkwy",
                "BeginStreet": "Dickerson Pike",
                "EndStreet": "I-65",
                "Neighborhood": "Pleasant Hill",
                "Status": "Completed with vertical measures",
                "CompleteDate": 1709823878000,
                "ConceptDocument": null
            }
        },
        {
            "type": "Feature",
            "id": 129,
            "geometry": {
                "type": "LineString",
                "coordinates": [
                    [
                        -86.718638666588987,
                        36.118878189250523
                    ],
                    [
                        -86.716199296284813,
                        36.118454307459757
                    ],
                    [
                        -86.713845200779161,
                        36.118066041803772
                    ],
                    [
                        -86.713407721359971,
                        36.117955541605689
                    ],
                    [
                        -86.713020220954562,
                        36.117786367871709
                    ],
                    [
                        -86.712788678593853,
                        36.117640538226503
                    ],
                    [
                        -86.712580367148107,
                        36.117473737911098
                    ],
                    [
                        -86.71239951546616,
                        36.117285714945524
                    ],
                    [
                        -86.712250398744828,
                        36.117081021784635
                    ],
                    [
                        -86.711950151169503,
                        36.116478204145793
                    ],
                    [
                        -86.711467873871854,
                        36.115523229654798
                    ],
                    [
                        -86.711250116789799,
                        36.115214549760694
                    ],
                    [
                        -86.710975509974276,
                        36.114700859616946
                    ],
                    [
                        -86.710806691620576,
                        36.114374493063082
                    ]
                ]
            },
            "properties": {
                "OBJECTID": 129,
                "OnStreet": "Currey Rd",
                "BeginStreet": "Thompson Ln",
                "EndStreet": "Glengarry Dr",
                "Neighborhood": "East Thompson",
                "Status": "Completed with vertical measures",
                "CompleteDate": 1675317600000,
                "ConceptDocument": null
            }
        },
        {
            "type": "Feature",
            "id": 134,
            "geometry": {
                "type": "LineString",
                "coordinates": [
                    [
                        -86.794206125462196,
                        36.176633908517353
                    ],
                    [
                        -86.79430624970847,
                        36.176707191501983
                    ],
                    [
                        -86.794501469320693,
                        36.176859055525107
                    ],
                    [
                        -86.794731019318107,
                        36.177027176493652
                    ],
                    [
                        -86.795312364088062,
                        36.177445938440961
                    ],
                    [
                        -86.795504369196678,
                        36.177586604841913
                    ],
                    [
                        -86.795632064621117,
                        36.177677789854151
                    ],
                    [
                        -86.795935011011139,
                        36.177899908150188
                    ],
                    [
                        -86.796476899395131,
                        36.178296719205086
                    ],
                    [
                        -86.797558706762032,
                        36.179089430419261
                    ],
                    [
                        -86.798113411601008,
                        36.179495535223552
                    ],
                    [
                        -86.798402431862655,
                        36.179707437899303
                    ],
                    [
                        -86.798559166659146,
                        36.17982154884367
                    ]
                ]
            },
            "properties": {
                "OBJECTID": 134,
                "OnStreet": "Delta Ave",
                "BeginStreet": "Garfield Ave",
                "EndStreet": "Taylor St",
                "Neighborhood": "Historic Buena Vista",
                "Status": "Completed with vertical measures",
                "CompleteDate": 1710335772000,
                "ConceptDocument": null
            }
        },
        {
            "type": "Feature",
            "id": 143,
            "geometry": {
                "type": "LineString",
                "coordinates": [
                    [
                        -86.708000906286429,
                        36.087136515523511
                    ],
                    [
                        -86.707929056004375,
                        36.087745651614696
                    ],
                    [
                        -86.707889849130112,
                        36.088188395932946
                    ],
                    [
                        -86.707902833225589,
                        36.088664256917838
                    ],
                    [
                        -86.707982704903912,
                        36.089081578030445
                    ],
                    [
                        -86.7080301345365,
                        36.089276573929304
                    ],
                    [
                        -86.708158854482591,
                        36.089699789010581
                    ],
                    [
                        -86.708311783574104,
                        36.08995940799111
                    ],
                    [
                        -86.708637348246782,
                        36.090379176760614
                    ],
                    [
                        -86.708866673400053,
                        36.090665589041095
                    ],
                    [
                        -86.709257076090722,
                        36.091112445963276
                    ],
                    [
                        -86.709331896526578,
                        36.091310484215285
                    ]
                ]
            },
            "properties": {
                "OBJECTID": 143,
                "OnStreet": "Donna Kay Dr",
                "BeginStreet": "Paragon Dr",
                "EndStreet": "Paragon Mills Rd",
                "Neighborhood": "Paragon Mills II",
                "Status": "Completed with vertical measures",
                "CompleteDate": 1758811251000,
                "ConceptDocument": null
            }
        },
        {
            "type": "Feature",
            "id": 145,
            "geometry": {
                "type": "LineString",
                "coordinates": [
                    [
                        -86.598662738872122,
                        36.073545934859872
                    ],
                    [
                        -86.598620886860047,
                        36.07330577083129
                    ],
                    [
                        -86.598580128523054,
                        36.073061023751642
                    ],
                    [
                        -86.598509752702213,
                        36.072665332451926
                    ],
                    [
                        -86.59846331140885,
                        36.072527062630563
                    ],
                    [
                        -86.598417323739909,
                        36.07244899865249
                    ],
                    [
                        -86.598253923893694,
                        36.072207149402466
                    ],
                    [
                        -86.597992629132762,
                        36.071808971187053
                    ],
                    [
                        -86.597750032427257,
                        36.071497004322204
                    ],
                    [
                        -86.597414302711456,
                        36.071061879131562
                    ],
                    [
                        -86.59727467838637,
                        36.070905986414381
                    ],
                    [
                        -86.597167570895309,
                        36.070836923896572
                    ],
                    [
                        -86.597063963076806,
                        36.070783409937889
                    ],
                    [
                        -86.596906964660533,
                        36.07071688353237
                    ],
                    [
                        -86.596742143598703,
                        36.070660010490485
                    ],
                    [
                        -86.596582902511514,
                        36.070632869838882
                    ],
                    [
                        -86.596511767396393,
                        36.070622691318398
                    ],
                    [
                        -86.596364492236873,
                        36.070611744830508
                    ],
                    [
                        -86.596213855828566,
                        36.070603790810154
                    ],
                    [
                        -86.595238122601202,
                        36.07051727171315
                    ],
                    [
                        -86.594896415574226,
                        36.07052422377771
                    ],
                    [
                        -86.594642119007418,
                        36.070492971126733
                    ],
                    [
                        -86.594420320267503,
                        36.070433399943873
                    ],
                    [
                        -86.594324011743922,
                        36.070375270048494
                    ],
                    [
                        -86.594223143337061,
                        36.070310522832223
                    ],
                    [
                        -86.594112245349592,
                        36.07022430692934
                    ],
                    [
                        -86.594014471683522,
                        36.070120856889559
                    ],
                    [
                        -86.593950144847625,
                        36.070040592310498
                    ],
                    [
                        -86.593831490059813,
                        36.069859638578173
                    ]
                ]
            },
            "properties": {
                "OBJECTID": 145,
                "OnStreet": "Dove Creek Rd",
                "BeginStreet": "Country Way Rd",
                "EndStreet": "Mt View Rd",
                "Neighborhood": "Somerset/Kensal Green",
                "Status": "Completed with vertical measures",
                "CompleteDate": 1756907552000,
                "ConceptDocument": null
            }
        },
        {
            "type": "Feature",
            "id": 147,
            "geometry": {
                "type": "LineString",
                "coordinates": [
                    [
                        -86.743084725269654,
                        36.204084109918213
                    ],
                    [
                        -86.743212595165502,
                        36.203680315993211
                    ],
                    [
                        -86.743471236784913,
                        36.203131713916996
                    ],
                    [
                        -86.743492131535803,
                        36.203037391269021
                    ],
                    [
                        -86.739378077739744,
                        36.202024042572774
                    ]
                ]
            },
            "properties": {
                "OBJECTID": 147,
                "OnStreet": "Dozier Pl",
                "BeginStreet": "East Trinity Ln",
                "EndStreet": "Gallatin Pike",
                "Neighborhood": "East Hill",
                "Status": "Completed with vertical measures",
                "CompleteDate": 1717861041000,
                "ConceptDocument": null
            }
        },
        {
            "type": "Feature",
            "id": 149,
            "geometry": {
                "type": "LineString",
                "coordinates": [
                    [
                        -86.711046462913117,
                        36.265859048681833
                    ],
                    [
                        -86.709754911536322,
                        36.265732496022743
                    ],
                    [
                        -86.708442694396794,
                        36.265601931166877
                    ],
                    [
                        -86.70720908543764,
                        36.265473639070727
                    ]
                ]
            },
            "properties": {
                "OBJECTID": 149,
                "OnStreet": "Duling Ave",
                "BeginStreet": "Gallatin Pike",
                "EndStreet": "Kate St",
                "Neighborhood": "Madison Church of Christ",
                "Status": "Completed with vertical measures",
                "CompleteDate": 1735711200000,
                "ConceptDocument": null
            }
        },
        {
            "type": "Feature",
            "id": 158,
            "geometry": {
                "type": "LineString",
                "coordinates": [
                    [
                        -86.644603854088771,
                        36.079501475979804
                    ],
                    [
                        -86.644195725380911,
                        36.079772645272016
                    ],
                    [
                        -86.643475056683613,
                        36.080105231104554
                    ],
                    [
                        -86.642452912200142,
                        36.0804732994457
                    ],
                    [
                        -86.641766765573919,
                        36.080682300420854
                    ],
                    [
                        -86.641187185465526,
                        36.080712626251049
                    ],
                    [
                        -86.640549033473988,
                        36.080788816560485
                    ],
                    [
                        -86.639834180162779,
                        36.081111276824764
                    ],
                    [
                        -86.639608343897308,
                        36.081328809160404
                    ],
                    [
                        -86.639003867223877,
                        36.081910967266055
                    ],
                    [
                        -86.638692286354498,
                        36.08205775661763
                    ],
                    [
                        -86.637903605801185,
                        36.082144345001282
                    ],
                    [
                        -86.63700410242032,
                        36.082056844168079
                    ],
                    [
                        -86.636558723516373,
                        36.082013182613174
                    ],
                    [
                        -86.636168178287974,
                        36.081949313636521
                    ],
                    [
                        -86.635459548829388,
                        36.081678340017469
                    ],
                    [
                        -86.634920331206104,
                        36.081290634237078
                    ],
                    [
                        -86.634424723855261,
                        36.080886268949264
                    ],
                    [
                        -86.633986695433578,
                        36.08052887723187
                    ],
                    [
                        -86.633443523786141,
                        36.080103184082461
                    ],
                    [
                        -86.633183084600262,
                        36.079873337152847
                    ],
                    [
                        -86.63260571910341,
                        36.079402263734536
                    ]
                ]
            },
            "properties": {
                "OBJECTID": 158,
                "OnStreet": "Edge O Lake Dr",
                "BeginStreet": "Murfreesboro Pike",
                "EndStreet": "Bell Rd",
                "Neighborhood": "Edge O Lake Dr",
                "Status": "Completed with vertical measures",
                "CompleteDate": 1709823822000,
                "ConceptDocument": null
            }
        },
        {
            "type": "Feature",
            "id": 160,
            "geometry": {
                "type": "LineString",
                "coordinates": [
                    [
                        -86.765943960805728,
                        36.204576650500556
                    ],
                    [
                        -86.762621721668566,
                        36.204375625718022
                    ],
                    [
                        -86.761391433613525,
                        36.204297773402395
                    ],
                    [
                        -86.759211421505626,
                        36.204120579570969
                    ],
                    [
                        -86.75868368494676,
                        36.204079943887393
                    ],
                    [
                        -86.75785231582708,
                        36.204010536669053
                    ],
                    [
                        -86.755551852319925,
                        36.203818467128606
                    ],
                    [
                        -86.754112330473475,
                        36.203716209847201
                    ],
                    [
                        -86.753954208893873,
                        36.203751535146488
                    ],
                    [
                        -86.753941262419588,
                        36.20376894176021
                    ],
                    [
                        -86.753869704787377,
                        36.20386514986162
                    ],
                    [
                        -86.753782170448133,
                        36.204313921503811
                    ],
                    [
                        -86.753710136753455,
                        36.204848212129463
                    ]
                ]
            },
            "properties": {
                "OBJECTID": 160,
                "OnStreet": "Edwin St",
                "BeginStreet": "Meridian St",
                "EndStreet": "East Trinity Ln",
                "Neighborhood": "Edwin",
                "Status": "Completed with vertical measures",
                "CompleteDate": 1717169546000,
                "ConceptDocument": null
            }
        },
        {
            "type": "Feature",
            "id": 161,
            "geometry": {
                "type": "LineString",
                "coordinates": [
                    [
                        -86.709514660375305,
                        36.08392058963485
                    ],
                    [
                        -86.707472752414915,
                        36.08455183379003
                    ],
                    [
                        -86.706983592784809,
                        36.084633683391267
                    ],
                    [
                        -86.706099271047421,
                        36.084743255734871
                    ],
                    [
                        -86.704451755844119,
                        36.08520135938997
                    ],
                    [
                        -86.703471770589431,
                        36.085528950688889
                    ],
                    [
                        -86.702534644061828,
                        36.085836161304847
                    ],
                    [
                        -86.701881325330504,
                        36.086161357115003
                    ],
                    [
                        -86.701643280364877,
                        36.08651399741229
                    ]
                ]
            },
            "properties": {
                "OBJECTID": 161,
                "OnStreet": "Eisenhower Dr",
                "BeginStreet": "Lexington Dr",
                "EndStreet": "Paragon Mills Rd",
                "Neighborhood": "Paragon Mills",
                "Status": "Completed with vertical measures",
                "CompleteDate": 1707148921000,
                "ConceptDocument": null
            }
        },
        {
            "type": "Feature",
            "id": 162,
            "geometry": {
                "type": "LineString",
                "coordinates": [
                    [
                        -86.853169463012634,
                        36.14954836295567
                    ],
                    [
                        -86.847066593062124,
                        36.149838138885023
                    ],
                    [
                        -86.845866600925447,
                        36.1498307607825
                    ],
                    [
                        -86.844623351044945,
                        36.149896242625509
                    ],
                    [
                        -86.843346880645683,
                        36.149970185107527
                    ],
                    [
                        -86.842100610283808,
                        36.149990792834821
                    ],
                    [
                        -86.836975308486345,
                        36.150160373048877
                    ]
                ]
            },
            "properties": {
                "OBJECTID": 162,
                "OnStreet": "Elkins Ave",
                "BeginStreet": "54th Ave N",
                "EndStreet": "42nd Ave N",
                "Neighborhood": "Sylvan Park West",
                "Status": "Completed with vertical measures",
                "CompleteDate": 1715873511000,
                "ConceptDocument": null
            }
        },
        {
            "type": "Feature",
            "id": 165,
            "geometry": {
                "type": "LineString",
                "coordinates": [
                    [
                        -86.67629776197667,
                        36.154763079547031
                    ],
                    [
                        -86.676187315202611,
                        36.155166540273171
                    ],
                    [
                        -86.675874636164068,
                        36.155560037275052
                    ],
                    [
                        -86.674933016543378,
                        36.156299229233113
                    ],
                    [
                        -86.674292156672408,
                        36.156580459615157
                    ],
                    [
                        -86.673731240428168,
                        36.156854211311121
                    ],
                    [
                        -86.673487692299886,
                        36.156895174073284
                    ],
                    [
                        -86.672544731105262,
                        36.156832126917855
                    ],
                    [
                        -86.670954907055815,
                        36.156746251788789
                    ],
                    [
                        -86.670373125332105,
                        36.156717474766126
                    ],
                    [
                        -86.670072605146359,
                        36.156731047653786
                    ],
                    [
                        -86.669124862244757,
                        36.156952866356022
                    ],
                    [
                        -86.668661516042846,
                        36.156973061437817
                    ],
                    [
                        -86.668018268607838,
                        36.156916187757517
                    ],
                    [
                        -86.665003890934955,
                        36.156565875711138
                    ]
                ]
            },
            "properties": {
                "OBJECTID": 165,
                "OnStreet": "Emery Dr",
                "BeginStreet": "Lakeland Dr",
                "EndStreet": "Donelson Pike",
                "Neighborhood": "Lakeland Pointe",
                "Status": "Completed with vertical measures",
                "CompleteDate": 1710249152000,
                "ConceptDocument": null
            }
        },
        {
            "type": "Feature",
            "id": 166,
            "geometry": {
                "type": "LineString",
                "coordinates": [
                    [
                        -86.716832994602584,
                        36.25324915639343
                    ],
                    [
                        -86.715429818445784,
                        36.252570037399479
                    ],
                    [
                        -86.713661866520894,
                        36.251710611437737
                    ],
                    [
                        -86.713259101600215,
                        36.251550917407315
                    ],
                    [
                        -86.712912544048947,
                        36.251355866321227
                    ],
                    [
                        -86.712629795021044,
                        36.251247653875396
                    ],
                    [
                        -86.712401193822743,
                        36.251189483864856
                    ],
                    [
                        -86.712025229734223,
                        36.251118218056497
                    ],
                    [
                        -86.711678093218794,
                        36.25110996200177
                    ],
                    [
                        -86.710169838851002,
                        36.250995908595314
                    ],
                    [
                        -86.70799123191469,
                        36.250789620761047
                    ]
                ]
            },
            "properties": {
                "OBJECTID": 166,
                "OnStreet": "Emmitt Ave",
                "BeginStreet": "Gallatin Pike",
                "EndStreet": "Denson Ave",
                "Neighborhood": "Emmitt Ave",
                "Status": "Completed with vertical measures",
                "CompleteDate": 1710767979000,
                "ConceptDocument": null
            }
        },
        {
            "type": "Feature",
            "id": 172,
            "geometry": {
                "type": "LineString",
                "coordinates": [
                    [
                        -86.801201382572486,
                        36.134192591148384
                    ],
                    [
                        -86.811422041389605,
                        36.135126829350874
                    ]
                ]
            },
            "properties": {
                "OBJECTID": 172,
                "OnStreet": "Fairfax Ave",
                "BeginStreet": "Natchez Trace",
                "EndStreet": "21st Ave S",
                "Neighborhood": "HWEN",
                "Status": "Completed with vertical measures",
                "CompleteDate": null,
                "ConceptDocument": null
            }
        },
        {
            "type": "Feature",
            "id": 173,
            "geometry": {
                "type": "LineString",
                "coordinates": [
                    [
                        -86.716933449914848,
                        36.06289141904098
                    ],
                    [
                        -86.716618239223649,
                        36.062924198644261
                    ],
                    [
                        -86.716457205529423,
                        36.062951254527675
                    ],
                    [
                        -86.716326668263264,
                        36.063014756403327
                    ],
                    [
                        -86.715898246719348,
                        36.063250349514725
                    ],
                    [
                        -86.71542870678779,
                        36.063428954262548
                    ],
                    [
                        -86.714349324638633,
                        36.063611171991852
                    ],
                    [
                        -86.714104182721584,
                        36.063629107308564
                    ],
                    [
                        -86.712715220290548,
                        36.063718597170862
                    ],
                    [
                        -86.712293220147131,
                        36.063728646255001
                    ],
                    [
                        -86.711968471356485,
                        36.063736059125411
                    ],
                    [
                        -86.711567443527585,
                        36.063726522992539
                    ],
                    [
                        -86.710979976740745,
                        36.063678252075114
                    ],
                    [
                        -86.710518716573759,
                        36.063649151069903
                    ],
                    [
                        -86.709725667831705,
                        36.063628412308795
                    ],
                    [
                        -86.709588611577246,
                        36.063625556395969
                    ],
                    [
                        -86.709185319778058,
                        36.063615109962512
                    ],
                    [
                        -86.708853609632698,
                        36.063600578409734
                    ],
                    [
                        -86.708359137048149,
                        36.063546253565455
                    ],
                    [
                        -86.70782827874973,
                        36.063480374966666
                    ],
                    [
                        -86.707236031586561,
                        36.063411370769458
                    ],
                    [
                        -86.707093292166348,
                        36.063403508974297
                    ],
                    [
                        -86.706377502876194,
                        36.063352817455879
                    ],
                    [
                        -86.705495828611078,
                        36.063287646471586
                    ],
                    [
                        -86.705031030628192,
                        36.063208868051028
                    ],
                    [
                        -86.704463847105529,
                        36.062776077540356
                    ]
                ]
            },
            "properties": {
                "OBJECTID": 173,
                "OnStreet": "Fairlane Dr",
                "BeginStreet": "Nolensville Pike",
                "EndStreet": "Packard Dr",
                "Neighborhood": "Fairlane Park",
                "Status": "Completed with vertical measures",
                "CompleteDate": 1735711200000,
                "ConceptDocument": null
            }
        },
        {
            "type": "Feature",
            "id": 177,
            "geometry": {
                "type": "LineString",
                "coordinates": [
                    [
                        -86.762223834105569,
                        36.072529056645905
                    ],
                    [
                        -86.766141292218748,
                        36.073763326157184
                    ],
                    [
                        -86.769153318786749,
                        36.074671304224807
                    ]
                ]
            },
            "properties": {
                "OBJECTID": 177,
                "OnStreet": "Farrell Pkwy",
                "BeginStreet": "Lambert Dr",
                "EndStreet": "Stillwood Dr",
                "Neighborhood": "Crieve Hall II",
                "Status": "Completed with vertical measures",
                "CompleteDate": 1724159799000,
                "ConceptDocument": null
            }
        },
        {
            "type": "Feature",
            "id": 178,
            "geometry": {
                "type": "LineString",
                "coordinates": [
                    [
                        -86.711361798472566,
                        36.079305536047379
                    ],
                    [
                        -86.711460120068139,
                        36.078192142928749
                    ],
                    [
                        -86.711500660952822,
                        36.075622788221622
                    ],
                    [
                        -86.711507937232341,
                        36.074746055435959
                    ],
                    [
                        -86.711391895178949,
                        36.074352299130553
                    ],
                    [
                        -86.710968050990161,
                        36.073898226468202
                    ],
                    [
                        -86.71017661665239,
                        36.072914477979609
                    ],
                    [
                        -86.71021715177416,
                        36.070971913680211
                    ],
                    [
                        -86.710466793261617,
                        36.070235008639536
                    ],
                    [
                        -86.710616300069304,
                        36.06888574651439
                    ],
                    [
                        -86.710673631910623,
                        36.068233881218418
                    ]
                ]
            },
            "properties": {
                "OBJECTID": 178,
                "OnStreet": "Faulkner Dr",
                "BeginStreet": "Wallce Rd",
                "EndStreet": "Haywood Ln",
                "Neighborhood": "Haywood Heights",
                "Status": "Completed with vertical measures",
                "CompleteDate": 1664237939000,
                "ConceptDocument": null
            }
        },
        {
            "type": "Feature",
            "id": 183,
            "geometry": {
                "type": "LineString",
                "coordinates": [
                    [
                        -86.724888682897245,
                        36.075087336384492
                    ],
                    [
                        -86.723683814063364,
                        36.075161192867064
                    ],
                    [
                        -86.721720061019226,
                        36.075045910108969
                    ],
                    [
                        -86.720772220120892,
                        36.075009687267709
                    ],
                    [
                        -86.720298850468893,
                        36.074990081740829
                    ],
                    [
                        -86.719854856903979,
                        36.074975793185494
                    ],
                    [
                        -86.719425822063769,
                        36.074962787287113
                    ],
                    [
                        -86.718855961528647,
                        36.074937799796629
                    ],
                    [
                        -86.718515373286792,
                        36.074882598596567
                    ],
                    [
                        -86.717973748962308,
                        36.074861559322933
                    ],
                    [
                        -86.717705398615621,
                        36.07493618478118
                    ],
                    [
                        -86.717496414137472,
                        36.075089664895735
                    ],
                    [
                        -86.717429710026778,
                        36.075197658232064
                    ],
                    [
                        -86.717352943831074,
                        36.075440548198401
                    ]
                ]
            },
            "properties": {
                "OBJECTID": 183,
                "OnStreet": "Flora Maxwell Rd",
                "BeginStreet": "Nolensville Pike",
                "EndStreet": "Hopedale Dr",
                "Neighborhood": "Beverly Heights",
                "Status": "Completed with vertical measures",
                "CompleteDate": null,
                "ConceptDocument": null
            }
        },
        {
            "type": "Feature",
            "id": 184,
            "geometry": {
                "type": "LineString",
                "coordinates": [
                    [
                        -86.716876376139979,
                        36.131195864510097
                    ],
                    [
                        -86.7176636920329,
                        36.130532567512368
                    ],
                    [
                        -86.718489680022486,
                        36.129853243663142
                    ],
                    [
                        -86.719082574596683,
                        36.129324559859533
                    ],
                    [
                        -86.719659852577266,
                        36.128817256068544
                    ],
                    [
                        -86.719876198468441,
                        36.128589101185035
                    ],
                    [
                        -86.720120689585286,
                        36.128197555418929
                    ],
                    [
                        -86.720208501337453,
                        36.128016639465287
                    ],
                    [
                        -86.720340185754623,
                        36.127601729621247
                    ],
                    [
                        -86.720436407942572,
                        36.127165970398785
                    ],
                    [
                        -86.720625311953697,
                        36.126806575765208
                    ],
                    [
                        -86.721065973936405,
                        36.126422097078283
                    ],
                    [
                        -86.721614252989156,
                        36.126080927257192
                    ],
                    [
                        -86.722274974487021,
                        36.125662162432718
                    ],
                    [
                        -86.722672608225452,
                        36.125357142912854
                    ],
                    [
                        -86.723026962322635,
                        36.125164783917562
                    ],
                    [
                        -86.723549244749535,
                        36.124945318527345
                    ],
                    [
                        -86.723863207303808,
                        36.124779754454885
                    ],
                    [
                        -86.724099785238963,
                        36.124606869775754
                    ]
                ]
            },
            "properties": {
                "OBJECTID": 184,
                "OnStreet": "Foothill Dr",
                "BeginStreet": "End of Street",
                "EndStreet": "Murfreesboro Pike",
                "Neighborhood": "Hill N Dale Acres",
                "Status": "Completed with vertical measures",
                "CompleteDate": 1706889754000,
                "ConceptDocument": null
            }
        },
        {
            "type": "Feature",
            "id": 185,
            "geometry": {
                "type": "LineString",
                "coordinates": [
                    [
                        -86.629813571966309,
                        36.068437334624903
                    ],
                    [
                        -86.62935711890303,
                        36.068793648156507
                    ],
                    [
                        -86.629246353050647,
                        36.068906858616891
                    ],
                    [
                        -86.628881138324473,
                        36.069621571471671
                    ],
                    [
                        -86.628116704282306,
                        36.071070154253306
                    ],
                    [
                        -86.627660574547221,
                        36.071589436988859
                    ],
                    [
                        -86.627174683234855,
                        36.071903159102277
                    ],
                    [
                        -86.626647012067252,
                        36.07211116622284
                    ],
                    [
                        -86.626321596727536,
                        36.072182221706505
                    ],
                    [
                        -86.625927813322562,
                        36.072237148698861
                    ],
                    [
                        -86.625567635637836,
                        36.072226656340419
                    ],
                    [
                        -86.625134444582685,
                        36.072192969470173
                    ],
                    [
                        -86.624894372853646,
                        36.073997696206888
                    ]
                ]
            },
            "properties": {
                "OBJECTID": 185,
                "OnStreet": "Forest View Dr",
                "BeginStreet": "Murfreesboro Pike",
                "EndStreet": "Anderson Road",
                "Neighborhood": "Forest Cove",
                "Status": "Completed with vertical measures",
                "CompleteDate": 1676354400000,
                "ConceptDocument": null
            }
        },
        {
            "type": "Feature",
            "id": 189,
            "geometry": {
                "type": "LineString",
                "coordinates": [
                    [
                        -86.778567107145079,
                        36.117390933340488
                    ],
                    [
                        -86.779012011687612,
                        36.117501378742176
                    ],
                    [
                        -86.779239199903273,
                        36.117564697979851
                    ],
                    [
                        -86.779771051296706,
                        36.117650770632437
                    ],
                    [
                        -86.779953759156882,
                        36.117666758728689
                    ],
                    [
                        -86.780158076538896,
                        36.117670931595676
                    ],
                    [
                        -86.780423475913366,
                        36.117660286634795
                    ],
                    [
                        -86.781181004851092,
                        36.117569764903543
                    ],
                    [
                        -86.781873608096973,
                        36.117476224498475
                    ],
                    [
                        -86.782101625507195,
                        36.117451624783307
                    ],
                    [
                        -86.78310709022017,
                        36.117325373169372
                    ],
                    [
                        -86.783471223359044,
                        36.117284549067556
                    ],
                    [
                        -86.784070664694397,
                        36.117214723456534
                    ],
                    [
                        -86.78441373489801,
                        36.117155261541207
                    ],
                    [
                        -86.785457318573975,
                        36.116975630791934
                    ],
                    [
                        -86.786142899180604,
                        36.116886233080983
                    ],
                    [
                        -86.787003699988318,
                        36.116854522143882
                    ],
                    [
                        -86.788078115644126,
                        36.116911148319872
                    ],
                    [
                        -86.788194141062206,
                        36.116917486881015
                    ],
                    [
                        -86.788539773741732,
                        36.116946132737631
                    ],
                    [
                        -86.789730887510856,
                        36.117019609397069
                    ],
                    [
                        -86.790359812056082,
                        36.11704959985601
                    ],
                    [
                        -86.790533719957381,
                        36.117060135385181
                    ],
                    [
                        -86.791555148475311,
                        36.117121885322618
                    ],
                    [
                        -86.791995274973658,
                        36.117147611885557
                    ],
                    [
                        -86.792256202582507,
                        36.117169935496285
                    ],
                    [
                        -86.792641452433088,
                        36.117181597831873
                    ],
                    [
                        -86.793301126940236,
                        36.117210913041717
                    ],
                    [
                        -86.795910702884299,
                        36.117377777915252
                    ],
                    [
                        -86.796200127525822,
                        36.117399904962689
                    ],
                    [
                        -86.796909709369345,
                        36.117453595869705
                    ],
                    [
                        -86.79712662927345,
                        36.11747642862796
                    ],
                    [
                        -86.797263587915211,
                        36.117544201104387
                    ]
                ]
            },
            "properties": {
                "OBJECTID": 189,
                "OnStreet": "Gale Ln",
                "BeginStreet": "Belmont Blvd",
                "EndStreet": "Vaulx Ln",
                "Neighborhood": "Gale Lane",
                "Status": "Completed with vertical measures",
                "CompleteDate": 1686961168000,
                "ConceptDocument": null
            }
        },
        {
            "type": "Feature",
            "id": 194,
            "geometry": {
                "type": "LineString",
                "coordinates": [
                    [
                        -86.703600052941482,
                        36.120836930157203
                    ],
                    [
                        -86.703979796910886,
                        36.120450121825385
                    ],
                    [
                        -86.70403989965547,
                        36.120132252953063
                    ],
                    [
                        -86.703987770899928,
                        36.119599163995133
                    ],
                    [
                        -86.704025279469818,
                        36.11934254956774
                    ],
                    [
                        -86.704175171383042,
                        36.119095581555584
                    ],
                    [
                        -86.70444306788383,
                        36.118856164590639
                    ],
                    [
                        -86.705124240113648,
                        36.118279744291094
                    ],
                    [
                        -86.706821408400785,
                        36.117272069648408
                    ],
                    [
                        -86.708529306146659,
                        36.116221048160277
                    ],
                    [
                        -86.70917706148947,
                        36.115644379680347
                    ],
                    [
                        -86.709914672887351,
                        36.11469904261611
                    ],
                    [
                        -86.710703250421446,
                        36.114403116086812
                    ]
                ]
            },
            "properties": {
                "OBJECTID": 194,
                "OnStreet": "Glengarry Dr",
                "BeginStreet": "Currey Rd",
                "EndStreet": "Murfreesboro Pike",
                "Neighborhood": "East Thompson",
                "Status": "Completed with vertical measures",
                "CompleteDate": 1675231200000,
                "ConceptDocument": null
            }
        },
        {
            "type": "Feature",
            "id": 198,
            "geometry": {
                "type": "LineString",
                "coordinates": [
                    [
                        -86.773871781395584,
                        36.183186553265337
                    ],
                    [
                        -86.765198943499968,
                        36.182365984556036
                    ]
                ]
            },
            "properties": {
                "OBJECTID": 198,
                "OnStreet": "Grace St",
                "BeginStreet": "Dickerson Pike",
                "EndStreet": "Lischey Ave",
                "Neighborhood": "McFerrin Park",
                "Status": "Completed with vertical measures",
                "CompleteDate": 1689381324000,
                "ConceptDocument": null
            }
        },
        {
            "type": "Feature",
            "id": 202,
            "geometry": {
                "type": "LineString",
                "coordinates": [
                    [
                        -86.811311864380102,
                        36.111221209148347
                    ],
                    [
                        -86.810211869060268,
                        36.111112766924492
                    ],
                    [
                        -86.809568292069017,
                        36.111053218149593
                    ],
                    [
                        -86.808765802088942,
                        36.110986031577688
                    ],
                    [
                        -86.808052289033355,
                        36.110929232936869
                    ],
                    [
                        -86.807471490650443,
                        36.110883674717897
                    ],
                    [
                        -86.807211277573785,
                        36.110857838168627
                    ],
                    [
                        -86.801982483309587,
                        36.110474712946228
                    ],
                    [
                        -86.800457122707073,
                        36.110297040313831
                    ]
                ]
            },
            "properties": {
                "OBJECTID": 202,
                "OnStreet": "Graybar Ln",
                "BeginStreet": "Hillsboro Pike",
                "EndStreet": "Belmont Blvd",
                "Neighborhood": "Graybar Ln",
                "Status": "Completed with vertical measures",
                "CompleteDate": 1737386079000,
                "ConceptDocument": null
            }
        },
        {
            "type": "Feature",
            "id": 205,
            "geometry": {
                "type": "LineString",
                "coordinates": [
                    [
                        -86.745300378397928,
                        36.190801217768275
                    ],
                    [
                        -86.743654141629875,
                        36.190371841410816
                    ],
                    [
                        -86.742186591378143,
                        36.189992622453076
                    ],
                    [
                        -86.741840409955387,
                        36.189937520035826
                    ],
                    [
                        -86.73861188743119,
                        36.189628584468814
                    ]
                ]
            },
            "properties": {
                "OBJECTID": 205,
                "OnStreet": "Greenwood Ave",
                "BeginStreet": "Gallatin Ave",
                "EndStreet": "Chapel Ave",
                "Neighborhood": "Eastwood Neighbors",
                "Status": "Completed with vertical measures",
                "CompleteDate": 1748008919000,
                "ConceptDocument": null
            }
        },
        {
            "type": "Feature",
            "id": 206,
            "geometry": {
                "type": "LineString",
                "coordinates": [
                    [
                        -86.706821131779805,
                        36.11728030261699
                    ],
                    [
                        -86.707090004174034,
                        36.117532146434399
                    ],
                    [
                        -86.707337946390794,
                        36.117683156038503
                    ],
                    [
                        -86.707973676936604,
                        36.117878590130978
                    ],
                    [
                        -86.708769671816796,
                        36.118200361868546
                    ],
                    [
                        -86.709241558610401,
                        36.118436127747614
                    ],
                    [
                        -86.709819187729423,
                        36.118725740839523
                    ],
                    [
                        -86.710459511137202,
                        36.119017451411572
                    ],
                    [
                        -86.712103025352775,
                        36.119567254496175
                    ],
                    [
                        -86.713231556261576,
                        36.119805056870668
                    ],
                    [
                        -86.714244072290654,
                        36.119968663187727
                    ],
                    [
                        -86.714875393119158,
                        36.119981398622663
                    ],
                    [
                        -86.715420883170964,
                        36.119820801869608
                    ],
                    [
                        -86.715868132667168,
                        36.119395607042932
                    ],
                    [
                        -86.716097443191842,
                        36.118978547907822
                    ],
                    [
                        -86.716199296284813,
                        36.118454307459757
                    ]
                ]
            },
            "properties": {
                "OBJECTID": 206,
                "OnStreet": "Greymont Dr",
                "BeginStreet": "Currey Rd",
                "EndStreet": "Glengarry Dr",
                "Neighborhood": "East Thompson",
                "Status": "Completed with vertical measures",
                "CompleteDate": 1675231200000,
                "ConceptDocument": null
            }
        },
        {
            "type": "Feature",
            "id": 209,
            "geometry": {
                "type": "LineString",
                "coordinates": [
                    [
                        -86.792520069581769,
                        36.236216047334182
                    ],
                    [
                        -86.792439131168052,
                        36.235581787518619
                    ],
                    [
                        -86.792454876174205,
                        36.235347729010179
                    ],
                    [
                        -86.792417960546473,
                        36.234962014277791
                    ],
                    [
                        -86.792421013759849,
                        36.234447614213138
                    ],
                    [
                        -86.792428221604567,
                        36.233953102703389
                    ],
                    [
                        -86.792460749555588,
                        36.233306194377114
                    ],
                    [
                        -86.792440788483219,
                        36.232835668434745
                    ],
                    [
                        -86.792445555772488,
                        36.232332069142863
                    ],
                    [
                        -86.792449494120049,
                        36.231916052710879
                    ],
                    [
                        -86.792451783304287,
                        36.231674061967716
                    ],
                    [
                        -86.792458965649061,
                        36.231516290086141
                    ]
                ]
            },
            "properties": {
                "OBJECTID": 209,
                "OnStreet": "Gwynnwood Dr",
                "BeginStreet": "Richmond Hill Dr",
                "EndStreet": "Ewing Dr",
                "Neighborhood": "Golden Valley",
                "Status": "Completed with vertical measures",
                "CompleteDate": 1727962883000,
                "ConceptDocument": null
            }
        },
        {
            "type": "Feature",
            "id": 210,
            "geometry": {
                "type": "LineString",
                "coordinates": [
                    [
                        -86.769740845809352,
                        36.13870329550425
                    ],
                    [
                        -86.767551053078918,
                        36.138479600772222
                    ],
                    [
                        -86.765599390916577,
                        36.138289871152914
                    ],
                    [
                        -86.764120058931425,
                        36.138139375783261
                    ]
                ]
            },
            "properties": {
                "OBJECTID": 210,
                "OnStreet": "Hamilton Ave",
                "BeginStreet": "8th Ave S",
                "EndStreet": "Rains Ave",
                "Neighborhood": "SNAP",
                "Status": "Completed with vertical measures",
                "CompleteDate": 1679547600000,
                "ConceptDocument": null
            }
        },
        {
            "type": "Feature",
            "id": 216,
            "geometry": {
                "type": "LineString",
                "coordinates": [
                    [
                        -86.747426664497027,
                        36.110142122660996
                    ],
                    [
                        -86.748091947460424,
                        36.110056270811022
                    ],
                    [
                        -86.748572648984336,
                        36.109783156613794
                    ],
                    [
                        -86.748818639140907,
                        36.109362237877235
                    ],
                    [
                        -86.748993816471213,
                        36.106698057849805
                    ],
                    [
                        -86.749101509180036,
                        36.10462652586935
                    ],
                    [
                        -86.749106099860683,
                        36.103946816890748
                    ],
                    [
                        -86.749051873317043,
                        36.102235245337084
                    ]
                ]
            },
            "properties": {
                "OBJECTID": 216,
                "OnStreet": "Harlin Dr",
                "BeginStreet": "Louise St",
                "EndStreet": "Drake Ave",
                "Neighborhood": "Harlin",
                "Status": "Completed with vertical measures",
                "CompleteDate": 1709478322000,
                "ConceptDocument": null
            }
        },
        {
            "type": "Feature",
            "id": 225,
            "geometry": {
                "type": "LineString",
                "coordinates": [
                    [
                        -86.724191318585895,
                        36.264108766421067
                    ],
                    [
                        -86.724248203886049,
                        36.264765870117827
                    ],
                    [
                        -86.724406097738225,
                        36.26496911675428
                    ],
                    [
                        -86.724589893411405,
                        36.265130086635196
                    ],
                    [
                        -86.724726573944125,
                        36.265239147095897
                    ],
                    [
                        -86.724837945357706,
                        36.265362551025575
                    ],
                    [
                        -86.724946259235864,
                        36.265522370656981
                    ],
                    [
                        -86.725001534930229,
                        36.26563191819838
                    ],
                    [
                        -86.725031300178287,
                        36.265733836558582
                    ],
                    [
                        -86.72503922344643,
                        36.266043739732631
                    ],
                    [
                        -86.724978826198267,
                        36.266239596238293
                    ],
                    [
                        -86.724929955981551,
                        36.266336033624263
                    ],
                    [
                        -86.724752263236894,
                        36.266688255602581
                    ],
                    [
                        -86.72457375426238,
                        36.267075048296135
                    ],
                    [
                        -86.724519047979072,
                        36.26730612234924
                    ],
                    [
                        -86.724492291372783,
                        36.267626077539148
                    ],
                    [
                        -86.724503133240475,
                        36.268008072096585
                    ],
                    [
                        -86.724506895150043,
                        36.26814127789558
                    ],
                    [
                        -86.724463214035794,
                        36.268743586227025
                    ],
                    [
                        -86.724429949576134,
                        36.268970183104251
                    ],
                    [
                        -86.724399259450621,
                        36.269169293870434
                    ],
                    [
                        -86.724367664131975,
                        36.269300194390617
                    ],
                    [
                        -86.724386820595186,
                        36.269354790162289
                    ],
                    [
                        -86.72430635146209,
                        36.269550994431413
                    ],
                    [
                        -86.724245898987618,
                        36.269803163653698
                    ],
                    [
                        -86.724183364897144,
                        36.270044127583319
                    ],
                    [
                        -86.724105312517608,
                        36.270288390143136
                    ],
                    [
                        -86.724011622118823,
                        36.27055380554836
                    ],
                    [
                        -86.723962874273226,
                        36.270694880892265
                    ],
                    [
                        -86.723825816102462,
                        36.271009772502005
                    ],
                    [
                        -86.723753705597957,
                        36.271161975550612
                    ],
                    [
                        -86.723669207547658,
                        36.271288842315535
                    ],
                    [
                        -86.723559347411566,
                        36.271424559604554
                    ],
                    [
                        -86.723432993204653,
                        36.271549617439348
                    ],
                    [
                        -86.723339560403829,
                        36.27162686300364
                    ],
                    [
                        -86.723244442753824,
                        36.271705492061841
                    ],
                    [
                        -86.723043256261917,
                        36.271839695105506
                    ],
                    [
                        -86.722939150504459,
                        36.271893654930693
                    ],
                    [
                        -86.722817880323277,
                        36.271956416066892
                    ],
                    [
                        -86.722580237557437,
                        36.272030174936383
                    ],
                    [
                        -86.722387425178553,
                        36.272090845282172
                    ],
                    [
                        -86.722218175274847,
                        36.272131458967912
                    ],
                    [
                        -86.722035207360122,
                        36.272155672534716
                    ],
                    [
                        -86.721744457838042,
                        36.272171830769203
                    ],
                    [
                        -86.72159326919865,
                        36.272177998563592
                    ],
                    [
                        -86.721476652352521,
                        36.272193116371021
                    ],
                    [
                        -86.721354741573833,
                        36.272216735493629
                    ],
                    [
                        -86.720925115999776,
                        36.272349551214113
                    ],
                    [
                        -86.720603741118637,
                        36.272448756359154
                    ],
                    [
                        -86.720286598353823,
                        36.272547249578373
                    ],
                    [
                        -86.7198848988658,
                        36.272673714448217
                    ],
                    [
                        -86.719445717311814,
                        36.272813220294239
                    ],
                    [
                        -86.719316336605914,
                        36.27285496604059
                    ],
                    [
                        -86.719154469584041,
                        36.272930556251815
                    ],
                    [
                        -86.718977814603534,
                        36.27309001593018
                    ],
                    [
                        -86.718884897527076,
                        36.273256073636517
                    ],
                    [
                        -86.71883803492166,
                        36.273575001872238
                    ]
                ]
            },
            "properties": {
                "OBJECTID": 225,
                "OnStreet": "Heritage Dr",
                "BeginStreet": "Nesbitt Ln",
                "EndStreet": "West Old Hickory Blvd",
                "Neighborhood": "Heritage Dr",
                "Status": "Completed with vertical measures",
                "CompleteDate": 1759243286000,
                "ConceptDocument": null
            }
        },
        {
            "type": "Feature",
            "id": 227,
            "geometry": {
                "type": "LineString",
                "coordinates": [
                    [
                        -86.67184029577065,
                        36.03698691832485
                    ],
                    [
                        -86.671660621624397,
                        36.03660844333114
                    ],
                    [
                        -86.671481951623434,
                        36.036241968543031
                    ],
                    [
                        -86.671384609707957,
                        36.035934695869464
                    ],
                    [
                        -86.6713812299854,
                        36.035534553332731
                    ],
                    [
                        -86.671691517200642,
                        36.034132258469306
                    ],
                    [
                        -86.671688396093771,
                        36.033762895222466
                    ],
                    [
                        -86.671590665208228,
                        36.03340944977073
                    ],
                    [
                        -86.671379379640598,
                        36.033072028360351
                    ],
                    [
                        -86.670902829191192,
                        36.032736083898271
                    ],
                    [
                        -86.670338292348276,
                        36.03252271511758
                    ],
                    [
                        -86.669819311636616,
                        36.03232656198314
                    ]
                ]
            },
            "properties": {
                "OBJECTID": 227,
                "OnStreet": "Hickory Park Dr",
                "BeginStreet": "Rivendell Ct",
                "EndStreet": "End of Street",
                "Neighborhood": "Rivendell Woods",
                "Status": "Completed with vertical measures",
                "CompleteDate": 1721144066000,
                "ConceptDocument": null
            }
        },
        {
            "type": "Feature",
            "id": 233,
            "geometry": {
                "type": "LineString",
                "coordinates": [
                    [
                        -86.770807035689685,
                        36.230240849976234
                    ],
                    [
                        -86.770596035783541,
                        36.229228849715234
                    ],
                    [
                        -86.770159035430609,
                        36.228460850444343
                    ],
                    [
                        -86.769725035548177,
                        36.228037849740737
                    ],
                    [
                        -86.768938035360321,
                        36.227470849745636
                    ],
                    [
                        -86.767850035338782,
                        36.226968849721779
                    ],
                    [
                        -86.765901034227866,
                        36.226360849921534
                    ],
                    [
                        -86.764861034575418,
                        36.226070849336189
                    ],
                    [
                        -86.763274033768212,
                        36.226065849915948
                    ],
                    [
                        -86.761183032567928,
                        36.226086849963401
                    ],
                    [
                        -86.760193032984546,
                        36.22588784966257
                    ]
                ]
            },
            "properties": {
                "OBJECTID": 233,
                "OnStreet": "Hillhurst Dr",
                "BeginStreet": "Ewing Dr",
                "EndStreet": "Dickerson Pike",
                "Neighborhood": "Hillhurst",
                "Status": "Completed with vertical measures",
                "CompleteDate": 1687306821000,
                "ConceptDocument": null
            }
        },
        {
            "type": "Feature",
            "id": 234,
            "geometry": {
                "type": "LineString",
                "coordinates": [
                    [
                        -86.88056825856593,
                        36.139075955332068
                    ],
                    [
                        -86.880106309407765,
                        36.138724947676621
                    ],
                    [
                        -86.879827387182544,
                        36.138361157394584
                    ],
                    [
                        -86.87951407068654,
                        36.137898492228494
                    ],
                    [
                        -86.878863819785224,
                        36.137388146274731
                    ],
                    [
                        -86.877969778957322,
                        36.136907042259971
                    ],
                    [
                        -86.877343664740621,
                        36.136587207851917
                    ],
                    [
                        -86.876841882991741,
                        36.136204427689165
                    ]
                ]
            },
            "properties": {
                "OBJECTID": 234,
                "OnStreet": "Hillwood Blvd",
                "BeginStreet": "Charlotte Pike",
                "EndStreet": "Fleetwood Dr",
                "Neighborhood": "Hillwood Blvd",
                "Status": "Completed with vertical measures",
                "CompleteDate": 1758811311000,
                "ConceptDocument": null
            }
        },
        {
            "type": "Feature",
            "id": 237,
            "geometry": {
                "type": "LineString",
                "coordinates": [
                    [
                        -86.718687531841553,
                        36.079137780388919
                    ],
                    [
                        -86.718634912249868,
                        36.078994786191778
                    ],
                    [
                        -86.718531913861995,
                        36.078644684091273
                    ],
                    [
                        -86.71848939992006,
                        36.078434096319654
                    ],
                    [
                        -86.718492030800135,
                        36.078163717732139
                    ],
                    [
                        -86.718529911464231,
                        36.077986760824842
                    ],
                    [
                        -86.718637222248987,
                        36.077620293259116
                    ],
                    [
                        -86.718723041947669,
                        36.077327215539938
                    ],
                    [
                        -86.718765854831503,
                        36.076916266317603
                    ],
                    [
                        -86.718697038352389,
                        36.076634867252508
                    ],
                    [
                        -86.718600248123295,
                        36.076316090941305
                    ],
                    [
                        -86.718336617586914,
                        36.075946342469543
                    ],
                    [
                        -86.717947151400196,
                        36.075662962270471
                    ],
                    [
                        -86.717352943831074,
                        36.075440548198401
                    ],
                    [
                        -86.716972048461372,
                        36.075293782960038
                    ],
                    [
                        -86.716760927467689,
                        36.075148067575398
                    ],
                    [
                        -86.716443865970291,
                        36.074680851242945
                    ],
                    [
                        -86.716120796145518,
                        36.074147339628915
                    ],
                    [
                        -86.716000665320209,
                        36.073865557843156
                    ],
                    [
                        -86.715966542657398,
                        36.073552588084127
                    ],
                    [
                        -86.715987133078386,
                        36.073396566804853
                    ],
                    [
                        -86.716141780662014,
                        36.07272122868013
                    ],
                    [
                        -86.716219082684319,
                        36.072287410441682
                    ],
                    [
                        -86.71628922789084,
                        36.071529016617156
                    ],
                    [
                        -86.716315303715504,
                        36.071231027157815
                    ],
                    [
                        -86.716381701014427,
                        36.070463726303686
                    ],
                    [
                        -86.716371693410494,
                        36.07010436988682
                    ],
                    [
                        -86.716320423351149,
                        36.069859722926559
                    ],
                    [
                        -86.716233163919085,
                        36.06947014929095
                    ],
                    [
                        -86.71620867834632,
                        36.069287611193374
                    ],
                    [
                        -86.716225322588315,
                        36.06903821011219
                    ],
                    [
                        -86.71628774660465,
                        36.068768620359215
                    ]
                ]
            },
            "properties": {
                "OBJECTID": 237,
                "OnStreet": "Hopedale Dr",
                "BeginStreet": "Wallace Rd",
                "EndStreet": "Haywood Ln",
                "Neighborhood": "Beverly Heights",
                "Status": "Completed with vertical measures",
                "CompleteDate": 1746454424000,
                "ConceptDocument": null
            }
        },
        {
            "type": "Feature",
            "id": 241,
            "geometry": {
                "type": "LineString",
                "coordinates": [
                    [
                        -86.769311266382857,
                        36.142127788201755
                    ],
                    [
                        -86.76774681376331,
                        36.141938371409822
                    ],
                    [
                        -86.765366546741006,
                        36.141693096783904
                    ],
                    [
                        -86.764502116291297,
                        36.141600121025178
                    ]
                ]
            },
            "properties": {
                "OBJECTID": 241,
                "OnStreet": "Humphreys St",
                "BeginStreet": "Chestnut St",
                "EndStreet": "4th Ave S",
                "Neighborhood": "SNAP",
                "Status": "Completed with vertical measures",
                "CompleteDate": 1680584400000,
                "ConceptDocument": null
            }
        },
        {
            "type": "Feature",
            "id": 242,
            "geometry": {
                "type": "LineString",
                "coordinates": [
                    [
                        -86.596529137469034,
                        36.073837630961592
                    ],
                    [
                        -86.596469669461356,
                        36.073691642346439
                    ],
                    [
                        -86.596438012454669,
                        36.073606638994853
                    ],
                    [
                        -86.596408836456689,
                        36.073551612492736
                    ],
                    [
                        -86.596371278456189,
                        36.073506928158757
                    ],
                    [
                        -86.596044788179654,
                        36.073213458941446
                    ],
                    [
                        -86.59565965834939,
                        36.072958965965498
                    ],
                    [
                        -86.595125341045645,
                        36.072513827281618
                    ],
                    [
                        -86.594188353077797,
                        36.071804432169031
                    ],
                    [
                        -86.593736885435135,
                        36.071463268581738
                    ],
                    [
                        -86.593426717523414,
                        36.071200615768859
                    ],
                    [
                        -86.593276654813067,
                        36.071043167375137
                    ],
                    [
                        -86.593172336090518,
                        36.070893963927986
                    ],
                    [
                        -86.59279226088502,
                        36.070293759528568
                    ]
                ]
            },
            "properties": {
                "OBJECTID": 242,
                "OnStreet": "Huntingboro Trl",
                "BeginStreet": "Country Way Rd",
                "EndStreet": "Mt View Rd",
                "Neighborhood": "Somerset/Kensal Green",
                "Status": "Completed with vertical measures",
                "CompleteDate": 1758636256000,
                "ConceptDocument": null
            }
        },
        {
            "type": "Feature",
            "id": 243,
            "geometry": {
                "type": "LineString",
                "coordinates": [
                    [
                        -86.833853092871323,
                        36.183098675595573
                    ],
                    [
                        -86.834461008946462,
                        36.178684676897483
                    ]
                ]
            },
            "properties": {
                "OBJECTID": 243,
                "OnStreet": "Hydes Ferry Rd",
                "BeginStreet": "Hinkle Dr",
                "EndStreet": "End of Street",
                "Neighborhood": "Hydes Ferry",
                "Status": "Completed with vertical measures",
                "CompleteDate": 1733241672000,
                "ConceptDocument": null
            }
        },
        {
            "type": "Feature",
            "id": 245,
            "geometry": {
                "type": "LineString",
                "coordinates": [
                    [
                        -86.749976010120974,
                        36.19855863303362
                    ],
                    [
                        -86.744608247674705,
                        36.19672899481904
                    ],
                    [
                        -86.742659163315437,
                        36.196031857827577
                    ]
                ]
            },
            "properties": {
                "OBJECTID": 245,
                "OnStreet": "Cahal Ave",
                "BeginStreet": "Gallatin Pike",
                "EndStreet": "End of Street",
                "Neighborhood": "Renraw",
                "Status": "Completed with vertical measures",
                "CompleteDate": 1709142568000,
                "ConceptDocument": null
            }
        },
        {
            "type": "Feature",
            "id": 247,
            "geometry": {
                "type": "LineString",
                "coordinates": [
                    [
                        -86.869220499762761,
                        36.163596031770588
                    ],
                    [
                        -86.872421483810754,
                        36.162628163034746
                    ],
                    [
                        -86.873055652024462,
                        36.162457149132784
                    ],
                    [
                        -86.873530077271127,
                        36.162300955150968
                    ],
                    [
                        -86.873833408804089,
                        36.162097144468476
                    ],
                    [
                        -86.874103757580045,
                        36.161959434531781
                    ],
                    [
                        -86.874338765354011,
                        36.161791532163882
                    ],
                    [
                        -86.874549948661652,
                        36.161562451113291
                    ],
                    [
                        -86.874672321220984,
                        36.161395135291961
                    ],
                    [
                        -86.874992692495596,
                        36.16092992674519
                    ],
                    [
                        -86.875504366771835,
                        36.160200066370756
                    ],
                    [
                        -86.875915164622725,
                        36.159641483753347
                    ],
                    [
                        -86.876082391497462,
                        36.159446370761643
                    ],
                    [
                        -86.876415997041917,
                        36.158979459532048
                    ],
                    [
                        -86.87699975133404,
                        36.158183824323359
                    ],
                    [
                        -86.877016287476266,
                        36.158070844262589
                    ]
                ]
            },
            "properties": {
                "OBJECTID": 247,
                "OnStreet": "James Ave",
                "BeginStreet": "Robertson Ave",
                "EndStreet": "Vernon Ave",
                "Neighborhood": "2Aves",
                "Status": "Completed with vertical measures",
                "CompleteDate": 1723209423000,
                "ConceptDocument": null
            }
        },
        {
            "type": "Feature",
            "id": 250,
            "geometry": {
                "type": "LineString",
                "coordinates": [
                    [
                        -86.6714172851662,
                        36.238398634696672
                    ],
                    [
                        -86.670629143890395,
                        36.238628724278854
                    ],
                    [
                        -86.670000503507168,
                        36.238840754612596
                    ],
                    [
                        -86.669895085006814,
                        36.238905664542521
                    ],
                    [
                        -86.669590274092357,
                        36.239217765007083
                    ],
                    [
                        -86.669128561129526,
                        36.240057469683208
                    ],
                    [
                        -86.668770567246227,
                        36.24066516364411
                    ],
                    [
                        -86.668505682509121,
                        36.240988256990804
                    ],
                    [
                        -86.668139917932621,
                        36.24144605218077
                    ],
                    [
                        -86.667480138888763,
                        36.242125001809086
                    ],
                    [
                        -86.667052327610875,
                        36.242598931442529
                    ]
                ]
            },
            "properties": {
                "OBJECTID": 250,
                "OnStreet": "Joe Pyron Dr",
                "BeginStreet": "Neelys Bend Rd",
                "EndStreet": "Apache Ln",
                "Neighborhood": "Kimbolton HOA",
                "Status": "Completed with vertical measures",
                "CompleteDate": 1736262996000,
                "ConceptDocument": null
            }
        },
        {
            "type": "Feature",
            "id": 253,
            "geometry": {
                "type": "LineString",
                "coordinates": [
                    [
                        -86.759529261892496,
                        36.193893167656491
                    ],
                    [
                        -86.759544711787839,
                        36.193972963616169
                    ],
                    [
                        -86.759263374738566,
                        36.195591140997429
                    ],
                    [
                        -86.759162726526711,
                        36.196111424248087
                    ],
                    [
                        -86.758985832707012,
                        36.197311850123747
                    ],
                    [
                        -86.75872143737999,
                        36.198902448618846
                    ],
                    [
                        -86.75851280030588,
                        36.200210894367274
                    ],
                    [
                        -86.758375377361986,
                        36.201043629423857
                    ],
                    [
                        -86.758162545799735,
                        36.202247278291878
                    ],
                    [
                        -86.758019948411274,
                        36.202990332765239
                    ],
                    [
                        -86.75785231582708,
                        36.204010536669053
                    ],
                    [
                        -86.757683925632605,
                        36.205129409964442
                    ]
                ]
            },
            "properties": {
                "OBJECTID": 253,
                "OnStreet": "Jones Ave",
                "BeginStreet": "East Trinity Ln",
                "EndStreet": "Douglas Ave",
                "Neighborhood": "Edwin",
                "Status": "Completed with vertical measures",
                "CompleteDate": 1717169580000,
                "ConceptDocument": null
            }
        },
        {
            "type": "Feature",
            "id": 254,
            "geometry": {
                "type": "LineString",
                "coordinates": [
                    [
                        -86.772095524946323,
                        36.187329042882496
                    ],
                    [
                        -86.772611837135145,
                        36.18307558446373
                    ]
                ]
            },
            "properties": {
                "OBJECTID": 254,
                "OnStreet": "Joseph Ave",
                "BeginStreet": "Cleveland St",
                "EndStreet": "Grace St",
                "Neighborhood": "McFerrin Park",
                "Status": "Completed with vertical measures",
                "CompleteDate": 1689381429000,
                "ConceptDocument": null
            }
        },
        {
            "type": "Feature",
            "id": 257,
            "geometry": {
                "type": "LineString",
                "coordinates": [
                    [
                        -86.705908633362284,
                        36.139048510242688
                    ],
                    [
                        -86.705000459122388,
                        36.139496099695052
                    ],
                    [
                        -86.704486631825091,
                        36.139667131060364
                    ],
                    [
                        -86.704151071000823,
                        36.139731585762227
                    ],
                    [
                        -86.703688155022704,
                        36.139756263071256
                    ],
                    [
                        -86.702709841599997,
                        36.139711373017676
                    ],
                    [
                        -86.701944638465989,
                        36.139669813836406
                    ],
                    [
                        -86.701160458296087,
                        36.139620346900152
                    ]
                ]
            },
            "properties": {
                "OBJECTID": 257,
                "OnStreet": "Karen Dr",
                "BeginStreet": "Patricia Dr",
                "EndStreet": "Dabbs Ave",
                "Neighborhood": "Karen Dr",
                "Status": "Completed with vertical measures",
                "CompleteDate": 1642312800000,
                "ConceptDocument": null
            }
        },
        {
            "type": "Feature",
            "id": 259,
            "geometry": {
                "type": "LineString",
                "coordinates": [
                    [
                        -86.806320294282557,
                        36.190949138863999
                    ],
                    [
                        -86.807213929437538,
                        36.190790933815109
                    ],
                    [
                        -86.807807681370733,
                        36.190692189131035
                    ],
                    [
                        -86.808555640435216,
                        36.190566998605661
                    ],
                    [
                        -86.809048739206503,
                        36.190484946326862
                    ],
                    [
                        -86.809596814189277,
                        36.190393824370368
                    ],
                    [
                        -86.810120774939293,
                        36.190292101519674
                    ],
                    [
                        -86.810304595851306,
                        36.19026179491037
                    ],
                    [
                        -86.810828998653975,
                        36.190175862481851
                    ],
                    [
                        -86.81141915940286,
                        36.190085823091763
                    ],
                    [
                        -86.812223898641776,
                        36.189963204097438
                    ]
                ]
            },
            "properties": {
                "OBJECTID": 259,
                "OnStreet": "Kellow St",
                "BeginStreet": "18th Ave N",
                "EndStreet": "10th Ave N",
                "Neighborhood": "Kellow",
                "Status": "Completed with vertical measures",
                "CompleteDate": 1715260711000,
                "ConceptDocument": null
            }
        },
        {
            "type": "Feature",
            "id": 261,
            "geometry": {
                "type": "LineString",
                "coordinates": [
                    [
                        -86.821377486161069,
                        36.220964724135875
                    ],
                    [
                        -86.823172278271244,
                        36.22060614869698
                    ],
                    [
                        -86.826577452841605,
                        36.219954734951848
                    ],
                    [
                        -86.831404273824802,
                        36.219074750676931
                    ],
                    [
                        -86.837053640434846,
                        36.218512131382418
                    ]
                ]
            },
            "properties": {
                "OBJECTID": 261,
                "OnStreet": "Kings Ln",
                "BeginStreet": "Clarksville Pk",
                "EndStreet": "Buena Vista Pike",
                "Neighborhood": "Kings Lane",
                "Status": "Completed with vertical measures",
                "CompleteDate": 1746680400000,
                "ConceptDocument": null
            }
        },
        {
            "type": "Feature",
            "id": 263,
            "geometry": {
                "type": "LineString",
                "coordinates": [
                    [
                        -86.857720848621426,
                        36.137859202606471
                    ],
                    [
                        -86.861481533080976,
                        36.138225851608865
                    ],
                    [
                        -86.863374696394146,
                        36.138435144768096
                    ],
                    [
                        -86.866043932561638,
                        36.138196932383671
                    ],
                    [
                        -86.866677033749014,
                        36.138151637472895
                    ],
                    [
                        -86.869136752038273,
                        36.137621834564861
                    ],
                    [
                        -86.86947475666355,
                        36.137643599513893
                    ],
                    [
                        -86.870309700524132,
                        36.137727385130574
                    ],
                    [
                        -86.871000249447619,
                        36.137799778797721
                    ],
                    [
                        -86.871664260353484,
                        36.137716919608948
                    ],
                    [
                        -86.873023663411431,
                        36.13724878008518
                    ],
                    [
                        -86.873733140937489,
                        36.136989764431007
                    ],
                    [
                        -86.873976418909905,
                        36.136915927658627
                    ],
                    [
                        -86.874343836898646,
                        36.136884383906825
                    ],
                    [
                        -86.874620401189105,
                        36.136904609471351
                    ],
                    [
                        -86.874930092888349,
                        36.13699436791844
                    ],
                    [
                        -86.875446307493007,
                        36.137355532158757
                    ]
                ]
            },
            "properties": {
                "OBJECTID": 263,
                "OnStreet": "Knob Rd",
                "BeginStreet": "Fleetwood Dr",
                "EndStreet": "White Bridge Pike",
                "Neighborhood": "White Bridge Neighborhood",
                "Status": "Completed with vertical measures",
                "CompleteDate": 1711553914000,
                "ConceptDocument": null
            }
        },
        {
            "type": "Feature",
            "id": 264,
            "geometry": {
                "type": "LineString",
                "coordinates": [
                    [
                        -86.670841342981277,
                        36.180851586990727
                    ],
                    [
                        -86.670905989090841,
                        36.180782779892724
                    ],
                    [
                        -86.670989972625719,
                        36.180696697212831
                    ],
                    [
                        -86.671184551683581,
                        36.180466009227452
                    ],
                    [
                        -86.671250388197279,
                        36.180371099388545
                    ],
                    [
                        -86.671309138512157,
                        36.180273023141964
                    ],
                    [
                        -86.671359682096764,
                        36.180172704210413
                    ],
                    [
                        -86.671403703134715,
                        36.1800692166576
                    ],
                    [
                        -86.67143782223917,
                        36.179963494965342
                    ],
                    [
                        -86.671465437388306,
                        36.179856663937947
                    ],
                    [
                        -86.671487439752482,
                        36.179720563315549
                    ],
                    [
                        -86.671584628455506,
                        36.178792896382717
                    ],
                    [
                        -86.671621892224167,
                        36.178625119873814
                    ],
                    [
                        -86.671640994895867,
                        36.178480106538935
                    ],
                    [
                        -86.671664064534539,
                        36.17837009673498
                    ],
                    [
                        -86.671699185997042,
                        36.178249489556968
                    ],
                    [
                        -86.671792171612978,
                        36.177926423354954
                    ],
                    [
                        -86.671824944741957,
                        36.177795298885435
                    ],
                    [
                        -86.671878309699323,
                        36.17756173177029
                    ],
                    [
                        -86.671919449279883,
                        36.177318161097652
                    ],
                    [
                        -86.67200545634627,
                        36.176671440010651
                    ],
                    [
                        -86.672042107496253,
                        36.176431556936713
                    ],
                    [
                        -86.672080898879287,
                        36.176177696908169
                    ],
                    [
                        -86.672120682893919,
                        36.175874385536837
                    ],
                    [
                        -86.672212269078642,
                        36.175120040618701
                    ],
                    [
                        -86.672238474826131,
                        36.174980482463127
                    ],
                    [
                        -86.672251886389645,
                        36.174763848638726
                    ],
                    [
                        -86.672256977131994,
                        36.174564888876517
                    ],
                    [
                        -86.67224428069315,
                        36.174366027263225
                    ],
                    [
                        -86.672221490882976,
                        36.174208886180701
                    ],
                    [
                        -86.672205605978064,
                        36.174100237665961
                    ],
                    [
                        -86.672187056779052,
                        36.174010374518389
                    ],
                    [
                        -86.672131670050504,
                        36.173804883890746
                    ],
                    [
                        -86.672072795532358,
                        36.173620931125541
                    ],
                    [
                        -86.671992386473917,
                        36.173427940511154
                    ],
                    [
                        -86.671897345025982,
                        36.173240755186981
                    ],
                    [
                        -86.671788503571591,
                        36.173057766244682
                    ],
                    [
                        -86.671663899740281,
                        36.172880359890094
                    ],
                    [
                        -86.671526932073462,
                        36.172709889787413
                    ],
                    [
                        -86.671357117962131,
                        36.17252815531662
                    ],
                    [
                        -86.670831743300468,
                        36.172001583318043
                    ],
                    [
                        -86.670419000378914,
                        36.171571903419263
                    ]
                ]
            },
            "properties": {
                "OBJECTID": 264,
                "OnStreet": "Knobview Dr",
                "BeginStreet": "Hunters Hill Rd",
                "EndStreet": "Old Lebanon Rd",
                "Neighborhood": "Lincoya Hills",
                "Status": "Completed with vertical measures",
                "CompleteDate": 1690936644000,
                "ConceptDocument": null
            }
        },
        {
            "type": "Feature",
            "id": 267,
            "geometry": {
                "type": "LineString",
                "coordinates": [
                    [
                        -86.597954681510757,
                        36.165081612785627
                    ],
                    [
                        -86.597434351923567,
                        36.16519109488214
                    ],
                    [
                        -86.597098226114412,
                        36.165206035555286
                    ],
                    [
                        -86.596263720925307,
                        36.164907986676944
                    ],
                    [
                        -86.594979653608959,
                        36.164593378585423
                    ],
                    [
                        -86.594625541097926,
                        36.164543387050912
                    ],
                    [
                        -86.594266616167843,
                        36.164567132012351
                    ],
                    [
                        -86.5941031447596,
                        36.164603190380063
                    ],
                    [
                        -86.59235971027266,
                        36.165112636075747
                    ],
                    [
                        -86.59159179509939,
                        36.165337538546304
                    ],
                    [
                        -86.590534533427046,
                        36.165642601277689
                    ],
                    [
                        -86.589473046021112,
                        36.165949964513636
                    ],
                    [
                        -86.588639800186428,
                        36.166199432560468
                    ],
                    [
                        -86.5865742553746,
                        36.166797124981123
                    ]
                ]
            },
            "properties": {
                "OBJECTID": 267,
                "OnStreet": "Lake Pkwy",
                "BeginStreet": "Old Hickory Blvd",
                "EndStreet": "Port Anadarko Trail",
                "Neighborhood": "Lake Park",
                "Status": "Completed with vertical measures",
                "CompleteDate": 1756909064000,
                "ConceptDocument": null
            }
        },
        {
            "type": "Feature",
            "id": 269,
            "geometry": {
                "type": "LineString",
                "coordinates": [
                    [
                        -86.68114474860981,
                        36.156118405828089
                    ],
                    [
                        -86.680388361971708,
                        36.155695352506427
                    ],
                    [
                        -86.680241118378788,
                        36.155180216658515
                    ],
                    [
                        -86.680099749149576,
                        36.154791159652071
                    ],
                    [
                        -86.679570321289432,
                        36.154509592140741
                    ],
                    [
                        -86.678871567447729,
                        36.154376148824177
                    ],
                    [
                        -86.677701823703856,
                        36.15473025036006
                    ],
                    [
                        -86.677390006130977,
                        36.15480823183271
                    ],
                    [
                        -86.676937920291621,
                        36.154823130388849
                    ],
                    [
                        -86.675862487712507,
                        36.15471654610127
                    ],
                    [
                        -86.675215010822853,
                        36.154672308949891
                    ],
                    [
                        -86.673648803055215,
                        36.155412671491959
                    ],
                    [
                        -86.672902122525699,
                        36.155460106076433
                    ],
                    [
                        -86.670970014289637,
                        36.155598165759251
                    ],
                    [
                        -86.669735168456654,
                        36.155514390426688
                    ],
                    [
                        -86.666764525182131,
                        36.155147814727449
                    ],
                    [
                        -86.665269137709529,
                        36.155038194104279
                    ]
                ]
            },
            "properties": {
                "OBJECTID": 269,
                "OnStreet": "Lakeland Dr",
                "BeginStreet": "McGavock Pike",
                "EndStreet": "Knobview Dr",
                "Neighborhood": "Lakeland Pointe",
                "Status": "Completed with vertical measures",
                "CompleteDate": 1710853924000,
                "ConceptDocument": null
            }
        },
        {
            "type": "Feature",
            "id": 270,
            "geometry": {
                "type": "LineString",
                "coordinates": [
                    [
                        -86.808385605437053,
                        36.222164565799048
                    ],
                    [
                        -86.808253344768914,
                        36.222293092376027
                    ],
                    [
                        -86.808123280068159,
                        36.222421471623122
                    ],
                    [
                        -86.807997796213527,
                        36.222500372614014
                    ],
                    [
                        -86.807835788645988,
                        36.222571734505685
                    ],
                    [
                        -86.807548020283548,
                        36.222667057921093
                    ],
                    [
                        -86.806853035384407,
                        36.222863995633965
                    ],
                    [
                        -86.806255851116106,
                        36.22306576966978
                    ],
                    [
                        -86.805898213158841,
                        36.223236412066882
                    ]
                ]
            },
            "properties": {
                "OBJECTID": 270,
                "OnStreet": "Lane Dr",
                "BeginStreet": "Revels Dr",
                "EndStreet": "Whites Creek Pike",
                "Neighborhood": "Haynes Manor",
                "Status": "Completed with vertical measures",
                "CompleteDate": 1758552188000,
                "ConceptDocument": null
            }
        },
        {
            "type": "Feature",
            "id": 274,
            "geometry": {
                "type": "LineString",
                "coordinates": [
                    [
                        -86.787009488625301,
                        36.116874265690967
                    ],
                    [
                        -86.787042991174786,
                        36.117065495404113
                    ],
                    [
                        -86.787414987932664,
                        36.119179326222955
                    ],
                    [
                        -86.787311353303295,
                        36.119731612498789
                    ]
                ]
            },
            "properties": {
                "OBJECTID": 274,
                "OnStreet": "Lealand Ln",
                "BeginStreet": "Kirkwood Ave",
                "EndStreet": "Gale Ln",
                "Neighborhood": "Sevier Park",
                "Status": "Completed with vertical measures",
                "CompleteDate": 1698280710000,
                "ConceptDocument": null
            }
        },
        {
            "type": "Feature",
            "id": 275,
            "geometry": {
                "type": "LineString",
                "coordinates": [
                    [
                        -86.744088205028845,
                        36.225024712100179
                    ],
                    [
                        -86.744496053938221,
                        36.225745258655628
                    ],
                    [
                        -86.74467223180244,
                        36.226173837049757
                    ],
                    [
                        -86.744693442720461,
                        36.226446806176696
                    ],
                    [
                        -86.744542319891991,
                        36.227112516034516
                    ],
                    [
                        -86.744450470022286,
                        36.227440893323795
                    ],
                    [
                        -86.744204382502446,
                        36.228073536880416
                    ],
                    [
                        -86.7440205648534,
                        36.228869015464284
                    ],
                    [
                        -86.743923129222765,
                        36.229694212071315
                    ],
                    [
                        -86.743852554364736,
                        36.230385945371061
                    ],
                    [
                        -86.743721649266675,
                        36.231340882394058
                    ],
                    [
                        -86.743591560720574,
                        36.232292837138552
                    ],
                    [
                        -86.743597025344314,
                        36.232604360117215
                    ],
                    [
                        -86.743605252351742,
                        36.232879011263734
                    ],
                    [
                        -86.743635120580777,
                        36.233261807086848
                    ],
                    [
                        -86.743598985972582,
                        36.233687129960657
                    ],
                    [
                        -86.743434558777466,
                        36.234623957768953
                    ],
                    [
                        -86.743394658163368,
                        36.23482862644228
                    ],
                    [
                        -86.743355207223019,
                        36.234960726453828
                    ],
                    [
                        -86.743276352152805,
                        36.235139538199846
                    ],
                    [
                        -86.743176817518204,
                        36.235342971248848
                    ],
                    [
                        -86.743097968968499,
                        36.235462265238802
                    ],
                    [
                        -86.743009480108597,
                        36.235578183806325
                    ],
                    [
                        -86.742912755179361,
                        36.235689574609907
                    ],
                    [
                        -86.742806938957514,
                        36.235795756137193
                    ],
                    [
                        -86.74269258367687,
                        36.235895352367805
                    ],
                    [
                        -86.742477903067154,
                        36.236053938119845
                    ],
                    [
                        -86.742207630419756,
                        36.236250865290032
                    ],
                    [
                        -86.741981820905096,
                        36.236367856488975
                    ],
                    [
                        -86.741937108866566,
                        36.23639102281679
                    ],
                    [
                        -86.739196764016583,
                        36.236849632830726
                    ],
                    [
                        -86.738687859020231,
                        36.236972011493748
                    ],
                    [
                        -86.738166369278972,
                        36.236956885764073
                    ],
                    [
                        -86.737553123491381,
                        36.236768112161222
                    ]
                ]
            },
            "properties": {
                "OBJECTID": 275,
                "OnStreet": "Lemont Dr",
                "BeginStreet": "Graycroft Ave",
                "EndStreet": "Ben Allen Rd",
                "Neighborhood": "Lemont N",
                "Status": "Completed with vertical measures",
                "CompleteDate": 1705069716000,
                "ConceptDocument": null
            }
        },
        {
            "type": "Feature",
            "id": 276,
            "geometry": {
                "type": "LineString",
                "coordinates": [
                    [
                        -86.708849597411756,
                        36.071526519758613
                    ],
                    [
                        -86.708448006410478,
                        36.071521554878615
                    ],
                    [
                        -86.707947011263556,
                        36.071500231911422
                    ],
                    [
                        -86.707505464371195,
                        36.071504884523449
                    ],
                    [
                        -86.706413473589279,
                        36.0719959268243
                    ],
                    [
                        -86.705821993972123,
                        36.07226426024112
                    ],
                    [
                        -86.705434450517643,
                        36.072380762995721
                    ],
                    [
                        -86.704988932687201,
                        36.072383369259029
                    ],
                    [
                        -86.704699083523337,
                        36.072323711698196
                    ],
                    [
                        -86.704290976397843,
                        36.072093049576551
                    ],
                    [
                        -86.703917432428014,
                        36.071766129782283
                    ],
                    [
                        -86.703338661410669,
                        36.071259592341171
                    ]
                ]
            },
            "properties": {
                "OBJECTID": 276,
                "OnStreet": "Leo Ln",
                "BeginStreet": "Turley Dr",
                "EndStreet": "Margo Ln",
                "Neighborhood": "Haywood Heights",
                "Status": "Completed with vertical measures",
                "CompleteDate": 1664239061000,
                "ConceptDocument": null
            }
        },
        {
            "type": "Feature",
            "id": 279,
            "geometry": {
                "type": "LineString",
                "coordinates": [
                    [
                        -86.678485524155136,
                        36.177755985666828
                    ],
                    [
                        -86.67785523268229,
                        36.177682838521939
                    ],
                    [
                        -86.677389408073438,
                        36.17759205323798
                    ],
                    [
                        -86.676950932541516,
                        36.177430148547671
                    ],
                    [
                        -86.675620453791183,
                        36.176734358970258
                    ],
                    [
                        -86.675083531130952,
                        36.176450068513176
                    ],
                    [
                        -86.674285992243696,
                        36.176032168120521
                    ],
                    [
                        -86.67398244288529,
                        36.175864004814898
                    ],
                    [
                        -86.673014009496441,
                        36.175336480878677
                    ],
                    [
                        -86.672679796385196,
                        36.175214269236086
                    ],
                    [
                        -86.672212269078642,
                        36.175120040618701
                    ]
                ]
            },
            "properties": {
                "OBJECTID": 279,
                "OnStreet": "Lincoya Dr",
                "BeginStreet": "McGavock Pike",
                "EndStreet": "Knobview Dr",
                "Neighborhood": "Lincoya Hills",
                "Status": "Completed with vertical measures",
                "CompleteDate": 1690936697000,
                "ConceptDocument": null
            }
        },
        {
            "type": "Feature",
            "id": 282,
            "geometry": {
                "type": "LineString",
                "coordinates": [
                    [
                        -86.764477872242324,
                        36.186693324720146
                    ],
                    [
                        -86.764520886690875,
                        36.186231767972153
                    ],
                    [
                        -86.764586401076599,
                        36.185563283754178
                    ],
                    [
                        -86.764792436893345,
                        36.184341777293575
                    ],
                    [
                        -86.765029008518752,
                        36.182901139732323
                    ],
                    [
                        -86.76513256290437,
                        36.182320302946344
                    ],
                    [
                        -86.765205594396548,
                        36.181853100656994
                    ],
                    [
                        -86.765398050196382,
                        36.180812488633954
                    ],
                    [
                        -86.765554020830479,
                        36.179741125491638
                    ],
                    [
                        -86.765740637743207,
                        36.178783838781399
                    ]
                ]
            },
            "properties": {
                "OBJECTID": 282,
                "OnStreet": "Lischey Ave",
                "BeginStreet": "Cleveland St",
                "EndStreet": "Grace St",
                "Neighborhood": "McFerrin Park",
                "Status": "Completed with vertical measures",
                "CompleteDate": 1689381480000,
                "ConceptDocument": null
            }
        },
        {
            "type": "Feature",
            "id": 283,
            "geometry": {
                "type": "LineString",
                "coordinates": [
                    [
                        -86.763277774894462,
                        36.193652053404634
                    ],
                    [
                        -86.762785989606456,
                        36.196697059107564
                    ],
                    [
                        -86.762320090607602,
                        36.199177378279536
                    ],
                    [
                        -86.762132701194275,
                        36.200221980746029
                    ],
                    [
                        -86.761961566421604,
                        36.201165525489166
                    ],
                    [
                        -86.761935955974408,
                        36.201305930205173
                    ],
                    [
                        -86.761785817489283,
                        36.202129014841425
                    ],
                    [
                        -86.761562535801332,
                        36.203290590922769
                    ],
                    [
                        -86.761488838921153,
                        36.203763775629028
                    ],
                    [
                        -86.761391433613525,
                        36.204297773402395
                    ],
                    [
                        -86.761287345052153,
                        36.204841885603038
                    ],
                    [
                        -86.761185139906388,
                        36.205376371130612
                    ]
                ]
            },
            "properties": {
                "OBJECTID": 283,
                "OnStreet": "Lischey Ave",
                "BeginStreet": "East Trinity Ln",
                "EndStreet": "Douglas Ave",
                "Neighborhood": "Highland Heights",
                "Status": "Completed with vertical measures",
                "CompleteDate": 1724332654000,
                "ConceptDocument": null
            }
        },
        {
            "type": "Feature",
            "id": 284,
            "geometry": {
                "type": "MultiLineString",
                "coordinates": [
                    [
                        [
                            -86.725157789129895,
                            36.200313327381636
                        ],
                        [
                            -86.723616024766386,
                            36.200232507795974
                        ],
                        [
                            -86.722909733650454,
                            36.200212243127758
                        ]
                    ],
                    [
                        [
                            -86.739164338919082,
                            36.202427298309395
                        ],
                        [
                            -86.73829267372335,
                            36.202336590303624
                        ],
                        [
                            -86.738096162186224,
                            36.202316180405866
                        ],
                        [
                            -86.737193459169603,
                            36.202221186662726
                        ],
                        [
                            -86.736435186069855,
                            36.202141342385509
                        ],
                        [
                            -86.736085450798157,
                            36.20210410073102
                        ],
                        [
                            -86.735699467772662,
                            36.202056776649869
                        ],
                        [
                            -86.734953519963028,
                            36.201974535363185
                        ],
                        [
                            -86.734857624800043,
                            36.201963315233392
                        ],
                        [
                            -86.732755468893501,
                            36.201717334797216
                        ],
                        [
                            -86.732094707333488,
                            36.201643739110807
                        ],
                        [
                            -86.731394936702898,
                            36.201566483574872
                        ],
                        [
                            -86.730842649160962,
                            36.201494055315429
                        ],
                        [
                            -86.730723543252267,
                            36.201472799904998
                        ],
                        [
                            -86.730045257543168,
                            36.201350776309141
                        ],
                        [
                            -86.729924519501722,
                            36.201325998856234
                        ],
                        [
                            -86.729540273492375,
                            36.201247143897433
                        ],
                        [
                            -86.729448064421618,
                            36.201232821219662
                        ],
                        [
                            -86.729239889569484,
                            36.201200884439828
                        ],
                        [
                            -86.729088069431455,
                            36.20115418603509
                        ],
                        [
                            -86.728912451199832,
                            36.20113029410242
                        ],
                        [
                            -86.728285592343511,
                            36.200995122604979
                        ],
                        [
                            -86.727926803816274,
                            36.200917569013022
                        ],
                        [
                            -86.727750707713255,
                            36.200879309539943
                        ],
                        [
                            -86.727621055985693,
                            36.200847584352033
                        ],
                        [
                            -86.726950128051229,
                            36.200711068150625
                        ],
                        [
                            -86.726800661911795,
                            36.200674425149963
                        ],
                        [
                            -86.726432448136777,
                            36.20059216973079
                        ],
                        [
                            -86.725687063507806,
                            36.200405275282968
                        ],
                        [
                            -86.725167050219937,
                            36.200309858704451
                        ]
                    ]
                ]
            },
            "properties": {
                "OBJECTID": 284,
                "OnStreet": "Litton Ave",
                "BeginStreet": "Gallatin Pike",
                "EndStreet": "Riverside Dr",
                "Neighborhood": "Litton-Burns",
                "Status": "Completed with vertical measures",
                "CompleteDate": 1707748155000,
                "ConceptDocument": null
            }
        },
        {
            "type": "Feature",
            "id": 287,
            "geometry": {
                "type": "LineString",
                "coordinates": [
                    [
                        -86.715241343805161,
                        36.255017578623722
                    ],
                    [
                        -86.714526727253315,
                        36.254703462652294
                    ],
                    [
                        -86.714174875335218,
                        36.254569946420091
                    ],
                    [
                        -86.713699304026818,
                        36.254361924307162
                    ],
                    [
                        -86.713539783806297,
                        36.254255047239205
                    ],
                    [
                        -86.71334943089299,
                        36.254051062921697
                    ],
                    [
                        -86.713261344156066,
                        36.253935979715521
                    ],
                    [
                        -86.71302919611685,
                        36.253798627076605
                    ],
                    [
                        -86.712221334449808,
                        36.253599198995751
                    ],
                    [
                        -86.711427188336231,
                        36.253384575450191
                    ],
                    [
                        -86.710944193550361,
                        36.253324008676707
                    ],
                    [
                        -86.710547167936028,
                        36.253205934512415
                    ],
                    [
                        -86.709938849373415,
                        36.252848051790735
                    ],
                    [
                        -86.709648839229516,
                        36.252591995667821
                    ],
                    [
                        -86.709292025125052,
                        36.252481922169764
                    ],
                    [
                        -86.708825788304637,
                        36.252429947369137
                    ],
                    [
                        -86.708547968146846,
                        36.252462022596013
                    ],
                    [
                        -86.708280979863034,
                        36.25253592522008
                    ],
                    [
                        -86.708025029385283,
                        36.252675003478309
                    ],
                    [
                        -86.707788862522392,
                        36.25290896610759
                    ],
                    [
                        -86.707629985214425,
                        36.25315781207
                    ],
                    [
                        -86.707536860068089,
                        36.253363924350957
                    ],
                    [
                        -86.707470463548503,
                        36.253892103679647
                    ],
                    [
                        -86.707405933266713,
                        36.254492094593246
                    ],
                    [
                        -86.70728114826251,
                        36.255652289999169
                    ]
                ]
            },
            "properties": {
                "OBJECTID": 287,
                "OnStreet": "Madison Blvd",
                "BeginStreet": "Gallatin Pike",
                "EndStreet": "Neelys Bend Rd",
                "Neighborhood": "East Meade",
                "Status": "Completed with vertical measures",
                "CompleteDate": 1759243410000,
                "ConceptDocument": null
            }
        },
        {
            "type": "Feature",
            "id": 292,
            "geometry": {
                "type": "LineString",
                "coordinates": [
                    [
                        -86.707405164801187,
                        36.069677719769075
                    ],
                    [
                        -86.705939462905732,
                        36.069680131111461
                    ],
                    [
                        -86.705623490739427,
                        36.069725935000768
                    ],
                    [
                        -86.705324853523678,
                        36.069818796409351
                    ],
                    [
                        -86.704691115080735,
                        36.070217172196912
                    ],
                    [
                        -86.703338661410669,
                        36.071259592341171
                    ],
                    [
                        -86.702733519549795,
                        36.071832920347696
                    ],
                    [
                        -86.702355458203087,
                        36.072416368688245
                    ],
                    [
                        -86.701818536980184,
                        36.073180677686928
                    ],
                    [
                        -86.701366791726571,
                        36.073692210894883
                    ]
                ]
            },
            "properties": {
                "OBJECTID": 292,
                "OnStreet": "Margo Ln",
                "BeginStreet": "Chambers Dr",
                "EndStreet": "Willard Dr",
                "Neighborhood": "Haywood Heights",
                "Status": "Completed with vertical measures",
                "CompleteDate": 1664238096000,
                "ConceptDocument": null
            }
        },
        {
            "type": "Feature",
            "id": 294,
            "geometry": {
                "type": "LineString",
                "coordinates": [
                    [
                        -86.769704708726792,
                        36.138738230532688
                    ],
                    [
                        -86.769966244352077,
                        36.136810632679513
                    ],
                    [
                        -86.770087892115086,
                        36.135994530189471
                    ],
                    [
                        -86.770455858465141,
                        36.133440142991148
                    ]
                ]
            },
            "properties": {
                "OBJECTID": 294,
                "OnStreet": "Martin St",
                "BeginStreet": "Chestnut St",
                "EndStreet": "Wedgewood Ave",
                "Neighborhood": "SNAP",
                "Status": "Completed with vertical measures",
                "CompleteDate": 1677823200000,
                "ConceptDocument": null
            }
        },
        {
            "type": "Feature",
            "id": 295,
            "geometry": {
                "type": "LineString",
                "coordinates": [
                    [
                        -86.780499680787685,
                        36.24284182330949
                    ],
                    [
                        -86.77907715673085,
                        36.242704496901304
                    ],
                    [
                        -86.775736760498347,
                        36.242489977760059
                    ],
                    [
                        -86.774520373698508,
                        36.242248261203976
                    ],
                    [
                        -86.774019320426632,
                        36.242159905435145
                    ],
                    [
                        -86.773685945636004,
                        36.242139606929129
                    ],
                    [
                        -86.773307240341992,
                        36.242194453630972
                    ]
                ]
            },
            "properties": {
                "OBJECTID": 295,
                "OnStreet": "Masonwood Dr",
                "BeginStreet": "Brick Church Pike",
                "EndStreet": "Moorewood Dr",
                "Neighborhood": "Masonwood",
                "Status": "Completed with vertical measures",
                "CompleteDate": 1715087861000,
                "ConceptDocument": null
            }
        },
        {
            "type": "Feature",
            "id": 300,
            "geometry": {
                "type": "LineString",
                "coordinates": [
                    [
                        -86.726583528140878,
                        36.221133155616968
                    ],
                    [
                        -86.718525321291537,
                        36.217301197090208
                    ],
                    [
                        -86.714566975426763,
                        36.215367429356675
                    ],
                    [
                        -86.711949287851155,
                        36.211708745200475
                    ]
                ]
            },
            "properties": {
                "OBJECTID": 300,
                "OnStreet": "McAlpine Ave",
                "BeginStreet": "Gallatin Pike",
                "EndStreet": "McGavock Pike",
                "Neighborhood": "McAlpine",
                "Status": "Completed with vertical measures",
                "CompleteDate": 1756909093000,
                "ConceptDocument": null
            }
        },
        {
            "type": "Feature",
            "id": 302,
            "geometry": {
                "type": "LineString",
                "coordinates": [
                    [
                        -86.743177480108784,
                        36.195018885325347
                    ],
                    [
                        -86.744445056028738,
                        36.195476013601677
                    ],
                    [
                        -86.744402088123636,
                        36.195562123457101
                    ],
                    [
                        -86.747403941264594,
                        36.196575093457412
                    ],
                    [
                        -86.749411452374034,
                        36.197292219410642
                    ],
                    [
                        -86.749986178078245,
                        36.197409062741599
                    ]
                ]
            },
            "properties": {
                "OBJECTID": 302,
                "OnStreet": "McClurkan Ave",
                "BeginStreet": "Inga St",
                "EndStreet": "Gallatin Ave",
                "Neighborhood": "Renraw",
                "Status": "Completed with vertical measures",
                "CompleteDate": 1709142309000,
                "ConceptDocument": null
            }
        },
        {
            "type": "Feature",
            "id": 307,
            "geometry": {
                "type": "LineString",
                "coordinates": [
                    [
                        -86.768058531496294,
                        36.186967000665447
                    ],
                    [
                        -86.768137541738128,
                        36.186289807125092
                    ],
                    [
                        -86.768220160133168,
                        36.185693857353201
                    ],
                    [
                        -86.768319527846572,
                        36.184961363049645
                    ],
                    [
                        -86.768409246261285,
                        36.18439901910925
                    ],
                    [
                        -86.76852568851038,
                        36.183826202538107
                    ],
                    [
                        -86.768584535443281,
                        36.183254669040039
                    ],
                    [
                        -86.768667045000029,
                        36.182706334703049
                    ]
                ]
            },
            "properties": {
                "OBJECTID": 307,
                "OnStreet": "Meridian St",
                "BeginStreet": "Cleveland St",
                "EndStreet": "Grace St",
                "Neighborhood": "McFerrin Park",
                "Status": "Completed with vertical measures",
                "CompleteDate": 1689380536000,
                "ConceptDocument": null
            }
        },
        {
            "type": "Feature",
            "id": 308,
            "geometry": {
                "type": "LineString",
                "coordinates": [
                    [
                        -86.765779676026654,
                        36.205670099507536
                    ],
                    [
                        -86.765865660227746,
                        36.205097025407312
                    ],
                    [
                        -86.765943960805728,
                        36.204576650500556
                    ],
                    [
                        -86.766022599749462,
                        36.204032924408125
                    ],
                    [
                        -86.766123031121595,
                        36.203405962055321
                    ],
                    [
                        -86.766244045450705,
                        36.202512405372055
                    ],
                    [
                        -86.766314839825611,
                        36.202034199595531
                    ],
                    [
                        -86.766385299379465,
                        36.201521428936438
                    ],
                    [
                        -86.766458547611947,
                        36.201034279482521
                    ],
                    [
                        -86.766526776894807,
                        36.200524726720644
                    ],
                    [
                        -86.766620196095261,
                        36.200049810648188
                    ],
                    [
                        -86.76666818416129,
                        36.199550230624737
                    ],
                    [
                        -86.766900784141811,
                        36.198046806505658
                    ],
                    [
                        -86.767048281903257,
                        36.19700222098669
                    ],
                    [
                        -86.767070552048679,
                        36.196764230564824
                    ],
                    [
                        -86.767192969523066,
                        36.195930181488173
                    ],
                    [
                        -86.76731991954432,
                        36.195097934635278
                    ],
                    [
                        -86.767418382273618,
                        36.193977886725413
                    ]
                ]
            },
            "properties": {
                "OBJECTID": 308,
                "OnStreet": "Meridian St",
                "BeginStreet": "East Trinity Ln",
                "EndStreet": "Douglas Ave",
                "Neighborhood": "Highland Heights",
                "Status": "Completed with vertical measures",
                "CompleteDate": 1735711200000,
                "ConceptDocument": null
            }
        },
        {
            "type": "Feature",
            "id": 312,
            "geometry": {
                "type": "LineString",
                "coordinates": [
                    [
                        -86.71768401812632,
                        36.185593844096012
                    ],
                    [
                        -86.716946017898167,
                        36.185602843534625
                    ],
                    [
                        -86.716272017867098,
                        36.185446843669233
                    ],
                    [
                        -86.715790017829235,
                        36.185183843445976
                    ],
                    [
                        -86.715657017198836,
                        36.185050843537354
                    ],
                    [
                        -86.715332016746373,
                        36.184298843287642
                    ],
                    [
                        -86.715126017379916,
                        36.183496843648904
                    ],
                    [
                        -86.715091017332355,
                        36.182982843265378
                    ],
                    [
                        -86.71510901715844,
                        36.182645843729659
                    ],
                    [
                        -86.715152016605529,
                        36.182256842943609
                    ],
                    [
                        -86.715202017178342,
                        36.181848843505577
                    ],
                    [
                        -86.71526701704326,
                        36.181207843225032
                    ],
                    [
                        -86.715256017279643,
                        36.180745842807909
                    ],
                    [
                        -86.715100016425097,
                        36.180233843217493
                    ],
                    [
                        -86.714756016966845,
                        36.179512842944497
                    ],
                    [
                        -86.714554016729991,
                        36.179006842379657
                    ],
                    [
                        -86.714447016304703,
                        36.178524842179755
                    ]
                ]
            },
            "properties": {
                "OBJECTID": 312,
                "OnStreet": "Mitchell Rd",
                "BeginStreet": "Preston Dr",
                "EndStreet": "Eastland Ave",
                "Neighborhood": "Rosebank",
                "Status": "Completed with vertical measures",
                "CompleteDate": 1686788562000,
                "ConceptDocument": null
            }
        },
        {
            "type": "Feature",
            "id": 317,
            "geometry": {
                "type": "LineString",
                "coordinates": [
                    [
                        -86.817679048786914,
                        36.214801844953001
                    ],
                    [
                        -86.813200047496764,
                        36.216121845847873
                    ],
                    [
                        -86.810031046794123,
                        36.217046846008813
                    ],
                    [
                        -86.808082046136164,
                        36.217613846278383
                    ],
                    [
                        -86.806555046066308,
                        36.218036845952156
                    ],
                    [
                        -86.805770045768696,
                        36.218124846470062
                    ],
                    [
                        -86.803452044119155,
                        36.218138846201043
                    ]
                ]
            },
            "properties": {
                "OBJECTID": 317,
                "OnStreet": "Moormans Arm Rd",
                "BeginStreet": "Buena Vista Pike",
                "EndStreet": "Whites Creek Pike",
                "Neighborhood": "Haynes Manor",
                "Status": "Completed with vertical measures",
                "CompleteDate": 1758552234000,
                "ConceptDocument": null
            }
        },
        {
            "type": "Feature",
            "id": 326,
            "geometry": {
                "type": "LineString",
                "coordinates": [
                    [
                        -86.745064162629006,
                        36.18233878429222
                    ],
                    [
                        -86.744954632427707,
                        36.18288360554655
                    ],
                    [
                        -86.744909242215982,
                        36.183462826786041
                    ],
                    [
                        -86.744996812383135,
                        36.183466178055824
                    ],
                    [
                        -86.744689319559058,
                        36.184220767912251
                    ],
                    [
                        -86.744421622405213,
                        36.184943520378688
                    ],
                    [
                        -86.744344617715555,
                        36.185043117763705
                    ],
                    [
                        -86.743941831389137,
                        36.185966091496091
                    ],
                    [
                        -86.743532719044268,
                        36.186908102944059
                    ],
                    [
                        -86.743271843076997,
                        36.187517035899475
                    ],
                    [
                        -86.743088592087318,
                        36.187941896339915
                    ],
                    [
                        -86.742905346677347,
                        36.188367443166911
                    ],
                    [
                        -86.742656715375531,
                        36.188867562038254
                    ],
                    [
                        -86.742634811888948,
                        36.188910962694635
                    ],
                    [
                        -86.742517008209319,
                        36.189178151294797
                    ],
                    [
                        -86.742399206990086,
                        36.189445568660567
                    ],
                    [
                        -86.742186591378143,
                        36.189992622453076
                    ]
                ]
            },
            "properties": {
                "OBJECTID": 326,
                "OnStreet": "N 14th St",
                "BeginStreet": "Greenwood Ave",
                "EndStreet": "Stratton Ave",
                "Neighborhood": "Eastwood Neighbors",
                "Status": "Completed with vertical measures",
                "CompleteDate": 1729004397000,
                "ConceptDocument": null
            }
        },
        {
            "type": "Feature",
            "id": 329,
            "geometry": {
                "type": "LineString",
                "coordinates": [
                    [
                        -86.670404764313346,
                        36.235084970846017
                    ],
                    [
                        -86.667223011633666,
                        36.235984143437811
                    ],
                    [
                        -86.666466406420696,
                        36.236199380388697
                    ],
                    [
                        -86.666067219475934,
                        36.236310317946632
                    ],
                    [
                        -86.665433014961863,
                        36.236498319204557
                    ],
                    [
                        -86.66484571049449,
                        36.236652179461267
                    ],
                    [
                        -86.662842844781878,
                        36.237192898453365
                    ],
                    [
                        -86.662314393991863,
                        36.237323531808833
                    ],
                    [
                        -86.658448694033993,
                        36.238264906197344
                    ],
                    [
                        -86.657297681468393,
                        36.238562354811521
                    ],
                    [
                        -86.656113964114056,
                        36.238869814281209
                    ],
                    [
                        -86.655400005320971,
                        36.239054991692662
                    ]
                ]
            },
            "properties": {
                "OBJECTID": 329,
                "OnStreet": "Nawaka Trail",
                "BeginStreet": "Neelys Bend Rd",
                "EndStreet": "Pawnee Trail",
                "Neighborhood": "Nawaka Trail",
                "Status": "Completed with vertical measures",
                "CompleteDate": 1718630284000,
                "ConceptDocument": null
            }
        },
        {
            "type": "Feature",
            "id": 330,
            "geometry": {
                "type": "LineString",
                "coordinates": [
                    [
                        -86.848017378216298,
                        36.143148381598948
                    ],
                    [
                        -86.8383294680078,
                        36.143437515955306
                    ],
                    [
                        -86.830650293885071,
                        36.142691676932287
                    ],
                    [
                        -86.829230442290566,
                        36.142296016789523
                    ],
                    [
                        -86.828918230283776,
                        36.142263594467579
                    ]
                ]
            },
            "properties": {
                "OBJECTID": 330,
                "OnStreet": "Nebraska Ave",
                "BeginStreet": "51st Ave N",
                "EndStreet": "37th Ave N",
                "Neighborhood": "Sylvan Park East",
                "Status": "Completed with vertical measures",
                "CompleteDate": 1688084601000,
                "ConceptDocument": null
            }
        },
        {
            "type": "Feature",
            "id": 332,
            "geometry": {
                "type": "LineString",
                "coordinates": [
                    [
                        -86.72059553367059,
                        36.107109620092196
                    ],
                    [
                        -86.723914638809617,
                        36.107395128719631
                    ],
                    [
                        -86.724399417255427,
                        36.107438002862416
                    ],
                    [
                        -86.725134347194853,
                        36.107502721607098
                    ],
                    [
                        -86.725270983552448,
                        36.107512889292529
                    ],
                    [
                        -86.72536577857062,
                        36.107513463814662
                    ],
                    [
                        -86.725478285051921,
                        36.107507292902831
                    ],
                    [
                        -86.725729339842118,
                        36.107504408903594
                    ],
                    [
                        -86.726003198562708,
                        36.107434769084307
                    ],
                    [
                        -86.726150021818938,
                        36.107386726642282
                    ],
                    [
                        -86.726310747745785,
                        36.107316394585169
                    ],
                    [
                        -86.726759929983885,
                        36.107107198421808
                    ],
                    [
                        -86.726879962617332,
                        36.107060232218629
                    ],
                    [
                        -86.727077239845983,
                        36.107007534063634
                    ],
                    [
                        -86.727428153681458,
                        36.106973139600257
                    ],
                    [
                        -86.727806586640696,
                        36.106955747413167
                    ],
                    [
                        -86.728401002888745,
                        36.106987413243957
                    ],
                    [
                        -86.728727071560797,
                        36.107012456600486
                    ]
                ]
            },
            "properties": {
                "OBJECTID": 332,
                "OnStreet": "Neese Dr",
                "BeginStreet": "Southlake Dr",
                "EndStreet": "Glencliff Rd",
                "Neighborhood": "Neese Dr",
                "Status": "Completed with vertical measures",
                "CompleteDate": 1670306400000,
                "ConceptDocument": null
            }
        },
        {
            "type": "Feature",
            "id": 340,
            "geometry": {
                "type": "LineString",
                "coordinates": [
                    [
                        -86.752609897348449,
                        36.204782506981701
                    ],
                    [
                        -86.752457631595504,
                        36.206001079696925
                    ],
                    [
                        -86.752335769424789,
                        36.207000845394141
                    ],
                    [
                        -86.752249104026134,
                        36.207750867709947
                    ],
                    [
                        -86.752243187171132,
                        36.208203754466112
                    ],
                    [
                        -86.752317522256533,
                        36.208531515494016
                    ],
                    [
                        -86.752688161872427,
                        36.209041298907586
                    ],
                    [
                        -86.752919302533442,
                        36.209257560999376
                    ],
                    [
                        -86.753340376330527,
                        36.209634025910646
                    ],
                    [
                        -86.753630724630213,
                        36.210105619868159
                    ],
                    [
                        -86.753724949379958,
                        36.210865501773476
                    ],
                    [
                        -86.753590320603095,
                        36.212098307272612
                    ],
                    [
                        -86.753473567826461,
                        36.212959788871231
                    ]
                ]
            },
            "properties": {
                "OBJECTID": 340,
                "OnStreet": "Oakwood Ave",
                "BeginStreet": "Bethwood Dr",
                "EndStreet": "East Trinity Ln",
                "Neighborhood": "Oakwood Ave",
                "Status": "Completed with vertical measures",
                "CompleteDate": 1718897357000,
                "ConceptDocument": null
            }
        },
        {
            "type": "Feature",
            "id": 341,
            "geometry": {
                "type": "LineString",
                "coordinates": [
                    [
                        -86.873125022875939,
                        36.148927622812856
                    ],
                    [
                        -86.87176229069587,
                        36.149290707114481
                    ],
                    [
                        -86.869827808745427,
                        36.149701790095605
                    ],
                    [
                        -86.868637260417046,
                        36.149889208927767
                    ],
                    [
                        -86.867597375389437,
                        36.149953246285989
                    ],
                    [
                        -86.866778612785538,
                        36.149849701472462
                    ],
                    [
                        -86.866129306087501,
                        36.149746541903468
                    ],
                    [
                        -86.864803516432005,
                        36.149937528834123
                    ],
                    [
                        -86.861941486010721,
                        36.150346554085779
                    ],
                    [
                        -86.861013120976693,
                        36.150621251927035
                    ],
                    [
                        -86.85874867865067,
                        36.150692330047754
                    ],
                    [
                        -86.857889476682644,
                        36.150717554917328
                    ]
                ]
            },
            "properties": {
                "OBJECTID": 341,
                "OnStreet": "Obrien Ave",
                "BeginStreet": "Westboro Dr",
                "EndStreet": "White Bridge Pike",
                "Neighborhood": "Obrien",
                "Status": "Completed with vertical measures",
                "CompleteDate": 1650068621000,
                "ConceptDocument": null
            }
        },
        {
            "type": "Feature",
            "id": 342,
            "geometry": {
                "type": "LineString",
                "coordinates": [
                    [
                        -86.714361608953098,
                        36.051523021395155
                    ],
                    [
                        -86.713222883927585,
                        36.051766020039452
                    ],
                    [
                        -86.712709373789949,
                        36.051750056893425
                    ],
                    [
                        -86.712057626465608,
                        36.051587099522244
                    ],
                    [
                        -86.711031937234068,
                        36.051335532325808
                    ],
                    [
                        -86.710573644503555,
                        36.05137806872159
                    ],
                    [
                        -86.710093818033826,
                        36.051534736222408
                    ],
                    [
                        -86.70968283138788,
                        36.051762035212533
                    ],
                    [
                        -86.709234809075312,
                        36.052038170809709
                    ],
                    [
                        -86.708334621879516,
                        36.05238273651603
                    ],
                    [
                        -86.707956095781384,
                        36.052424336204005
                    ],
                    [
                        -86.707488427563405,
                        36.052396177268356
                    ],
                    [
                        -86.706346137826884,
                        36.052241941436883
                    ],
                    [
                        -86.705321584336744,
                        36.051904111635977
                    ],
                    [
                        -86.703912461719881,
                        36.051522007984829
                    ],
                    [
                        -86.702724456688728,
                        36.051455913085483
                    ],
                    [
                        -86.699551004047493,
                        36.051401817977471
                    ],
                    [
                        -86.698184414238028,
                        36.050898076274692
                    ],
                    [
                        -86.697401747252329,
                        36.050471307652053
                    ],
                    [
                        -86.695547002193209,
                        36.050142818096141
                    ],
                    [
                        -86.693077005763726,
                        36.049925996422914
                    ],
                    [
                        -86.692333002203796,
                        36.049970818249619
                    ],
                    [
                        -86.688336000964696,
                        36.051703818075794
                    ],
                    [
                        -86.687956807095532,
                        36.051923426287011
                    ],
                    [
                        -86.687549000000232,
                        36.052451818371651
                    ],
                    [
                        -86.687443990560467,
                        36.052867016291614
                    ]
                ]
            },
            "properties": {
                "OBJECTID": 342,
                "OnStreet": "Ocala Dr",
                "BeginStreet": "Nolensville Pike",
                "EndStreet": "Tusculum Rd",
                "Neighborhood": "Ocala",
                "Status": "Completed with vertical measures",
                "CompleteDate": 1711115411000,
                "ConceptDocument": null
            }
        },
        {
            "type": "Feature",
            "id": 344,
            "geometry": {
                "type": "LineString",
                "coordinates": [
                    [
                        -86.621792064631421,
                        36.009151539775779
                    ],
                    [
                        -86.622334449682526,
                        36.009222538374679
                    ],
                    [
                        -86.622797360818396,
                        36.009190676213166
                    ],
                    [
                        -86.623898025299056,
                        36.009049807874412
                    ],
                    [
                        -86.624908075015753,
                        36.008933999498495
                    ],
                    [
                        -86.625364458466876,
                        36.008889278233831
                    ],
                    [
                        -86.625842204552768,
                        36.008802322296624
                    ],
                    [
                        -86.626231843979411,
                        36.00869041149079
                    ],
                    [
                        -86.627258288130633,
                        36.008296349015978
                    ],
                    [
                        -86.628202013001328,
                        36.007954218087754
                    ],
                    [
                        -86.629032202350743,
                        36.007614505002842
                    ],
                    [
                        -86.629389417103951,
                        36.007501149826815
                    ],
                    [
                        -86.629758670785293,
                        36.007378116537531
                    ],
                    [
                        -86.630052714843472,
                        36.007328732711798
                    ],
                    [
                        -86.630763496983775,
                        36.007246719024273
                    ],
                    [
                        -86.631270528602215,
                        36.007124104132124
                    ],
                    [
                        -86.632570050986075,
                        36.006497471770487
                    ],
                    [
                        -86.63307676039814,
                        36.0061841550542
                    ],
                    [
                        -86.633456314090424,
                        36.005819403839801
                    ]
                ]
            },
            "properties": {
                "OBJECTID": 344,
                "OnStreet": "October Woods Dr",
                "BeginStreet": "Old Hickory Blvd",
                "EndStreet": "Red Apple Rd",
                "Neighborhood": "October Woods",
                "Status": "Completed with vertical measures",
                "CompleteDate": 1731681448000,
                "ConceptDocument": null
            }
        },
        {
            "type": "Feature",
            "id": 346,
            "geometry": {
                "type": "LineString",
                "coordinates": [
                    [
                        -86.789614632457415,
                        36.211756047987627
                    ],
                    [
                        -86.789627586970539,
                        36.212177634104748
                    ],
                    [
                        -86.789408776786502,
                        36.212615157288248
                    ],
                    [
                        -86.78893033339817,
                        36.213391116979587
                    ],
                    [
                        -86.78878493865632,
                        36.213627167919476
                    ],
                    [
                        -86.788601870237002,
                        36.214023479375591
                    ],
                    [
                        -86.788509579663952,
                        36.214401342124283
                    ],
                    [
                        -86.788514286305457,
                        36.214874717644612
                    ],
                    [
                        -86.788706829439519,
                        36.215459265973521
                    ],
                    [
                        -86.788952761450517,
                        36.215841820571924
                    ],
                    [
                        -86.78925756773387,
                        36.216297406319399
                    ],
                    [
                        -86.789576991840278,
                        36.216629312619709
                    ],
                    [
                        -86.789786215537532,
                        36.216816803023363
                    ],
                    [
                        -86.790937838909286,
                        36.217822236240245
                    ],
                    [
                        -86.79121326862095,
                        36.218075678040975
                    ],
                    [
                        -86.791446894311235,
                        36.21838616422454
                    ],
                    [
                        -86.791603192770822,
                        36.218676326044196
                    ],
                    [
                        -86.791800956983735,
                        36.219101507048343
                    ],
                    [
                        -86.792083601131779,
                        36.219425864465741
                    ],
                    [
                        -86.792430582038378,
                        36.219544457716644
                    ],
                    [
                        -86.792748294106659,
                        36.219589530115982
                    ],
                    [
                        -86.792946577634908,
                        36.219613638507816
                    ],
                    [
                        -86.793254230656018,
                        36.219585063643763
                    ],
                    [
                        -86.793486917560912,
                        36.219489907208668
                    ],
                    [
                        -86.793651750116297,
                        36.219361545099574
                    ],
                    [
                        -86.793815979166226,
                        36.219088279955898
                    ],
                    [
                        -86.793829623535402,
                        36.218899102990761
                    ],
                    [
                        -86.793795222120593,
                        36.218679794639769
                    ],
                    [
                        -86.793790273190154,
                        36.218467619013587
                    ]
                ]
            },
            "properties": {
                "OBJECTID": 346,
                "OnStreet": "Old Matthews Rd",
                "BeginStreet": "Troy Ct",
                "EndStreet": "Trinity Hills Pkwy",
                "Neighborhood": "Old Matthews Road",
                "Status": "Completed with vertical measures",
                "CompleteDate": 1762787148000,
                "ConceptDocument": null
            }
        },
        {
            "type": "Feature",
            "id": 348,
            "geometry": {
                "type": "LineString",
                "coordinates": [
                    [
                        -86.80863721876257,
                        36.104326773319571
                    ],
                    [
                        -86.807110829829,
                        36.104163740699654
                    ],
                    [
                        -86.807394038278119,
                        36.101879822880719
                    ]
                ]
            },
            "properties": {
                "OBJECTID": 348,
                "OnStreet": "Oriole Place",
                "BeginStreet": "Richard Jones Rd",
                "EndStreet": "Shackleford Rd",
                "Neighborhood": "Belmont Park Terrace",
                "Status": "Completed with vertical measures",
                "CompleteDate": 1651278235000,
                "ConceptDocument": null
            }
        },
        {
            "type": "Feature",
            "id": 350,
            "geometry": {
                "type": "LineString",
                "coordinates": [
                    [
                        -86.810884100195025,
                        36.064024634297184
                    ],
                    [
                        -86.811190720119484,
                        36.06453445688291
                    ],
                    [
                        -86.811487827599208,
                        36.064883451734111
                    ],
                    [
                        -86.81167910238068,
                        36.065095529095402
                    ],
                    [
                        -86.8121748761167,
                        36.065377612429621
                    ],
                    [
                        -86.812740530199292,
                        36.065651265049105
                    ]
                ]
            },
            "properties": {
                "OBJECTID": 350,
                "OnStreet": "Otter Creek Rd",
                "BeginStreet": "Granny White Pike",
                "EndStreet": "Shenadoah Ct",
                "Neighborhood": "Radnor Lake",
                "Status": "Completed with vertical measures",
                "CompleteDate": 1708007444000,
                "ConceptDocument": null
            }
        },
        {
            "type": "Feature",
            "id": 352,
            "geometry": {
                "type": "LineString",
                "coordinates": [
                    [
                        -86.818737142300208,
                        36.100954474411076
                    ],
                    [
                        -86.818388630736081,
                        36.100777819195073
                    ],
                    [
                        -86.81628564697067,
                        36.099213846711557
                    ],
                    [
                        -86.81541251221033,
                        36.098684063870941
                    ],
                    [
                        -86.812368543380259,
                        36.098378257726097
                    ],
                    [
                        -86.809704656469108,
                        36.098113349238176
                    ]
                ]
            },
            "properties": {
                "OBJECTID": 352,
                "OnStreet": "Overhill Dr",
                "BeginStreet": "Hillsboro Pike",
                "EndStreet": "Lone Oak Rd",
                "Neighborhood": "Overhill-Castleman",
                "Status": "Completed with vertical measures",
                "CompleteDate": 1677477600000,
                "ConceptDocument": null
            }
        },
        {
            "type": "Feature",
            "id": 353,
            "geometry": {
                "type": "LineString",
                "coordinates": [
                    [
                        -86.622120566092676,
                        36.064784067923028
                    ],
                    [
                        -86.621891840563578,
                        36.066181926248305
                    ],
                    [
                        -86.622130112372744,
                        36.066795591366493
                    ],
                    [
                        -86.622664949145133,
                        36.067436568995696
                    ],
                    [
                        -86.623491616462644,
                        36.06831794523243
                    ],
                    [
                        -86.624240683952607,
                        36.069171231702072
                    ],
                    [
                        -86.624343770785245,
                        36.069874187108951
                    ],
                    [
                        -86.624223222842573,
                        36.070394243753171
                    ],
                    [
                        -86.623786520118401,
                        36.072523910678754
                    ],
                    [
                        -86.623630842517699,
                        36.073886365321243
                    ],
                    [
                        -86.623544281916139,
                        36.074606325380159
                    ],
                    [
                        -86.623565168923122,
                        36.076836408804859
                    ],
                    [
                        -86.623321182684791,
                        36.077368548240841
                    ],
                    [
                        -86.622593260269454,
                        36.078151342631514
                    ]
                ]
            },
            "properties": {
                "OBJECTID": 353,
                "OnStreet": "Owendale Dr",
                "BeginStreet": "Mossdale Dr",
                "EndStreet": "Hamilton Church Rd",
                "Neighborhood": "Owendale",
                "Status": "Completed with vertical measures",
                "CompleteDate": 1676008800000,
                "ConceptDocument": null
            }
        },
        {
            "type": "Feature",
            "id": 354,
            "geometry": {
                "type": "LineString",
                "coordinates": [
                    [
                        -86.866901892661488,
                        36.083137509371014
                    ],
                    [
                        -86.867003019581603,
                        36.083716339962344
                    ],
                    [
                        -86.86708680294258,
                        36.084690174797323
                    ],
                    [
                        -86.867795663409069,
                        36.08519032156839
                    ],
                    [
                        -86.868521733973907,
                        36.085587093324726
                    ],
                    [
                        -86.868718592845497,
                        36.085793084561153
                    ],
                    [
                        -86.868541458401779,
                        36.087932788290622
                    ],
                    [
                        -86.868097483507711,
                        36.092007487583501
                    ],
                    [
                        -86.867807217068915,
                        36.09456098867178
                    ],
                    [
                        -86.867780414282791,
                        36.095102597766122
                    ],
                    [
                        -86.867821960752906,
                        36.09534244537975
                    ],
                    [
                        -86.867978309733843,
                        36.095733765206305
                    ],
                    [
                        -86.868917681546577,
                        36.098084884145173
                    ],
                    [
                        -86.869384288777397,
                        36.099252737734524
                    ],
                    [
                        -86.869905861624389,
                        36.099818780030432
                    ],
                    [
                        -86.870692363704066,
                        36.100211077216095
                    ],
                    [
                        -86.871117586856627,
                        36.100347098975753
                    ]
                ]
            },
            "properties": {
                "OBJECTID": 354,
                "OnStreet": "Page Rd",
                "BeginStreet": "Harding Pike",
                "EndStreet": "Belle Meade Blvd",
                "Neighborhood": "Belle Meade Highlands",
                "Status": "Completed with vertical measures",
                "CompleteDate": 1735711200000,
                "ConceptDocument": null
            }
        },
        {
            "type": "Feature",
            "id": 357,
            "geometry": {
                "type": "LineString",
                "coordinates": [
                    [
                        -86.869099565538235,
                        36.150721772856564
                    ],
                    [
                        -86.869336460499738,
                        36.150633689605421
                    ],
                    [
                        -86.870018654643843,
                        36.150596262918405
                    ],
                    [
                        -86.870440462071116,
                        36.150502108817747
                    ],
                    [
                        -86.871362930854872,
                        36.150246150828899
                    ],
                    [
                        -86.872437154330669,
                        36.150058224923775
                    ],
                    [
                        -86.873791474647135,
                        36.149750593049646
                    ]
                ]
            },
            "properties": {
                "OBJECTID": 357,
                "OnStreet": "Patton Ave",
                "BeginStreet": "Westboro Dr",
                "EndStreet": "East Bend Dr",
                "Neighborhood": "Twin/Snyder/Patton",
                "Status": "Completed with vertical measures",
                "CompleteDate": 1746713383000,
                "ConceptDocument": null
            }
        },
        {
            "type": "Feature",
            "id": 358,
            "geometry": {
                "type": "LineString",
                "coordinates": [
                    [
                        -86.690991162740744,
                        36.296659887209074
                    ],
                    [
                        -86.690764899929249,
                        36.296655915215382
                    ],
                    [
                        -86.690421696960755,
                        36.296699766569539
                    ],
                    [
                        -86.690105927174571,
                        36.296808929222145
                    ],
                    [
                        -86.689685980941078,
                        36.297067708049511
                    ],
                    [
                        -86.688959846418072,
                        36.297757898519428
                    ],
                    [
                        -86.688383954377812,
                        36.298295918242502
                    ],
                    [
                        -86.686484053547829,
                        36.300111007991639
                    ],
                    [
                        -86.685674111564154,
                        36.300828894981223
                    ],
                    [
                        -86.685234075208299,
                        36.301253961664003
                    ],
                    [
                        -86.685066048750045,
                        36.301478102752355
                    ]
                ]
            },
            "properties": {
                "OBJECTID": 358,
                "OnStreet": "Paula Dr",
                "BeginStreet": "Shepherd Hills Dr",
                "EndStreet": "End of Street",
                "Neighborhood": "Paula Dr",
                "Status": "Completed with vertical measures",
                "CompleteDate": 1735711200000,
                "ConceptDocument": null
            }
        },
        {
            "type": "Feature",
            "id": 359,
            "geometry": {
                "type": "LineString",
                "coordinates": [
                    [
                        -86.750026189638476,
                        36.12054208400658
                    ],
                    [
                        -86.747903607414202,
                        36.120406273131188
                    ],
                    [
                        -86.745322502027577,
                        36.120232430229052
                    ],
                    [
                        -86.743056867459359,
                        36.120092341990478
                    ],
                    [
                        -86.743039471438692,
                        36.120223393904332
                    ],
                    [
                        -86.739124484921362,
                        36.119942601436925
                    ],
                    [
                        -86.735522985814669,
                        36.119682447930181
                    ],
                    [
                        -86.733631085676535,
                        36.119541097519374
                    ],
                    [
                        -86.732487877702212,
                        36.119367194979652
                    ],
                    [
                        -86.731548681717186,
                        36.118765328786893
                    ],
                    [
                        -86.730744957973513,
                        36.118726573364462
                    ],
                    [
                        -86.730549134002672,
                        36.118717130786131
                    ]
                ]
            },
            "properties": {
                "OBJECTID": 359,
                "OnStreet": "Peachtree St",
                "BeginStreet": "Nolensville Pike",
                "EndStreet": "Whitsett Rd",
                "Neighborhood": "Woodbine",
                "Status": "Completed with vertical measures",
                "CompleteDate": 1696551868000,
                "ConceptDocument": null
            }
        },
        {
            "type": "Feature",
            "id": 360,
            "geometry": {
                "type": "LineString",
                "coordinates": [
                    [
                        -86.663266032223092,
                        36.074134266954275
                    ],
                    [
                        -86.662880374945644,
                        36.073978428572602
                    ],
                    [
                        -86.662736423655758,
                        36.073928398533681
                    ],
                    [
                        -86.662586117652026,
                        36.073894199121071
                    ],
                    [
                        -86.662438737651158,
                        36.073872574354304
                    ],
                    [
                        -86.661745895008764,
                        36.073772447310674
                    ],
                    [
                        -86.6614705818575,
                        36.073727944214852
                    ],
                    [
                        -86.661238637598004,
                        36.073676334847605
                    ],
                    [
                        -86.661012233043976,
                        36.073612789624676
                    ],
                    [
                        -86.660789684365739,
                        36.073538006386599
                    ],
                    [
                        -86.660574943921105,
                        36.073452649372854
                    ],
                    [
                        -86.660408337172512,
                        36.073356955570965
                    ],
                    [
                        -86.660165767997356,
                        36.073248170936047
                    ],
                    [
                        -86.659974176322663,
                        36.073131780218731
                    ],
                    [
                        -86.658901966921078,
                        36.07244148157033
                    ],
                    [
                        -86.657994893417211,
                        36.071838179591943
                    ],
                    [
                        -86.657283134395939,
                        36.071357424979119
                    ],
                    [
                        -86.656878909393512,
                        36.071203729903495
                    ],
                    [
                        -86.656729764650763,
                        36.071172492915295
                    ],
                    [
                        -86.65662643902894,
                        36.071157946677587
                    ],
                    [
                        -86.656443598914734,
                        36.071144062298821
                    ],
                    [
                        -86.656290705430408,
                        36.071136882382035
                    ],
                    [
                        -86.656137569703745,
                        36.071134511029868
                    ],
                    [
                        -86.655984466896101,
                        36.071136259966771
                    ],
                    [
                        -86.655831402982997,
                        36.071142587011707
                    ],
                    [
                        -86.655678936988053,
                        36.071153031272623
                    ],
                    [
                        -86.655526790695944,
                        36.071168052115894
                    ],
                    [
                        -86.655348531488386,
                        36.071196721345935
                    ],
                    [
                        -86.655072300751044,
                        36.071244465719992
                    ],
                    [
                        -86.654835245386465,
                        36.071289936327858
                    ],
                    [
                        -86.654716100456909,
                        36.071306150426807
                    ],
                    [
                        -86.654530735935012,
                        36.071327989262961
                    ],
                    [
                        -86.654344769665713,
                        36.07134525256631
                    ],
                    [
                        -86.654158202455392,
                        36.071358169255632
                    ],
                    [
                        -86.653972094719094,
                        36.071358263326054
                    ],
                    [
                        -86.653854462363924,
                        36.07135272042818
                    ],
                    [
                        -86.653737360834967,
                        36.071343282800633
                    ],
                    [
                        -86.653466439981727,
                        36.071316822777121
                    ],
                    [
                        -86.653104126120994,
                        36.07128673666535
                    ],
                    [
                        -86.652929135558281,
                        36.071267081289648
                    ],
                    [
                        -86.652438911320033,
                        36.071215937981009
                    ],
                    [
                        -86.652133827937973,
                        36.071184165642833
                    ],
                    [
                        -86.652024894581118,
                        36.071173537537788
                    ],
                    [
                        -86.65164696770168,
                        36.071130482737736
                    ],
                    [
                        -86.649288491333536,
                        36.070926415429106
                    ],
                    [
                        -86.649096827518335,
                        36.070936604631058
                    ],
                    [
                        -86.648410018636881,
                        36.071086814119575
                    ],
                    [
                        -86.648241210686805,
                        36.071133507111639
                    ],
                    [
                        -86.648151853315781,
                        36.071137421476841
                    ],
                    [
                        -86.648150161499828,
                        36.071137430573231
                    ],
                    [
                        -86.648005557908675,
                        36.071143931114946
                    ],
                    [
                        -86.64800443003125,
                        36.071143937177823
                    ],
                    [
                        -86.64771095795858,
                        36.07111804330507
                    ],
                    [
                        -86.647167282404396,
                        36.071052415387413
                    ],
                    [
                        -86.646618884966387,
                        36.070991813364977
                    ],
                    [
                        -86.64618057771321,
                        36.070994163647526
                    ],
                    [
                        -86.645837330130007,
                        36.071135800895426
                    ],
                    [
                        -86.645713030852988,
                        36.071250847520751
                    ]
                ]
            },
            "properties": {
                "OBJECTID": 360,
                "OnStreet": "Pebble Creek Dr",
                "BeginStreet": "Una Antioch Pike",
                "EndStreet": "Edge O Lake Dr",
                "Neighborhood": "Oakwood HOA",
                "Status": "Completed with vertical measures",
                "CompleteDate": 1685682000000,
                "ConceptDocument": null
            }
        },
        {
            "type": "Feature",
            "id": 362,
            "geometry": {
                "type": "LineString",
                "coordinates": [
                    [
                        -86.754101839809877,
                        36.187312750958242
                    ],
                    [
                        -86.753485778781126,
                        36.187260990535684
                    ],
                    [
                        -86.752369646294142,
                        36.187167205640719
                    ],
                    [
                        -86.752297011798703,
                        36.187161019580238
                    ],
                    [
                        -86.747993588184244,
                        36.186743881460117
                    ],
                    [
                        -86.747769457339942,
                        36.186723522469073
                    ],
                    [
                        -86.747217891988129,
                        36.186688478915258
                    ],
                    [
                        -86.747150642814518,
                        36.186594350079957
                    ]
                ]
            },
            "properties": {
                "OBJECTID": 362,
                "OnStreet": "Petway Ave",
                "BeginStreet": "Seymour Ave",
                "EndStreet": "Gallatin Ave",
                "Neighborhood": "Greenwood",
                "Status": "Completed with vertical measures",
                "CompleteDate": 1735711200000,
                "ConceptDocument": null
            }
        },
        {
            "type": "Feature",
            "id": 363,
            "geometry": {
                "type": "LineString",
                "coordinates": [
                    [
                        -86.846334795735473,
                        36.217563034645032
                    ],
                    [
                        -86.846457818326741,
                        36.218395902133906
                    ],
                    [
                        -86.846417583524612,
                        36.218967113102302
                    ],
                    [
                        -86.84604647734669,
                        36.219534002586265
                    ],
                    [
                        -86.845859582012039,
                        36.219810931576475
                    ],
                    [
                        -86.845224655460839,
                        36.221470014894187
                    ],
                    [
                        -86.844786560613088,
                        36.222141986082228
                    ],
                    [
                        -86.844474494269548,
                        36.222577972689152
                    ],
                    [
                        -86.844332816923412,
                        36.223228867858523
                    ],
                    [
                        -86.844307043689696,
                        36.223685189907748
                    ]
                ]
            },
            "properties": {
                "OBJECTID": 363,
                "OnStreet": "Phipps Dr",
                "BeginStreet": "Putnam Dr",
                "EndStreet": "Kings Ln",
                "Neighborhood": "Royal Hills",
                "Status": "Completed with vertical measures",
                "CompleteDate": 1715774353000,
                "ConceptDocument": null
            }
        },
        {
            "type": "Feature",
            "id": 364,
            "geometry": {
                "type": "LineString",
                "coordinates": [
                    [
                        -86.657884908901934,
                        36.077455936760657
                    ],
                    [
                        -86.658316977465589,
                        36.077834739854353
                    ],
                    [
                        -86.658528282991369,
                        36.078014894717903
                    ],
                    [
                        -86.658753034092257,
                        36.078183988224389
                    ],
                    [
                        -86.658961459120903,
                        36.078322493648429
                    ],
                    [
                        -86.65916773595265,
                        36.078406068371571
                    ],
                    [
                        -86.659277995117776,
                        36.078439346423309
                    ],
                    [
                        -86.659390194141551,
                        36.078468493108119
                    ],
                    [
                        -86.659504313215322,
                        36.078490990350048
                    ],
                    [
                        -86.65961951360913,
                        36.078507987359366
                    ],
                    [
                        -86.659732120966098,
                        36.07851835961312
                    ],
                    [
                        -86.659890411596635,
                        36.078528481720078
                    ],
                    [
                        -86.660429606440601,
                        36.07856169940402
                    ],
                    [
                        -86.663547968871427,
                        36.078854542475753
                    ],
                    [
                        -86.663750952951531,
                        36.078914548187015
                    ],
                    [
                        -86.663925831736449,
                        36.079019578616382
                    ],
                    [
                        -86.664060484217742,
                        36.079204266579602
                    ],
                    [
                        -86.664112293499628,
                        36.079464499185484
                    ],
                    [
                        -86.664116172939558,
                        36.079624954501448
                    ],
                    [
                        -86.664119767261909,
                        36.079751301503094
                    ],
                    [
                        -86.664146353994042,
                        36.08050271874113
                    ],
                    [
                        -86.664153636849704,
                        36.080564259532224
                    ],
                    [
                        -86.664150406472174,
                        36.0806501243204
                    ],
                    [
                        -86.664134746901013,
                        36.080733539396618
                    ],
                    [
                        -86.664105825491418,
                        36.080816112720846
                    ],
                    [
                        -86.664063331481486,
                        36.080894410313029
                    ],
                    [
                        -86.664009800967449,
                        36.080968190167177
                    ],
                    [
                        -86.663891469819106,
                        36.081083304468805
                    ],
                    [
                        -86.663778338466486,
                        36.081179618148525
                    ],
                    [
                        -86.663658656814604,
                        36.081268184316293
                    ],
                    [
                        -86.663584027835327,
                        36.081314609978037
                    ],
                    [
                        -86.663506440096427,
                        36.081378220369118
                    ],
                    [
                        -86.663294477620212,
                        36.081527272402212
                    ],
                    [
                        -86.663128800024381,
                        36.08164653812959
                    ],
                    [
                        -86.661899878136865,
                        36.082507183977988
                    ],
                    [
                        -86.661696374670115,
                        36.082622763614125
                    ],
                    [
                        -86.660954741886414,
                        36.083108034047562
                    ],
                    [
                        -86.660838602270971,
                        36.083182384566292
                    ],
                    [
                        -86.660720213957077,
                        36.083257662994143
                    ],
                    [
                        -86.660162913722516,
                        36.083628828227738
                    ],
                    [
                        -86.659934031441765,
                        36.083779569322225
                    ],
                    [
                        -86.659810612657523,
                        36.083860597497569
                    ],
                    [
                        -86.659625486860321,
                        36.083982482892615
                    ],
                    [
                        -86.6595234074681,
                        36.084052177591076
                    ],
                    [
                        -86.659373757413931,
                        36.084133119869747
                    ],
                    [
                        -86.659213254802779,
                        36.084197638694235
                    ],
                    [
                        -86.659044438637437,
                        36.084245949068787
                    ],
                    [
                        -86.65886869708973,
                        36.084275525198414
                    ],
                    [
                        -86.658649661948971,
                        36.084287710359249
                    ],
                    [
                        -86.658467952692035,
                        36.084277714475498
                    ],
                    [
                        -86.658288906977845,
                        36.08424893192398
                    ],
                    [
                        -86.658105724643491,
                        36.084197279184437
                    ],
                    [
                        -86.657954909844563,
                        36.084137666087543
                    ],
                    [
                        -86.657794905879086,
                        36.084058186460048
                    ],
                    [
                        -86.657582512372272,
                        36.083952894012526
                    ],
                    [
                        -86.657463111915632,
                        36.08390638661367
                    ],
                    [
                        -86.657338177387999,
                        36.083872729070229
                    ],
                    [
                        -86.657207985852011,
                        36.083851462004759
                    ],
                    [
                        -86.657075658669356,
                        36.083844628714353
                    ],
                    [
                        -86.656944003442689,
                        36.083850840343651
                    ],
                    [
                        -86.656806270689472,
                        36.083872422913423
                    ],
                    [
                        -86.656676788187539,
                        36.08390265954084
                    ],
                    [
                        -86.656232882287782,
                        36.084005803473367
                    ],
                    [
                        -86.655941508050702,
                        36.084069428600657
                    ],
                    [
                        -86.655784817269378,
                        36.084083558612363
                    ],
                    [
                        -86.65562742637394,
                        36.084081209628238
                    ],
                    [
                        -86.655470178508466,
                        36.084062148137235
                    ],
                    [
                        -86.655319865123502,
                        36.084028855401854
                    ],
                    [
                        -86.655185165327538,
                        36.083973728859007
                    ],
                    [
                        -86.655107784529378,
                        36.083926761861505
                    ],
                    [
                        -86.654947747672693,
                        36.083808819249747
                    ],
                    [
                        -86.654600911806014,
                        36.083541943989168
                    ],
                    [
                        -86.654367176018312,
                        36.083378615717812
                    ],
                    [
                        -86.654121106847853,
                        36.083292730559137
                    ],
                    [
                        -86.65332369636846,
                        36.083174808226943
                    ],
                    [
                        -86.653043915514573,
                        36.083104669545314
                    ],
                    [
                        -86.652739359791738,
                        36.08290257552239
                    ],
                    [
                        -86.652427638049275,
                        36.082548741318817
                    ],
                    [
                        -86.652297990880101,
                        36.082421473731678
                    ],
                    [
                        -86.651957562790031,
                        36.082177677618397
                    ]
                ]
            },
            "properties": {
                "OBJECTID": 364,
                "OnStreet": "Piccadilly Row",
                "BeginStreet": "Una Antioch Pike",
                "EndStreet": "Una Antioch Pike",
                "Neighborhood": "Pinnacle Point HOA",
                "Status": "Completed with vertical measures",
                "CompleteDate": 1743051600000,
                "ConceptDocument": null
            }
        },
        {
            "type": "Feature",
            "id": 369,
            "geometry": {
                "type": "LineString",
                "coordinates": [
                    [
                        -86.741422403690549,
                        36.26601827826746
                    ],
                    [
                        -86.741936087385326,
                        36.265088475287591
                    ],
                    [
                        -86.742214414159307,
                        36.264684562171574
                    ],
                    [
                        -86.742489809390293,
                        36.263937978384043
                    ],
                    [
                        -86.74257377471065,
                        36.26336608894767
                    ],
                    [
                        -86.742710344375098,
                        36.262314754342519
                    ],
                    [
                        -86.742650868562151,
                        36.261657316966144
                    ],
                    [
                        -86.742629341972389,
                        36.261181432164122
                    ],
                    [
                        -86.742809995198584,
                        36.260461067506547
                    ],
                    [
                        -86.742898462037061,
                        36.259676486068358
                    ],
                    [
                        -86.742796819194368,
                        36.259055146293328
                    ],
                    [
                        -86.742237413591553,
                        36.257874171323877
                    ],
                    [
                        -86.742010413933102,
                        36.257266877651368
                    ],
                    [
                        -86.74214670643498,
                        36.256548387934998
                    ],
                    [
                        -86.742462792306497,
                        36.256045119661998
                    ],
                    [
                        -86.743547446914206,
                        36.254344469793828
                    ],
                    [
                        -86.744123242428302,
                        36.253930020134042
                    ]
                ]
            },
            "properties": {
                "OBJECTID": 369,
                "OnStreet": "Port Dr",
                "BeginStreet": "West Old Hickory Blvd",
                "EndStreet": "Due West Ave",
                "Neighborhood": "Kemper Heights",
                "Status": "Completed with vertical measures",
                "CompleteDate": 1707834671000,
                "ConceptDocument": null
            }
        },
        {
            "type": "Feature",
            "id": 377,
            "geometry": {
                "type": "LineString",
                "coordinates": [
                    [
                        -86.763742028773351,
                        36.140464718823885
                    ],
                    [
                        -86.763882891239533,
                        36.139763777835057
                    ],
                    [
                        -86.764054235297536,
                        36.138711472799713
                    ],
                    [
                        -86.764138307226929,
                        36.138180523258939
                    ],
                    [
                        -86.764185725750181,
                        36.13788396498591
                    ],
                    [
                        -86.764364561098233,
                        36.136793640787992
                    ],
                    [
                        -86.764475430952544,
                        36.136237816094059
                    ],
                    [
                        -86.764569557521952,
                        36.135574006492618
                    ],
                    [
                        -86.764716612981815,
                        36.134668136476861
                    ],
                    [
                        -86.765010975392613,
                        36.132912708927243
                    ]
                ]
            },
            "properties": {
                "OBJECTID": 377,
                "OnStreet": "Rains Ave",
                "BeginStreet": "4th Ave S",
                "EndStreet": "Wedgewood Ave",
                "Neighborhood": "SNAP",
                "Status": "Completed with vertical measures",
                "CompleteDate": 1679634000000,
                "ConceptDocument": null
            }
        },
        {
            "type": "Feature",
            "id": 379,
            "geometry": {
                "type": "LineString",
                "coordinates": [
                    [
                        -86.64999621585018,
                        36.089085099898185
                    ],
                    [
                        -86.650820904999946,
                        36.088808001225246
                    ],
                    [
                        -86.653035867734815,
                        36.087992268901743
                    ],
                    [
                        -86.653147992651228,
                        36.087942442758219
                    ],
                    [
                        -86.653269783588442,
                        36.087901950053187
                    ],
                    [
                        -86.653393865633333,
                        36.087865565453853
                    ],
                    [
                        -86.653519672524354,
                        36.087833292022523
                    ],
                    [
                        -86.653647207272854,
                        36.087805358662351
                    ],
                    [
                        -86.653871591957881,
                        36.087756525685528
                    ],
                    [
                        -86.654251945736661,
                        36.087673423061759
                    ],
                    [
                        -86.654514317760402,
                        36.08761385131104
                    ],
                    [
                        -86.654888551283335,
                        36.08754131043159
                    ],
                    [
                        -86.654998640913661,
                        36.087518506731122
                    ],
                    [
                        -86.655145464989616,
                        36.087503973552842
                    ],
                    [
                        -86.655219074111344,
                        36.087503573569187
                    ],
                    [
                        -86.655292717223446,
                        36.087507294002144
                    ],
                    [
                        -86.65570248271851,
                        36.087536657933143
                    ],
                    [
                        -86.6558999699362,
                        36.087543825089341
                    ],
                    [
                        -86.656102967277818,
                        36.087535166127701
                    ],
                    [
                        -86.656418892358801,
                        36.08747163690272
                    ],
                    [
                        -86.656577969122765,
                        36.087404153639795
                    ],
                    [
                        -86.656686509856172,
                        36.087330535518092
                    ],
                    [
                        -86.656727660401202,
                        36.087292996643555
                    ],
                    [
                        -86.656911556626284,
                        36.087123276369539
                    ],
                    [
                        -86.657091787753671,
                        36.086987915406269
                    ],
                    [
                        -86.657219783389962,
                        36.086913732915406
                    ],
                    [
                        -86.657288621166202,
                        36.086881994967754
                    ],
                    [
                        -86.657432313475667,
                        36.08683016131404
                    ],
                    [
                        -86.657611114995234,
                        36.086794847519279
                    ],
                    [
                        -86.657785563189336,
                        36.086778786897113
                    ],
                    [
                        -86.657961282726646,
                        36.086779888449868
                    ],
                    [
                        -86.658102607424823,
                        36.086782779958114
                    ],
                    [
                        -86.658371145344631,
                        36.086787265983425
                    ],
                    [
                        -86.658838106920356,
                        36.086810125951352
                    ]
                ]
            },
            "properties": {
                "OBJECTID": 379,
                "OnStreet": "Ransom Pl",
                "BeginStreet": "End of Street",
                "EndStreet": "Murfreesboro Pike",
                "Neighborhood": "Ransome Place HOA",
                "Status": "Completed with vertical measures",
                "CompleteDate": 1735711200000,
                "ConceptDocument": null
            }
        },
        {
            "type": "Feature",
            "id": 382,
            "geometry": {
                "type": "LineString",
                "coordinates": [
                    [
                        -86.719360373843429,
                        36.013947287825587
                    ],
                    [
                        -86.719443478017851,
                        36.013235333622461
                    ],
                    [
                        -86.719585529418126,
                        36.012018350351212
                    ],
                    [
                        -86.719656326971176,
                        36.011403706716195
                    ],
                    [
                        -86.719703831222944,
                        36.010892908286102
                    ],
                    [
                        -86.719842933679985,
                        36.010104556257303
                    ],
                    [
                        -86.719962908987554,
                        36.009574840603513
                    ],
                    [
                        -86.720062661060339,
                        36.009134409392985
                    ],
                    [
                        -86.720109984563663,
                        36.008858502840056
                    ]
                ]
            },
            "properties": {
                "OBJECTID": 382,
                "OnStreet": "Redmond Ln",
                "BeginStreet": "Holt Rd",
                "EndStreet": "Sunnybrook Dr",
                "Neighborhood": "Redmond",
                "Status": "Completed with vertical measures",
                "CompleteDate": 1718033698000,
                "ConceptDocument": null
            }
        },
        {
            "type": "Feature",
            "id": 384,
            "geometry": {
                "type": "LineString",
                "coordinates": [
                    [
                        -86.804909978774674,
                        36.221153194492949
                    ],
                    [
                        -86.805293247964698,
                        36.221086771188631
                    ],
                    [
                        -86.805733286223884,
                        36.221074450763503
                    ],
                    [
                        -86.806130469358223,
                        36.221209609900853
                    ],
                    [
                        -86.806867240173133,
                        36.221566612529053
                    ],
                    [
                        -86.807416872048876,
                        36.221773545269436
                    ],
                    [
                        -86.807817199902473,
                        36.221933213677204
                    ],
                    [
                        -86.808385605437053,
                        36.222164565799048
                    ],
                    [
                        -86.8088565819683,
                        36.222489614439013
                    ],
                    [
                        -86.809301046783332,
                        36.222830847009163
                    ]
                ]
            },
            "properties": {
                "OBJECTID": 384,
                "OnStreet": "Revels Dr",
                "BeginStreet": "Garrison Dr",
                "EndStreet": "Whites Creek Pike",
                "Neighborhood": "Haynes Manor",
                "Status": "Completed with vertical measures",
                "CompleteDate": null,
                "ConceptDocument": null
            }
        },
        {
            "type": "Feature",
            "id": 387,
            "geometry": {
                "type": "LineString",
                "coordinates": [
                    [
                        -86.781176494259185,
                        36.235901229690832
                    ],
                    [
                        -86.779978737162224,
                        36.235821293538379
                    ],
                    [
                        -86.779467241499091,
                        36.235730738665019
                    ],
                    [
                        -86.779061909927961,
                        36.235631713813774
                    ],
                    [
                        -86.77791854730124,
                        36.235363921842556
                    ],
                    [
                        -86.777134417852324,
                        36.23519087069166
                    ],
                    [
                        -86.776892459626865,
                        36.235153967896288
                    ],
                    [
                        -86.776438821498843,
                        36.235084317490085
                    ],
                    [
                        -86.776100638219233,
                        36.235002935633659
                    ],
                    [
                        -86.775668437723695,
                        36.234813878412844
                    ],
                    [
                        -86.774724654120831,
                        36.234379038099938
                    ],
                    [
                        -86.774385040813513,
                        36.23420861067499
                    ],
                    [
                        -86.774067880378695,
                        36.233964556687127
                    ],
                    [
                        -86.77379286100728,
                        36.233579446524779
                    ],
                    [
                        -86.773437714862936,
                        36.232772036442142
                    ],
                    [
                        -86.773366318733551,
                        36.232520683802313
                    ],
                    [
                        -86.773345060845458,
                        36.232311130136964
                    ],
                    [
                        -86.773373334885022,
                        36.231994354648016
                    ],
                    [
                        -86.773485870120865,
                        36.231452013189248
                    ],
                    [
                        -86.773533259458318,
                        36.231299021402542
                    ],
                    [
                        -86.773758639315474,
                        36.230333373182418
                    ]
                ]
            },
            "properties": {
                "OBJECTID": 387,
                "OnStreet": "Richmond Hill Dr",
                "BeginStreet": "Brick Church Pike",
                "EndStreet": "Ewing Dr",
                "Neighborhood": "Richmond Hill Dr",
                "Status": "Completed with vertical measures",
                "CompleteDate": 1735711200000,
                "ConceptDocument": null
            }
        },
        {
            "type": "Feature",
            "id": 390,
            "geometry": {
                "type": "LineString",
                "coordinates": [
                    [
                        -86.68456963203721,
                        36.272075116835865
                    ],
                    [
                        -86.682711930040711,
                        36.268589942970799
                    ],
                    [
                        -86.680624979627268,
                        36.265843286804532
                    ],
                    [
                        -86.680940642344197,
                        36.262867686718252
                    ],
                    [
                        -86.681061689675658,
                        36.262381934202303
                    ]
                ]
            },
            "properties": {
                "OBJECTID": 390,
                "OnStreet": "Rio Vista Dr",
                "BeginStreet": "Anderson Ln",
                "EndStreet": "East Old Hickory Blvd",
                "Neighborhood": "Rio Vista Dr",
                "Status": "Completed with vertical measures",
                "CompleteDate": 1717860512000,
                "ConceptDocument": null
            }
        },
        {
            "type": "Feature",
            "id": 393,
            "geometry": {
                "type": "MultiLineString",
                "coordinates": [
                    [
                        [
                            -86.713837006994098,
                            36.209426228995248
                        ],
                        [
                            -86.713602515170891,
                            36.209516206292442
                        ],
                        [
                            -86.713447159414244,
                            36.209579618934036
                        ],
                        [
                            -86.712709981745576,
                            36.209966266397494
                        ],
                        [
                            -86.712130725327981,
                            36.210292458469908
                        ],
                        [
                            -86.711833925953329,
                            36.210459259306688
                        ],
                        [
                            -86.711352880235552,
                            36.210712988286346
                        ],
                        [
                            -86.710702901236175,
                            36.211092013120762
                        ],
                        [
                            -86.709401826284605,
                            36.211822130606819
                        ],
                        [
                            -86.709121848953757,
                            36.211976005503764
                        ],
                        [
                            -86.709104879560698,
                            36.212889948145857
                        ],
                        [
                            -86.709129722547914,
                            36.213298879808804
                        ],
                        [
                            -86.709290597899582,
                            36.213661915705771
                        ],
                        [
                            -86.709502004636221,
                            36.214115534966965
                        ],
                        [
                            -86.709604661351875,
                            36.214317524287438
                        ],
                        [
                            -86.709654222428838,
                            36.214426198951294
                        ],
                        [
                            -86.709705425451972,
                            36.214560501859189
                        ],
                        [
                            -86.710392610157427,
                            36.216060684365836
                        ]
                    ],
                    [
                        [
                            -86.710741345642106,
                            36.217430769079648
                        ],
                        [
                            -86.710741360986745,
                            36.217274875937022
                        ],
                        [
                            -86.71075104574642,
                            36.217189203666223
                        ],
                        [
                            -86.710755119879579,
                            36.217013369871289
                        ],
                        [
                            -86.71073231393072,
                            36.216895840296608
                        ],
                        [
                            -86.710689414626557,
                            36.216774308432605
                        ],
                        [
                            -86.710390088197343,
                            36.2161891221525
                        ]
                    ],
                    [
                        [
                            -86.725646421998391,
                            36.224118575754083
                        ],
                        [
                            -86.725400326879281,
                            36.224086174167617
                        ],
                        [
                            -86.72527676880739,
                            36.224075928111247
                        ],
                        [
                            -86.72519411423184,
                            36.224058797738685
                        ],
                        [
                            -86.723228246962833,
                            36.223527820199408
                        ],
                        [
                            -86.723087765231057,
                            36.223489516371288
                        ],
                        [
                            -86.721368945894881,
                            36.223093006498807
                        ],
                        [
                            -86.721255030699723,
                            36.222993420861222
                        ],
                        [
                            -86.720681806614152,
                            36.222839804084252
                        ],
                        [
                            -86.719836435962193,
                            36.222615240831253
                        ],
                        [
                            -86.719711219061438,
                            36.222577528862729
                        ],
                        [
                            -86.719490568062071,
                            36.222546337152984
                        ],
                        [
                            -86.717996220769692,
                            36.22178766688895
                        ],
                        [
                            -86.715893052122496,
                            36.220900960625869
                        ],
                        [
                            -86.715237639136788,
                            36.220496453554055
                        ],
                        [
                            -86.713933136719135,
                            36.219885635005262
                        ],
                        [
                            -86.713750660919857,
                            36.219794459651546
                        ],
                        [
                            -86.713577145080649,
                            36.219694302392661
                        ],
                        [
                            -86.713420259875932,
                            36.219589927032267
                        ],
                        [
                            -86.712563646936914,
                            36.218988350954888
                        ],
                        [
                            -86.712427182129019,
                            36.218892552696573
                        ],
                        [
                            -86.712203054929859,
                            36.218724474492326
                        ],
                        [
                            -86.711985846189734,
                            36.218540102823489
                        ],
                        [
                            -86.711905818596222,
                            36.218468465461449
                        ],
                        [
                            -86.711497085788238,
                            36.218096821427807
                        ],
                        [
                            -86.711417982534186,
                            36.218033648252472
                        ],
                        [
                            -86.711292460679431,
                            36.217960675125134
                        ],
                        [
                            -86.711024334525248,
                            36.217831541850281
                        ],
                        [
                            -86.71092462865397,
                            36.217770549900514
                        ],
                        [
                            -86.710852277196011,
                            36.217704131760286
                        ],
                        [
                            -86.710771994380252,
                            36.217572289754102
                        ],
                        [
                            -86.710728810720326,
                            36.217482120440771
                        ]
                    ]
                ]
            },
            "properties": {
                "OBJECTID": 393,
                "OnStreet": "Riverwood Dr",
                "BeginStreet": "Gallatin Pike",
                "EndStreet": "Ardee Ave / Copper Ln",
                "Neighborhood": "Riverwood",
                "Status": "Completed with vertical measures",
                "CompleteDate": 1733241651000,
                "ConceptDocument": null
            }
        },
        {
            "type": "Feature",
            "id": 399,
            "geometry": {
                "type": "LineString",
                "coordinates": [
                    [
                        -86.710371752618826,
                        36.271098528261852
                    ],
                    [
                        -86.70979144683551,
                        36.27104287786878
                    ],
                    [
                        -86.709392529758688,
                        36.271007449169851
                    ],
                    [
                        -86.708775208707522,
                        36.270953613563435
                    ],
                    [
                        -86.708291398840657,
                        36.270908606834318
                    ],
                    [
                        -86.708030253082129,
                        36.270884040780565
                    ],
                    [
                        -86.707485328254933,
                        36.270832979248887
                    ],
                    [
                        -86.706609656960339,
                        36.270782475976887
                    ],
                    [
                        -86.705385215160391,
                        36.270644725028561
                    ],
                    [
                        -86.704584173312995,
                        36.270593542586937
                    ],
                    [
                        -86.704019918780048,
                        36.270529987859398
                    ],
                    [
                        -86.703710949127768,
                        36.27049973929099
                    ],
                    [
                        -86.703456287399177,
                        36.270472836471185
                    ],
                    [
                        -86.703119337190714,
                        36.27044320707958
                    ],
                    [
                        -86.702661838867385,
                        36.270399856081241
                    ],
                    [
                        -86.702322323970833,
                        36.270367721325762
                    ],
                    [
                        -86.702067686359257,
                        36.270343562413899
                    ],
                    [
                        -86.701623160025775,
                        36.270328288573751
                    ],
                    [
                        -86.70123236515704,
                        36.270443182412052
                    ],
                    [
                        -86.700924752094508,
                        36.270598110383688
                    ],
                    [
                        -86.700629924882236,
                        36.270792337564252
                    ],
                    [
                        -86.700313098195878,
                        36.270960594377115
                    ],
                    [
                        -86.699936795840983,
                        36.271084556560545
                    ],
                    [
                        -86.69953810067463,
                        36.271137683816946
                    ],
                    [
                        -86.699258840104804,
                        36.271142504671104
                    ],
                    [
                        -86.698692172995592,
                        36.271093818454382
                    ],
                    [
                        -86.698306479104076,
                        36.271050493669925
                    ],
                    [
                        -86.697902699083812,
                        36.271007958839199
                    ],
                    [
                        -86.697748772317894,
                        36.270991907960052
                    ],
                    [
                        -86.69756117342115,
                        36.270972388611618
                    ],
                    [
                        -86.697072128564741,
                        36.270909969756254
                    ],
                    [
                        -86.696881590490932,
                        36.270845370242505
                    ],
                    [
                        -86.696557039783428,
                        36.270650374231415
                    ],
                    [
                        -86.696291714404097,
                        36.270406965098857
                    ],
                    [
                        -86.696031078430011,
                        36.270150250451543
                    ],
                    [
                        -86.695856346618342,
                        36.269985980669425
                    ],
                    [
                        -86.695591343663139,
                        36.269811012529857
                    ],
                    [
                        -86.694900670140854,
                        36.269675119235927
                    ],
                    [
                        -86.694397297380831,
                        36.269634421476646
                    ],
                    [
                        -86.693557045159196,
                        36.269577994711661
                    ],
                    [
                        -86.69223455054221,
                        36.269537047093891
                    ],
                    [
                        -86.69104742154245,
                        36.269458683929585
                    ],
                    [
                        -86.689919937960539,
                        36.269379969539422
                    ],
                    [
                        -86.689575356426488,
                        36.269349201427907
                    ],
                    [
                        -86.689292084588857,
                        36.269272577453371
                    ],
                    [
                        -86.689087763276149,
                        36.269191742728587
                    ],
                    [
                        -86.688902190760444,
                        36.269079259319824
                    ],
                    [
                        -86.688540243376707,
                        36.268806624224041
                    ],
                    [
                        -86.688083126316243,
                        36.268512096343677
                    ],
                    [
                        -86.687873721885666,
                        36.268422771822607
                    ],
                    [
                        -86.687676357151631,
                        36.268350966962295
                    ],
                    [
                        -86.687412145375163,
                        36.268297072871981
                    ],
                    [
                        -86.686681996820909,
                        36.268202103930363
                    ],
                    [
                        -86.686065746638391,
                        36.268136928724488
                    ]
                ]
            },
            "properties": {
                "OBJECTID": 399,
                "OnStreet": "Roosevelt Ave",
                "BeginStreet": "Gallatin Pike",
                "EndStreet": "Ashwood Dr",
                "Neighborhood": "Anderson-Roosevelt",
                "Status": "Completed with vertical measures",
                "CompleteDate": 1710767492000,
                "ConceptDocument": null
            }
        },
        {
            "type": "Feature",
            "id": 402,
            "geometry": {
                "type": "LineString",
                "coordinates": [
                    [
                        -86.819578049715432,
                        36.217035845278161
                    ],
                    [
                        -86.818949049193122,
                        36.21749384560588
                    ],
                    [
                        -86.818399048957232,
                        36.218317845640911
                    ],
                    [
                        -86.817888049072238,
                        36.218927846217277
                    ],
                    [
                        -86.817139048937989,
                        36.219315846400384
                    ],
                    [
                        -86.816069048266641,
                        36.219600846074322
                    ],
                    [
                        -86.814844047771402,
                        36.219571846307723
                    ],
                    [
                        -86.813649047443405,
                        36.219713846737569
                    ],
                    [
                        -86.81314604707174,
                        36.219875846686058
                    ],
                    [
                        -86.81136904654683,
                        36.22059384637808
                    ],
                    [
                        -86.810627046688538,
                        36.221055846524898
                    ],
                    [
                        -86.809813046475057,
                        36.222348846858758
                    ],
                    [
                        -86.809301046783332,
                        36.222830847009163
                    ]
                ]
            },
            "properties": {
                "OBJECTID": 402,
                "OnStreet": "Rowan Dr",
                "BeginStreet": "Buena Vista Pike",
                "EndStreet": "Revels Dr",
                "Neighborhood": "Haynes Manor",
                "Status": "Completed with vertical measures",
                "CompleteDate": 1735711200000,
                "ConceptDocument": null
            }
        },
        {
            "type": "Feature",
            "id": 408,
            "geometry": {
                "type": "LineString",
                "coordinates": [
                    [
                        -86.785883287244488,
                        36.130374539451132
                    ],
                    [
                        -86.782826302333149,
                        36.130133505874056
                    ],
                    [
                        -86.78242732369587,
                        36.130159366083383
                    ],
                    [
                        -86.782130611149114,
                        36.13024813541869
                    ],
                    [
                        -86.781735034086964,
                        36.130598207679363
                    ],
                    [
                        -86.781022883605132,
                        36.131097297996128
                    ],
                    [
                        -86.780356491474521,
                        36.131429430141381
                    ],
                    [
                        -86.780036702381011,
                        36.131538406849856
                    ],
                    [
                        -86.779350654163409,
                        36.131699997320489
                    ],
                    [
                        -86.778937293668719,
                        36.131782509281862
                    ]
                ]
            },
            "properties": {
                "OBJECTID": 408,
                "OnStreet": "S Douglas Ave",
                "BeginStreet": "10th Ave S",
                "EndStreet": "8th Ave S",
                "Neighborhood": "S Douglas Ave",
                "Status": "Completed with vertical measures",
                "CompleteDate": 1735711200000,
                "ConceptDocument": null
            }
        },
        {
            "type": "Feature",
            "id": 413,
            "geometry": {
                "type": "LineString",
                "coordinates": [
                    [
                        -86.666489319436891,
                        36.270320208050862
                    ],
                    [
                        -86.666776949688554,
                        36.270604764385077
                    ],
                    [
                        -86.667255555864642,
                        36.270975024033696
                    ],
                    [
                        -86.667483718882593,
                        36.271146364947064
                    ],
                    [
                        -86.66793636186911,
                        36.271487347172318
                    ],
                    [
                        -86.668522708439298,
                        36.271924109483436
                    ],
                    [
                        -86.669060003240034,
                        36.27234951996568
                    ],
                    [
                        -86.669411070319384,
                        36.272645392445831
                    ],
                    [
                        -86.670730671176329,
                        36.273709394023399
                    ],
                    [
                        -86.671223521242482,
                        36.274121449922418
                    ],
                    [
                        -86.671745681984405,
                        36.274555545484539
                    ],
                    [
                        -86.67231677091911,
                        36.275024619265054
                    ],
                    [
                        -86.672819422039808,
                        36.275456987351092
                    ],
                    [
                        -86.672886496151818,
                        36.275864995294995
                    ],
                    [
                        -86.672795004912487,
                        36.276610161271876
                    ]
                ]
            },
            "properties": {
                "OBJECTID": 413,
                "OnStreet": "Scenic View Rd",
                "BeginStreet": "Keeton Ave",
                "EndStreet": "Ensley Ave",
                "Neighborhood": "Scenic View",
                "Status": "Completed with vertical measures",
                "CompleteDate": 1735711200000,
                "ConceptDocument": null
            }
        },
        {
            "type": "Feature",
            "id": 415,
            "geometry": {
                "type": "LineString",
                "coordinates": [
                    [
                        -86.715820851643656,
                        36.093250286809933
                    ],
                    [
                        -86.715491621371626,
                        36.092491748565834
                    ],
                    [
                        -86.714677204299576,
                        36.091225352223702
                    ],
                    [
                        -86.714276254947535,
                        36.090706921450952
                    ],
                    [
                        -86.713877382151367,
                        36.090481731598459
                    ],
                    [
                        -86.711574696905629,
                        36.089882278152288
                    ],
                    [
                        -86.709012691054809,
                        36.089233943266493
                    ],
                    [
                        -86.708531379393207,
                        36.089218458481369
                    ],
                    [
                        -86.7080301345365,
                        36.089276573929304
                    ]
                ]
            },
            "properties": {
                "OBJECTID": 415,
                "OnStreet": "Scotwood Dr",
                "BeginStreet": "Benita Dr",
                "EndStreet": "Donna Kay Dr",
                "Neighborhood": "Paragon Mills",
                "Status": "Completed with vertical measures",
                "CompleteDate": 1707149060000,
                "ConceptDocument": null
            }
        },
        {
            "type": "Feature",
            "id": 418,
            "geometry": {
                "type": "LineString",
                "coordinates": [
                    [
                        -86.760566675018907,
                        36.128861373642202
                    ],
                    [
                        -86.760352891785814,
                        36.12872628244682
                    ],
                    [
                        -86.760291464857133,
                        36.128676764118588
                    ],
                    [
                        -86.758583455793755,
                        36.12658827671828
                    ],
                    [
                        -86.758028213745519,
                        36.125918041855918
                    ],
                    [
                        -86.757839493438283,
                        36.125717086503791
                    ]
                ]
            },
            "properties": {
                "OBJECTID": 418,
                "OnStreet": "Seminole Ave",
                "BeginStreet": "Craighead St",
                "EndStreet": "Gladstone Ave",
                "Neighborhood": "Rosedale",
                "Status": "Completed with vertical measures",
                "CompleteDate": 1736349305000,
                "ConceptDocument": null
            }
        },
        {
            "type": "Feature",
            "id": 421,
            "geometry": {
                "type": "LineString",
                "coordinates": [
                    [
                        -86.754242100294277,
                        36.186293176473093
                    ],
                    [
                        -86.75275058690255,
                        36.186153915212429
                    ],
                    [
                        -86.752279995715142,
                        36.18611106441486
                    ],
                    [
                        -86.749878914931799,
                        36.185883346653718
                    ],
                    [
                        -86.748277697959438,
                        36.185728000384017
                    ],
                    [
                        -86.747580709815779,
                        36.185663184441921
                    ]
                ]
            },
            "properties": {
                "OBJECTID": 421,
                "OnStreet": "Seymour Ave",
                "BeginStreet": "McFerrin Ave",
                "EndStreet": "Gallatin Ave",
                "Neighborhood": "Greenwood",
                "Status": "Completed with vertical measures",
                "CompleteDate": 1735711200000,
                "ConceptDocument": null
            }
        },
        {
            "type": "Feature",
            "id": 424,
            "geometry": {
                "type": "LineString",
                "coordinates": [
                    [
                        -86.620726525841107,
                        36.041434379127196
                    ],
                    [
                        -86.620371058633452,
                        36.04178675510758
                    ],
                    [
                        -86.619815950713587,
                        36.042142540924495
                    ],
                    [
                        -86.619465232723684,
                        36.042351809625565
                    ],
                    [
                        -86.619153258603163,
                        36.042634802616213
                    ],
                    [
                        -86.619059413933698,
                        36.04270950206233
                    ],
                    [
                        -86.618849586595516,
                        36.042912798666066
                    ],
                    [
                        -86.618653346864704,
                        36.043051163184451
                    ],
                    [
                        -86.618442596179435,
                        36.043136184430047
                    ],
                    [
                        -86.618174194527754,
                        36.043264715015553
                    ]
                ]
            },
            "properties": {
                "OBJECTID": 424,
                "OnStreet": "Shagbark Trl",
                "BeginStreet": "Asheford Trace",
                "EndStreet": "Summercrest Trail",
                "Neighborhood": "Summerfield Subdivision",
                "Status": "Completed with vertical measures",
                "CompleteDate": 1766415371000,
                "ConceptDocument": null
            }
        },
        {
            "type": "Feature",
            "id": 425,
            "geometry": {
                "type": "LineString",
                "coordinates": [
                    [
                        -86.80797576234778,
                        36.120738322336642
                    ],
                    [
                        -86.809436557499708,
                        36.121252942160957
                    ],
                    [
                        -86.810493783786669,
                        36.121517490381514
                    ],
                    [
                        -86.8108781044279,
                        36.121659533458136
                    ],
                    [
                        -86.811639447793226,
                        36.122127802319937
                    ],
                    [
                        -86.813536728623319,
                        36.123421273344341
                    ],
                    [
                        -86.816016275826101,
                        36.124996477013461
                    ]
                ]
            },
            "properties": {
                "OBJECTID": 425,
                "OnStreet": "Sharondale Dr",
                "BeginStreet": "Woodlawn Dr",
                "EndStreet": "Hillsboro Pike",
                "Neighborhood": "Sharondale",
                "Status": "Completed with vertical measures",
                "CompleteDate": 1718897754000,
                "ConceptDocument": null
            }
        },
        {
            "type": "Feature",
            "id": 438,
            "geometry": {
                "type": "LineString",
                "coordinates": [
                    [
                        -86.728051813929739,
                        36.109456192058929
                    ],
                    [
                        -86.728409178594632,
                        36.108924530379063
                    ],
                    [
                        -86.728557826877605,
                        36.10833712536234
                    ],
                    [
                        -86.728658471145152,
                        36.107745203578638
                    ],
                    [
                        -86.728727071560797,
                        36.107012456600486
                    ],
                    [
                        -86.728794106317721,
                        36.10650887366635
                    ],
                    [
                        -86.728873310986557,
                        36.105733025288323
                    ],
                    [
                        -86.728965345660285,
                        36.105033559203989
                    ],
                    [
                        -86.729010537984237,
                        36.104824506408484
                    ],
                    [
                        -86.729025926567189,
                        36.104564811490242
                    ],
                    [
                        -86.729169697634859,
                        36.104092813626231
                    ],
                    [
                        -86.729447529615769,
                        36.103750949879206
                    ],
                    [
                        -86.730155488433297,
                        36.103401216744281
                    ],
                    [
                        -86.730368540370677,
                        36.103009838187056
                    ],
                    [
                        -86.730407208920525,
                        36.102550728893839
                    ],
                    [
                        -86.730451704429925,
                        36.102022435305251
                    ],
                    [
                        -86.730608794624573,
                        36.100914628313568
                    ]
                ]
            },
            "properties": {
                "OBJECTID": 438,
                "OnStreet": "Southlake Dr",
                "BeginStreet": "Briley Pkwy / Thompson Ln",
                "EndStreet": "Antioch Pike",
                "Neighborhood": "Glencliff-Southlake",
                "Status": "Completed with vertical measures",
                "CompleteDate": 1696098152000,
                "ConceptDocument": null
            }
        },
        {
            "type": "Feature",
            "id": 442,
            "geometry": {
                "type": "LineString",
                "coordinates": [
                    [
                        -86.762356529452475,
                        36.073956991275757
                    ],
                    [
                        -86.762237642774778,
                        36.073145964767967
                    ],
                    [
                        -86.762223834105569,
                        36.072529056645905
                    ],
                    [
                        -86.762342705439167,
                        36.072251794875427
                    ],
                    [
                        -86.762584209534253,
                        36.071706334817229
                    ],
                    [
                        -86.762940559316888,
                        36.071198606305643
                    ],
                    [
                        -86.763255769144649,
                        36.07078248103381
                    ],
                    [
                        -86.763348853517002,
                        36.070609508276078
                    ],
                    [
                        -86.763486655257779,
                        36.070277605417104
                    ],
                    [
                        -86.763702956040333,
                        36.068842229947663
                    ],
                    [
                        -86.763773871857097,
                        36.067654101964031
                    ],
                    [
                        -86.763719242786522,
                        36.067280379269434
                    ],
                    [
                        -86.763665525856439,
                        36.066765304067502
                    ],
                    [
                        -86.763666423584525,
                        36.065481337844702
                    ]
                ]
            },
            "properties": {
                "OBJECTID": 442,
                "OnStreet": "Stillwood Dr",
                "BeginStreet": "Bramblewood Dr",
                "EndStreet": "Hogan Rd",
                "Neighborhood": "Crieve Hall II",
                "Status": "Completed with vertical measures",
                "CompleteDate": 1724159913000,
                "ConceptDocument": null
            }
        },
        {
            "type": "Feature",
            "id": 446,
            "geometry": {
                "type": "LineString",
                "coordinates": [
                    [
                        -86.716457803496382,
                        36.060046844982359
                    ],
                    [
                        -86.715951237743596,
                        36.060119220013974
                    ],
                    [
                        -86.71503920105279,
                        36.060281907986315
                    ],
                    [
                        -86.714258948728201,
                        36.060332319687163
                    ],
                    [
                        -86.713182417297077,
                        36.060356550655413
                    ],
                    [
                        -86.71269624540605,
                        36.060377053749178
                    ],
                    [
                        -86.711806929742565,
                        36.060370404744226
                    ],
                    [
                        -86.711412960175792,
                        36.060297184745117
                    ],
                    [
                        -86.710835410270491,
                        36.060220008973133
                    ],
                    [
                        -86.710175071694195,
                        36.06024885459771
                    ],
                    [
                        -86.709650970044848,
                        36.060284221126679
                    ],
                    [
                        -86.708688093192478,
                        36.060343455368439
                    ],
                    [
                        -86.708057609757262,
                        36.06036913778501
                    ],
                    [
                        -86.707854436685707,
                        36.060349727706985
                    ],
                    [
                        -86.707474616925708,
                        36.060250313162122
                    ]
                ]
            },
            "properties": {
                "OBJECTID": 446,
                "OnStreet": "Strasser Dr",
                "BeginStreet": "Nolensville Pike",
                "EndStreet": "Packard Dr",
                "Neighborhood": "Fairlane Park",
                "Status": "Completed with vertical measures",
                "CompleteDate": 1735711200000,
                "ConceptDocument": null
            }
        },
        {
            "type": "Feature",
            "id": 447,
            "geometry": {
                "type": "LineString",
                "coordinates": [
                    [
                        -86.74369572122184,
                        36.193993794165443
                    ],
                    [
                        -86.74511560728007,
                        36.194311021901314
                    ],
                    [
                        -86.75054433086639,
                        36.194890438047942
                    ],
                    [
                        -86.751714566212058,
                        36.194984120656173
                    ]
                ]
            },
            "properties": {
                "OBJECTID": 447,
                "OnStreet": "Strouse Ave",
                "BeginStreet": "Inga St",
                "EndStreet": "Gallatin Ave",
                "Neighborhood": "Renraw",
                "Status": "Completed with vertical measures",
                "CompleteDate": 1709142347000,
                "ConceptDocument": null
            }
        },
        {
            "type": "Feature",
            "id": 456,
            "geometry": {
                "type": "LineString",
                "coordinates": [
                    [
                        -86.710543822551358,
                        36.082663674869544
                    ],
                    [
                        -86.710427076469301,
                        36.082444364993236
                    ],
                    [
                        -86.710392625463896,
                        36.082376348049664
                    ],
                    [
                        -86.710343007498807,
                        36.08231528733485
                    ],
                    [
                        -86.710269709171229,
                        36.082255282711962
                    ],
                    [
                        -86.710113077227035,
                        36.082148381220037
                    ],
                    [
                        -86.70997392194225,
                        36.082040460906121
                    ],
                    [
                        -86.709747335066524,
                        36.081837363195191
                    ],
                    [
                        -86.709705068499829,
                        36.081778320173008
                    ],
                    [
                        -86.709578540958617,
                        36.081600044782952
                    ],
                    [
                        -86.709471594838945,
                        36.081403796897781
                    ],
                    [
                        -86.709414627401515,
                        36.081245944238269
                    ],
                    [
                        -86.709358697083601,
                        36.081046420907448
                    ],
                    [
                        -86.70926220249045,
                        36.080662391965546
                    ],
                    [
                        -86.709190904968523,
                        36.080289203151516
                    ],
                    [
                        -86.709180301334484,
                        36.080238672863764
                    ],
                    [
                        -86.70912943302784,
                        36.080100470897797
                    ],
                    [
                        -86.709099418621676,
                        36.079897361071467
                    ],
                    [
                        -86.70909871577355,
                        36.079787022828022
                    ],
                    [
                        -86.709097857694431,
                        36.079596102604285
                    ],
                    [
                        -86.709124709070039,
                        36.07919211809498
                    ],
                    [
                        -86.709145307112934,
                        36.079130186881535
                    ]
                ]
            },
            "properties": {
                "OBJECTID": 456,
                "OnStreet": "Tampa Dr",
                "BeginStreet": "Harding Pl",
                "EndStreet": "Wallace Rd",
                "Neighborhood": "Hillbrook",
                "Status": "Completed with vertical measures",
                "CompleteDate": 1771256241000,
                "ConceptDocument": null
            }
        },
        {
            "type": "Feature",
            "id": 462,
            "geometry": {
                "type": "LineString",
                "coordinates": [
                    [
                        -86.844692073279248,
                        36.211994173276089
                    ],
                    [
                        -86.844592647199832,
                        36.212523261721053
                    ],
                    [
                        -86.844633449269551,
                        36.213673338472958
                    ],
                    [
                        -86.844799385052724,
                        36.217647999651241
                    ]
                ]
            },
            "properties": {
                "OBJECTID": 462,
                "OnStreet": "Timothy Dr",
                "BeginStreet": "Kings Ln",
                "EndStreet": "Fairview Dr",
                "Neighborhood": "Timothy",
                "Status": "Completed with vertical measures",
                "CompleteDate": 1714569427000,
                "ConceptDocument": null
            }
        },
        {
            "type": "Feature",
            "id": 465,
            "geometry": {
                "type": "LineString",
                "coordinates": [
                    [
                        -86.745692838091657,
                        36.192833209976577
                    ],
                    [
                        -86.745634745539292,
                        36.193237488202342
                    ],
                    [
                        -86.745459992995848,
                        36.193684095149528
                    ],
                    [
                        -86.745095069120495,
                        36.194319864727952
                    ],
                    [
                        -86.744400644558539,
                        36.1954918278321
                    ],
                    [
                        -86.744121609494641,
                        36.19603629238474
                    ],
                    [
                        -86.743898547922058,
                        36.196471033662988
                    ]
                ]
            },
            "properties": {
                "OBJECTID": 465,
                "OnStreet": "Trevecca Ave",
                "BeginStreet": "Cahal Ave",
                "EndStreet": "Douglas Ave",
                "Neighborhood": "Renraw",
                "Status": "Completed with vertical measures",
                "CompleteDate": 1709142382000,
                "ConceptDocument": null
            }
        },
        {
            "type": "Feature",
            "id": 467,
            "geometry": {
                "type": "LineString",
                "coordinates": [
                    [
                        -86.863408363028071,
                        36.151442691060446
                    ],
                    [
                        -86.864086927534444,
                        36.15127965321431
                    ],
                    [
                        -86.864682306294526,
                        36.151171714289845
                    ],
                    [
                        -86.866318799682517,
                        36.150952628374256
                    ],
                    [
                        -86.866992832248371,
                        36.150844113302448
                    ],
                    [
                        -86.867726266143677,
                        36.150772383847418
                    ],
                    [
                        -86.868524840595299,
                        36.15066296455511
                    ],
                    [
                        -86.868924257949033,
                        36.15062021466693
                    ],
                    [
                        -86.869104985978765,
                        36.15066144632469
                    ]
                ]
            },
            "properties": {
                "OBJECTID": 467,
                "OnStreet": "Twin St",
                "BeginStreet": "East Bend Dr",
                "EndStreet": "Newton Ave",
                "Neighborhood": "Twin/Snyder/Patton",
                "Status": "Completed with vertical measures",
                "CompleteDate": 1746713587000,
                "ConceptDocument": null
            }
        },
        {
            "type": "Feature",
            "id": 468,
            "geometry": {
                "type": "LineString",
                "coordinates": [
                    [
                        -86.617764207450094,
                        36.201241470406579
                    ],
                    [
                        -86.616695366796534,
                        36.200614663133408
                    ],
                    [
                        -86.616242980658782,
                        36.200298547680049
                    ],
                    [
                        -86.614937654764731,
                        36.199936739937989
                    ],
                    [
                        -86.613707852647849,
                        36.199649200120845
                    ],
                    [
                        -86.613122536402855,
                        36.199343591986768
                    ],
                    [
                        -86.611594153050518,
                        36.198193017922677
                    ],
                    [
                        -86.61091642982791,
                        36.197841397733129
                    ],
                    [
                        -86.610229924803335,
                        36.197485696701534
                    ],
                    [
                        -86.608577657665307,
                        36.197369045929719
                    ]
                ]
            },
            "properties": {
                "OBJECTID": 468,
                "OnStreet": "Tyler Dr",
                "BeginStreet": "Lebanon Pike",
                "EndStreet": "Andrew Jackson Pkwy",
                "Neighborhood": "Hermitage Estates",
                "Status": "Completed with vertical measures",
                "CompleteDate": 1758984270000,
                "ConceptDocument": null
            }
        },
        {
            "type": "Feature",
            "id": 472,
            "geometry": {
                "type": "LineString",
                "coordinates": [
                    [
                        -86.771069792652739,
                        36.04060558622961
                    ],
                    [
                        -86.771453764806097,
                        36.037924992780042
                    ],
                    [
                        -86.771711029654753,
                        36.035710279242906
                    ],
                    [
                        -86.771562007683542,
                        36.035515497889129
                    ],
                    [
                        -86.770352631079788,
                        36.035319946495619
                    ],
                    [
                        -86.768713799186258,
                        36.035177315951493
                    ]
                ]
            },
            "properties": {
                "OBJECTID": 472,
                "OnStreet": "Valley View Rd",
                "BeginStreet": "Old Hickory Blvd",
                "EndStreet": "Cloverland Dr",
                "Neighborhood": "Valley View Rd",
                "Status": "Completed with vertical measures",
                "CompleteDate": 1686788775000,
                "ConceptDocument": null
            }
        },
        {
            "type": "Feature",
            "id": 479,
            "geometry": {
                "type": "LineString",
                "coordinates": [
                    [
                        -86.730225821667219,
                        36.264482898928449
                    ],
                    [
                        -86.731160315278473,
                        36.257801149809538
                    ]
                ]
            },
            "properties": {
                "OBJECTID": 479,
                "OnStreet": "W Marthona Rd",
                "BeginStreet": "W Old Hickory Blvd",
                "EndStreet": "Vantrease Rd",
                "Neighborhood": "E/W Marthona Rd",
                "Status": "Completed with vertical measures",
                "CompleteDate": 1680843600000,
                "ConceptDocument": null
            }
        },
        {
            "type": "Feature",
            "id": 481,
            "geometry": {
                "type": "LineString",
                "coordinates": [
                    [
                        -86.808420045597515,
                        36.210786844500802
                    ],
                    [
                        -86.807393045862867,
                        36.211436845117412
                    ],
                    [
                        -86.807084045650612,
                        36.211572844999282
                    ],
                    [
                        -86.806320044485332,
                        36.211728845472322
                    ],
                    [
                        -86.805633044889404,
                        36.211813845327882
                    ],
                    [
                        -86.80473604489697,
                        36.211826844942713
                    ],
                    [
                        -86.804222044994148,
                        36.211782845582349
                    ],
                    [
                        -86.803969044336171,
                        36.211715845162288
                    ],
                    [
                        -86.803723044468171,
                        36.211572844883314
                    ],
                    [
                        -86.803155044377192,
                        36.211111845127299
                    ],
                    [
                        -86.802776043754022,
                        36.210933844632429
                    ],
                    [
                        -86.802457043757087,
                        36.210862844667908
                    ],
                    [
                        -86.801869043412523,
                        36.210828845231092
                    ],
                    [
                        -86.800236043694312,
                        36.2107848455408
                    ],
                    [
                        -86.799013042930497,
                        36.210755844967068
                    ],
                    [
                        -86.798598028121347,
                        36.210814628626643
                    ],
                    [
                        -86.798285042386041,
                        36.210941845013181
                    ],
                    [
                        -86.797901042709952,
                        36.211223845184115
                    ],
                    [
                        -86.797574042846435,
                        36.211499845606838
                    ]
                ]
            },
            "properties": {
                "OBJECTID": 481,
                "OnStreet": "W Nocturne Dr",
                "BeginStreet": "Nocturne Forest Dr",
                "EndStreet": "Whites Creek Pike",
                "Neighborhood": "Infinity",
                "Status": "Completed with vertical measures",
                "CompleteDate": 1745470800000,
                "ConceptDocument": null
            }
        },
        {
            "type": "Feature",
            "id": 485,
            "geometry": {
                "type": "LineString",
                "coordinates": [
                    [
                        -86.765571010838372,
                        36.260985846371398
                    ],
                    [
                        -86.7651806010809,
                        36.26212191225261
                    ],
                    [
                        -86.764747452088017,
                        36.262579510756638
                    ],
                    [
                        -86.763575901138992,
                        36.263235210232935
                    ],
                    [
                        -86.762294317725917,
                        36.263561951873456
                    ],
                    [
                        -86.760956313557557,
                        36.263695602302853
                    ],
                    [
                        -86.760006802683264,
                        36.263545685083358
                    ],
                    [
                        -86.757904508803335,
                        36.26327091236201
                    ],
                    [
                        -86.757321982329557,
                        36.263276395689616
                    ]
                ]
            },
            "properties": {
                "OBJECTID": 485,
                "OnStreet": "Westchester Dr",
                "BeginStreet": "Bellshire Dr",
                "EndStreet": "Dickerson Pike",
                "Neighborhood": "Bellshire Estates",
                "Status": "Completed with vertical measures",
                "CompleteDate": 1707753888000,
                "ConceptDocument": null
            }
        },
        {
            "type": "Feature",
            "id": 487,
            "geometry": {
                "type": "LineString",
                "coordinates": [
                    [
                        -86.735040014720468,
                        36.065342819023869
                    ],
                    [
                        -86.73517001510784,
                        36.064831819248994
                    ],
                    [
                        -86.735232014362538,
                        36.063567818613073
                    ],
                    [
                        -86.73524001462917,
                        36.061904818050841
                    ],
                    [
                        -86.734881014504893,
                        36.060802817696583
                    ],
                    [
                        -86.73460001465763,
                        36.060327817762229
                    ],
                    [
                        -86.73379101380462,
                        36.059633817968383
                    ],
                    [
                        -86.732466013661153,
                        36.058476817754617
                    ],
                    [
                        -86.731770014005861,
                        36.057851817907334
                    ],
                    [
                        -86.731048013500043,
                        36.0571588179643
                    ],
                    [
                        -86.730619012681004,
                        36.056901817976843
                    ],
                    [
                        -86.730250012913572,
                        36.056870817386596
                    ]
                ]
            },
            "properties": {
                "OBJECTID": 487,
                "OnStreet": "Westcrest Dr",
                "BeginStreet": "Watsonwood Dr",
                "EndStreet": "N Hilson Dr",
                "Neighborhood": "Brewer-McMurray Hills",
                "Status": "Completed with vertical measures",
                "CompleteDate": 1665707204000,
                "ConceptDocument": null
            }
        },
        {
            "type": "Feature",
            "id": 492,
            "geometry": {
                "type": "LineString",
                "coordinates": [
                    [
                        -86.747577638323676,
                        36.115480642143766
                    ],
                    [
                        -86.747241990620495,
                        36.11549142115696
                    ],
                    [
                        -86.746878509491438,
                        36.115452694020107
                    ],
                    [
                        -86.745778937708806,
                        36.115355565946111
                    ],
                    [
                        -86.745106990909576,
                        36.115307523943727
                    ],
                    [
                        -86.744541397093883,
                        36.115257906051461
                    ],
                    [
                        -86.74362543103318,
                        36.115182975185952
                    ],
                    [
                        -86.743005458153348,
                        36.115135596960435
                    ],
                    [
                        -86.741499990277944,
                        36.115002770392451
                    ],
                    [
                        -86.740591682752992,
                        36.114983016887408
                    ],
                    [
                        -86.739484592322299,
                        36.115016135790356
                    ],
                    [
                        -86.739065419593203,
                        36.114964907691522
                    ],
                    [
                        -86.736980788233694,
                        36.114610696123009
                    ],
                    [
                        -86.735852211393009,
                        36.114486412877284
                    ],
                    [
                        -86.735674265862514,
                        36.114495510725519
                    ],
                    [
                        -86.735424657819266,
                        36.114595928340265
                    ],
                    [
                        -86.735291264431581,
                        36.11469357760248
                    ],
                    [
                        -86.735052398755684,
                        36.114948910873927
                    ],
                    [
                        -86.734823219428279,
                        36.115275381066425
                    ],
                    [
                        -86.734370651638173,
                        36.115914548402124
                    ],
                    [
                        -86.734232699878106,
                        36.116038321583602
                    ],
                    [
                        -86.73400029382141,
                        36.116138631456167
                    ],
                    [
                        -86.733621795610645,
                        36.116214647837715
                    ],
                    [
                        -86.732403206580969,
                        36.116366733649194
                    ],
                    [
                        -86.730651964255259,
                        36.116523180401799
                    ],
                    [
                        -86.730610216743784,
                        36.116892230451612
                    ],
                    [
                        -86.730563259420975,
                        36.11782973290844
                    ],
                    [
                        -86.730533819520218,
                        36.118217938800143
                    ],
                    [
                        -86.730549134002672,
                        36.118717130786131
                    ],
                    [
                        -86.73037723294226,
                        36.119046907908121
                    ],
                    [
                        -86.730277796099742,
                        36.119187382671349
                    ],
                    [
                        -86.730055650246456,
                        36.119423146693705
                    ]
                ]
            },
            "properties": {
                "OBJECTID": 492,
                "OnStreet": "Whitsett Rd",
                "BeginStreet": "Nolensville Pike",
                "EndStreet": "Glenrose Ave",
                "Neighborhood": "Woodbine",
                "Status": "Completed with vertical measures",
                "CompleteDate": 1696552022000,
                "ConceptDocument": null
            }
        },
        {
            "type": "Feature",
            "id": 495,
            "geometry": {
                "type": "LineString",
                "coordinates": [
                    [
                        -86.931519316440742,
                        36.067970805384562
                    ],
                    [
                        -86.931866151406624,
                        36.067393964438018
                    ],
                    [
                        -86.932072938332908,
                        36.066921682271968
                    ],
                    [
                        -86.932189343775249,
                        36.066350670430275
                    ],
                    [
                        -86.932282926868439,
                        36.065761205849221
                    ],
                    [
                        -86.932350393004143,
                        36.065335099914051
                    ],
                    [
                        -86.932403454124355,
                        36.065002967151749
                    ],
                    [
                        -86.932463940591617,
                        36.064630943748
                    ],
                    [
                        -86.932415589446791,
                        36.064090809123208
                    ],
                    [
                        -86.93246315124243,
                        36.063626625373423
                    ],
                    [
                        -86.932606928370262,
                        36.063312334896629
                    ]
                ]
            },
            "properties": {
                "OBJECTID": 495,
                "OnStreet": "Willow Creek Dr",
                "BeginStreet": "Colice Jeanne Rd",
                "EndStreet": "Bellevue Rd",
                "Neighborhood": "Colice Jeanne",
                "Status": "Completed with vertical measures",
                "CompleteDate": 1746714022000,
                "ConceptDocument": null
            }
        },
        {
            "type": "Feature",
            "id": 497,
            "geometry": {
                "type": "LineString",
                "coordinates": [
                    [
                        -86.869804577863718,
                        36.12987655926149
                    ],
                    [
                        -86.869401782422031,
                        36.129377655472403
                    ],
                    [
                        -86.868913624890013,
                        36.129097532851034
                    ],
                    [
                        -86.868006208040882,
                        36.128811858951508
                    ],
                    [
                        -86.86701365940101,
                        36.128506835687496
                    ],
                    [
                        -86.866426391411679,
                        36.128219860743791
                    ],
                    [
                        -86.866175412159265,
                        36.128028448372319
                    ],
                    [
                        -86.865261726500819,
                        36.127286319852907
                    ],
                    [
                        -86.864489858658573,
                        36.126884688419111
                    ],
                    [
                        -86.86282861605082,
                        36.126311673360433
                    ],
                    [
                        -86.86081099786297,
                        36.125738203952032
                    ],
                    [
                        -86.860160892985434,
                        36.125481406514041
                    ],
                    [
                        -86.859548689304333,
                        36.125228667102597
                    ],
                    [
                        -86.858718555428467,
                        36.124740116496241
                    ],
                    [
                        -86.857860760922122,
                        36.124238200677055
                    ],
                    [
                        -86.856844492063374,
                        36.123656653927156
                    ],
                    [
                        -86.85628398071529,
                        36.123462841668164
                    ],
                    [
                        -86.855504309288605,
                        36.123381610605328
                    ],
                    [
                        -86.85497292042983,
                        36.123323796011597
                    ],
                    [
                        -86.854544926263216,
                        36.123198401070347
                    ]
                ]
            },
            "properties": {
                "OBJECTID": 497,
                "OnStreet": "Wilsonia Ave",
                "BeginStreet": "Hickory Valley Rd",
                "EndStreet": "Hillwood Blvd",
                "Neighborhood": "Wilsonia",
                "Status": "Completed with vertical measures",
                "CompleteDate": 1747059282000,
                "ConceptDocument": null
            }
        },
        {
            "type": "Feature",
            "id": 501,
            "geometry": {
                "type": "LineString",
                "coordinates": [
                    [
                        -86.734609938218583,
                        36.109940206161021
                    ],
                    [
                        -86.734621183338092,
                        36.109722430142533
                    ],
                    [
                        -86.734630025166965,
                        36.109580213051615
                    ],
                    [
                        -86.734677438790825,
                        36.109216161724397
                    ],
                    [
                        -86.734770123537302,
                        36.10840909376163
                    ],
                    [
                        -86.734793941203009,
                        36.108056174424284
                    ],
                    [
                        -86.734789880367842,
                        36.107983172106366
                    ],
                    [
                        -86.734760664851407,
                        36.107691698800501
                    ],
                    [
                        -86.734715590795901,
                        36.10708875516395
                    ],
                    [
                        -86.73470332232688,
                        36.106677450753416
                    ],
                    [
                        -86.734698425134908,
                        36.106514027214551
                    ],
                    [
                        -86.734709358177184,
                        36.106415064995048
                    ],
                    [
                        -86.734752825798523,
                        36.106112619117319
                    ],
                    [
                        -86.73476697805873,
                        36.105721299050707
                    ],
                    [
                        -86.734600120254228,
                        36.10562827237861
                    ],
                    [
                        -86.734582323340064,
                        36.105521426800884
                    ],
                    [
                        -86.734620716791866,
                        36.105066775710007
                    ],
                    [
                        -86.734696361914345,
                        36.104552834932576
                    ],
                    [
                        -86.734741970855552,
                        36.104085548844317
                    ],
                    [
                        -86.734827674116474,
                        36.103378332790335
                    ],
                    [
                        -86.734964979887806,
                        36.102242253959417
                    ],
                    [
                        -86.735054076523127,
                        36.101780196630926
                    ],
                    [
                        -86.735108175338652,
                        36.101255169125231
                    ],
                    [
                        -86.735090787879244,
                        36.101205369388389
                    ]
                ]
            },
            "properties": {
                "OBJECTID": 501,
                "OnStreet": "Wingate Ave",
                "BeginStreet": "Thompson Ln",
                "EndStreet": "Antioch Pike",
                "Neighborhood": "Dobbs Neighborhood",
                "Status": "Completed with vertical measures",
                "CompleteDate": null,
                "ConceptDocument": null
            }
        },
        {
            "type": "Feature",
            "id": 504,
            "geometry": {
                "type": "LineString",
                "coordinates": [
                    [
                        -86.725447517280855,
                        36.0415077905703
                    ],
                    [
                        -86.725422109376623,
                        36.04141087786688
                    ],
                    [
                        -86.725367338652987,
                        36.04109253826055
                    ],
                    [
                        -86.725346913513889,
                        36.040769413302833
                    ],
                    [
                        -86.725244592323634,
                        36.04030599021867
                    ],
                    [
                        -86.725073828388247,
                        36.040033677221246
                    ],
                    [
                        -86.724807289698433,
                        36.039829702040507
                    ],
                    [
                        -86.724517722548057,
                        36.039635022775414
                    ],
                    [
                        -86.724191674880402,
                        36.039272298690058
                    ],
                    [
                        -86.724085166601157,
                        36.03893618395815
                    ],
                    [
                        -86.723761301862737,
                        36.037630870826106
                    ],
                    [
                        -86.723342069429862,
                        36.036749684934669
                    ],
                    [
                        -86.723030125408982,
                        36.035868490030815
                    ],
                    [
                        -86.722892535393044,
                        36.035585530503567
                    ],
                    [
                        -86.722445000696595,
                        36.035186890888134
                    ],
                    [
                        -86.721878255533511,
                        36.03483644854964
                    ],
                    [
                        -86.721573772257543,
                        36.034813765265611
                    ]
                ]
            },
            "properties": {
                "OBJECTID": 504,
                "OnStreet": "Woodlands Ave",
                "BeginStreet": "Windypine Dr",
                "EndStreet": "Boxwood Dr",
                "Neighborhood": "Woodlands HOA",
                "Status": "Completed with vertical measures",
                "CompleteDate": 1777557912000,
                "ConceptDocument": null
            }
        },
        {
            "type": "Feature",
            "id": 523,
            "geometry": {
                "type": "LineString",
                "coordinates": [
                    [
                        -86.758571633086248,
                        36.050842743337789
                    ],
                    [
                        -86.756918902836659,
                        36.051210836558283
                    ],
                    [
                        -86.755496424376773,
                        36.051706236055857
                    ],
                    [
                        -86.754969495177107,
                        36.051881235319549
                    ],
                    [
                        -86.754424130024304,
                        36.051970498613848
                    ],
                    [
                        -86.753737542526338,
                        36.052032026690512
                    ],
                    [
                        -86.752858231170862,
                        36.052209219101393
                    ],
                    [
                        -86.752294565448551,
                        36.052227046933652
                    ],
                    [
                        -86.751867861545719,
                        36.052216764465136
                    ]
                ]
            },
            "properties": {
                "OBJECTID": 523,
                "OnStreet": "Broadwell Dr",
                "BeginStreet": "Trousdale Dr",
                "EndStreet": "San Marcos Dr",
                "Neighborhood": "Broadwell Dr",
                "Status": "Completed with vertical measures",
                "CompleteDate": 1716219218000,
                "ConceptDocument": null
            }
        },
        {
            "type": "Feature",
            "id": 525,
            "geometry": {
                "type": "LineString",
                "coordinates": [
                    [
                        -86.885862803157082,
                        36.141927622115418
                    ],
                    [
                        -86.887197334440771,
                        36.140936283933129
                    ],
                    [
                        -86.887839804653822,
                        36.140550014075849
                    ],
                    [
                        -86.888466501782034,
                        36.140068470406895
                    ],
                    [
                        -86.889344399089097,
                        36.139704305547838
                    ],
                    [
                        -86.893151284836804,
                        36.137064988545141
                    ],
                    [
                        -86.893441216321008,
                        36.13670514443514
                    ],
                    [
                        -86.893670072458775,
                        36.136143055696216
                    ],
                    [
                        -86.894369247120324,
                        36.135577479892056
                    ],
                    [
                        -86.896193424687524,
                        36.134193760239022
                    ],
                    [
                        -86.896557087384352,
                        36.133857205782647
                    ],
                    [
                        -86.897196893611891,
                        36.133244361686913
                    ],
                    [
                        -86.897531154020214,
                        36.132908023705781
                    ],
                    [
                        -86.897851657546923,
                        36.132655249840816
                    ],
                    [
                        -86.898423222574564,
                        36.132507915535875
                    ],
                    [
                        -86.899025934117518,
                        36.13251534872655
                    ],
                    [
                        -86.899466437611608,
                        36.132476295018002
                    ],
                    [
                        -86.899818219610779,
                        36.132390208997023
                    ],
                    [
                        -86.90006563464182,
                        36.132173743623618
                    ],
                    [
                        -86.90038220702607,
                        36.131575217223627
                    ],
                    [
                        -86.90037909710702,
                        36.131301004126087
                    ],
                    [
                        -86.900331761417547,
                        36.131015198852872
                    ],
                    [
                        -86.900328651694679,
                        36.130740985714461
                    ],
                    [
                        -86.900385410378831,
                        36.130561712543127
                    ],
                    [
                        -86.900619068535477,
                        36.130428812232275
                    ],
                    [
                        -86.900779242999221,
                        36.130296460168061
                    ],
                    [
                        -86.900807418234663,
                        36.130188939850115
                    ]
                ]
            },
            "properties": {
                "OBJECTID": 525,
                "OnStreet": "Cabot Dr",
                "BeginStreet": "Annex Ave",
                "EndStreet": "Charlotte Pike",
                "Neighborhood": "Charlotte Park",
                "Status": "Completed with vertical measures",
                "CompleteDate": 1722866285000,
                "ConceptDocument": null
            }
        },
        {
            "type": "Feature",
            "id": 526,
            "geometry": {
                "type": "LineString",
                "coordinates": [
                    [
                        -86.700805708546497,
                        36.007660647911017
                    ],
                    [
                        -86.700630459468826,
                        36.007757054524944
                    ],
                    [
                        -86.700573107102912,
                        36.00791000855525
                    ],
                    [
                        -86.700728661126206,
                        36.008242959888868
                    ],
                    [
                        -86.700873569225635,
                        36.008699977150513
                    ],
                    [
                        -86.700794082343478,
                        36.009005680449313
                    ],
                    [
                        -86.70057346931543,
                        36.009283587458363
                    ],
                    [
                        -86.699578291905482,
                        36.009594611329554
                    ],
                    [
                        -86.699237842414107,
                        36.009596588145492
                    ],
                    [
                        -86.698637446235651,
                        36.009409296993653
                    ],
                    [
                        -86.698013238532766,
                        36.009183986206168
                    ],
                    [
                        -86.69576656138058,
                        36.008691430494942
                    ],
                    [
                        -86.69547274052394,
                        36.008654971801455
                    ],
                    [
                        -86.694815663139366,
                        36.0086969194357
                    ],
                    [
                        -86.694333677562554,
                        36.008623388599318
                    ],
                    [
                        -86.694133940052623,
                        36.008605462038837
                    ],
                    [
                        -86.693794910571754,
                        36.008769574079018
                    ],
                    [
                        -86.693096527342362,
                        36.009460385207952
                    ],
                    [
                        -86.692012879891337,
                        36.010401413339522
                    ],
                    [
                        -86.69147592143257,
                        36.010757430514012
                    ],
                    [
                        -86.691102071321822,
                        36.010969427729734
                    ],
                    [
                        -86.690610738471079,
                        36.011172559864669
                    ],
                    [
                        -86.69017801996857,
                        36.011365814815974
                    ],
                    [
                        -86.689699829436464,
                        36.011731026500968
                    ],
                    [
                        -86.688929703767556,
                        36.012279141683855
                    ],
                    [
                        -86.688649183109959,
                        36.012423826569503
                    ],
                    [
                        -86.688308970052702,
                        36.012454387237746
                    ],
                    [
                        -86.68795569553356,
                        36.012332401396002
                    ],
                    [
                        -86.68748477523684,
                        36.012182470755597
                    ],
                    [
                        -86.687097107548496,
                        36.012156066506634
                    ],
                    [
                        -86.686569384058629,
                        36.012225846280522
                    ],
                    [
                        -86.686076879640083,
                        36.012295424048396
                    ],
                    [
                        -86.685584127624551,
                        36.012336384144596
                    ],
                    [
                        -86.684985139823723,
                        36.012311175646367
                    ],
                    [
                        -86.684679488780446,
                        36.012265219459699
                    ],
                    [
                        -86.684525307938316,
                        36.012084860354335
                    ],
                    [
                        -86.684371703570179,
                        36.011971267611635
                    ],
                    [
                        -86.684136986267376,
                        36.011982140245124
                    ],
                    [
                        -86.684008584902429,
                        36.012068717912406
                    ],
                    [
                        -86.683951771775952,
                        36.012288431352886
                    ],
                    [
                        -86.683929604118703,
                        36.012441177320319
                    ],
                    [
                        -86.683673783337326,
                        36.012728791087149
                    ],
                    [
                        -86.68341845372214,
                        36.01307363469887
                    ],
                    [
                        -86.683281915507948,
                        36.013579962437746
                    ],
                    [
                        -86.683165415482478,
                        36.013685549378614
                    ],
                    [
                        -86.682930774869448,
                        36.013705956706659
                    ],
                    [
                        -86.681827601291005,
                        36.01375989984993
                    ],
                    [
                        -86.68165247931023,
                        36.013875355523602
                    ],
                    [
                        -86.68157315975418,
                        36.014209660529019
                    ],
                    [
                        -86.681383873893694,
                        36.01541261178231
                    ],
                    [
                        -86.681350123789173,
                        36.015584499470634
                    ],
                    [
                        -86.681292238294674,
                        36.015680213665611
                    ]
                ]
            },
            "properties": {
                "OBJECTID": 526,
                "OnStreet": "Culbertson Rd",
                "BeginStreet": "Nolensville Rd",
                "EndStreet": "Old Hickory Blvd",
                "Neighborhood": "Culbertson Rd",
                "Status": "Completed with vertical measures",
                "CompleteDate": 1682917200000,
                "ConceptDocument": null
            }
        },
        {
            "type": "Feature",
            "id": 532,
            "geometry": {
                "type": "LineString",
                "coordinates": [
                    [
                        -86.730466929185539,
                        36.214535047263695
                    ],
                    [
                        -86.722264637948115,
                        36.213439785493222
                    ],
                    [
                        -86.721863597904758,
                        36.213346800954746
                    ],
                    [
                        -86.721650353097957,
                        36.213195462587322
                    ]
                ]
            },
            "properties": {
                "OBJECTID": 532,
                "OnStreet": "Stratford Ave",
                "BeginStreet": "Gallatin Pike",
                "EndStreet": "Kennedy Ave",
                "Neighborhood": "Stratford",
                "Status": "Completed with vertical measures",
                "CompleteDate": 1720703931000,
                "ConceptDocument": null
            }
        },
        {
            "type": "Feature",
            "id": 535,
            "geometry": {
                "type": "LineString",
                "coordinates": [
                    [
                        -86.724943808470499,
                        36.209830379013333
                    ],
                    [
                        -86.722314235204379,
                        36.211877790773393
                    ],
                    [
                        -86.72213286732304,
                        36.2121390420644
                    ],
                    [
                        -86.721962008185372,
                        36.212782457178783
                    ],
                    [
                        -86.721846265389374,
                        36.212997760877471
                    ],
                    [
                        -86.721650353097957,
                        36.213195462587322
                    ]
                ]
            },
            "properties": {
                "OBJECTID": 535,
                "OnStreet": "Kennedy Ave",
                "BeginStreet": "Greenfield Ave",
                "EndStreet": "Stratford Ave",
                "Neighborhood": "Friends of Inglewood Pl",
                "Status": "Completed with vertical measures",
                "CompleteDate": 1715787023000,
                "ConceptDocument": null
            }
        },
        {
            "type": "Feature",
            "id": 538,
            "geometry": {
                "type": "LineString",
                "coordinates": [
                    [
                        -86.715028441545599,
                        36.053665497344824
                    ],
                    [
                        -86.716327450992878,
                        36.0534201386238
                    ],
                    [
                        -86.717502488999443,
                        36.05346084248059
                    ],
                    [
                        -86.718722545817585,
                        36.053608576732522
                    ],
                    [
                        -86.719473626251641,
                        36.053854485453677
                    ],
                    [
                        -86.721515754278414,
                        36.055039040936393
                    ],
                    [
                        -86.723057203911978,
                        36.055442948169301
                    ]
                ]
            },
            "properties": {
                "OBJECTID": 538,
                "OnStreet": "Brewer Dr",
                "BeginStreet": "Greenleaf Dr",
                "EndStreet": "Nolensville Pike",
                "Neighborhood": "Greenleaf",
                "Status": "Completed with vertical measures",
                "CompleteDate": 1755785775000,
                "ConceptDocument": null
            }
        },
        {
            "type": "Feature",
            "id": 539,
            "geometry": {
                "type": "LineString",
                "coordinates": [
                    [
                        -86.710930701897141,
                        36.266954933657665
                    ],
                    [
                        -86.713266681445617,
                        36.267384692180308
                    ],
                    [
                        -86.713815379180119,
                        36.267495909822522
                    ],
                    [
                        -86.71915552362313,
                        36.267993616314364
                    ],
                    [
                        -86.720393369784475,
                        36.268115008478553
                    ]
                ]
            },
            "properties": {
                "OBJECTID": 539,
                "OnStreet": "Williams Ave",
                "BeginStreet": "Walker Terrace",
                "EndStreet": "Gallatin Pike",
                "Neighborhood": "Gridiron Heights",
                "Status": "Completed with vertical measures",
                "CompleteDate": 1727359806000,
                "ConceptDocument": null
            }
        },
        {
            "type": "Feature",
            "id": 540,
            "geometry": {
                "type": "LineString",
                "coordinates": [
                    [
                        -86.720393369784475,
                        36.268115008478553
                    ],
                    [
                        -86.720743554983883,
                        36.265823769019811
                    ]
                ]
            },
            "properties": {
                "OBJECTID": 540,
                "OnStreet": "Walker Terrace",
                "BeginStreet": "Gray Ave",
                "EndStreet": "Williams Ave",
                "Neighborhood": "Gridiron Heights",
                "Status": "Completed with vertical measures",
                "CompleteDate": 1746713670000,
                "ConceptDocument": null
            }
        },
        {
            "type": "Feature",
            "id": 546,
            "geometry": {
                "type": "LineString",
                "coordinates": [
                    [
                        -86.737662332098765,
                        36.228189125718046
                    ],
                    [
                        -86.741729230846516,
                        36.217250882780156
                    ]
                ]
            },
            "properties": {
                "OBJECTID": 546,
                "OnStreet": "Huston Ave",
                "BeginStreet": "Hart Ln",
                "EndStreet": "Maplewood Ln",
                "Neighborhood": "Hutson",
                "Status": "Completed with vertical measures",
                "CompleteDate": 1737385600000,
                "ConceptDocument": null
            }
        },
        {
            "type": "Feature",
            "id": 548,
            "geometry": {
                "type": "LineString",
                "coordinates": [
                    [
                        -86.805639084393164,
                        36.125325185823471
                    ],
                    [
                        -86.808428753939666,
                        36.125635603667121
                    ],
                    [
                        -86.812578102793509,
                        36.126108499980688
                    ]
                ]
            },
            "properties": {
                "OBJECTID": 548,
                "OnStreet": "Woodlawn Dr",
                "BeginStreet": "21st Ave S",
                "EndStreet": "Natchez Trace",
                "Neighborhood": "HWENII",
                "Status": "Completed with vertical measures",
                "CompleteDate": 1716305771000,
                "ConceptDocument": null
            }
        },
        {
            "type": "Feature",
            "id": 556,
            "geometry": {
                "type": "LineString",
                "coordinates": [
                    [
                        -86.823245445534724,
                        36.181880619347979
                    ],
                    [
                        -86.822850528056662,
                        36.18186397153692
                    ],
                    [
                        -86.821789110727565,
                        36.181623202474057
                    ],
                    [
                        -86.819821899123937,
                        36.181398117070572
                    ],
                    [
                        -86.819046952748266,
                        36.181299710838445
                    ],
                    [
                        -86.818357836512504,
                        36.181080065950326
                    ],
                    [
                        -86.817837910319724,
                        36.181039129008994
                    ]
                ]
            },
            "properties": {
                "OBJECTID": 556,
                "OnStreet": "Jenkins St",
                "BeginStreet": "28th Ave N",
                "EndStreet": "25th Ave N",
                "Neighborhood": "Olympic Park HOA",
                "Status": "Completed with vertical measures",
                "CompleteDate": 1687567318000,
                "ConceptDocument": null
            }
        },
        {
            "type": "Feature",
            "id": 572,
            "geometry": {
                "type": "LineString",
                "coordinates": [
                    [
                        -86.7969600324829,
                        36.137198367956692
                    ],
                    [
                        -86.795709703150692,
                        36.143664526328685
                    ],
                    [
                        -86.795044364644397,
                        36.147008688708702
                    ],
                    [
                        -86.794334789546141,
                        36.151297218613664
                    ]
                ]
            },
            "properties": {
                "OBJECTID": 572,
                "OnStreet": "18th Ave S",
                "BeginStreet": "Division St",
                "EndStreet": "Wedgewood Ave",
                "Neighborhood": null,
                "Status": "Completed with vertical measures",
                "CompleteDate": 1761756266000,
                "ConceptDocument": null
            }
        },
        {
            "type": "Feature",
            "id": 575,
            "geometry": {
                "type": "LineString",
                "coordinates": [
                    [
                        -86.727157018399922,
                        36.264218353463008
                    ],
                    [
                        -86.728151339020997,
                        36.257534547223344
                    ]
                ]
            },
            "properties": {
                "OBJECTID": 575,
                "OnStreet": "E Marthona Rd",
                "BeginStreet": "W Old Hickory Blvd",
                "EndStreet": "Vantrease Rd",
                "Neighborhood": "E/W Marthona Rd",
                "Status": "Completed with vertical measures",
                "CompleteDate": 1683522000000,
                "ConceptDocument": null
            }
        },
        {
            "type": "Feature",
            "id": 576,
            "geometry": {
                "type": "LineString",
                "coordinates": [
                    [
                        -86.663966876264581,
                        36.163067489049624
                    ],
                    [
                        -86.658836596432693,
                        36.162865839723395
                    ],
                    [
                        -86.658547023254314,
                        36.162798491646264
                    ],
                    [
                        -86.658125744193782,
                        36.162566430078066
                    ],
                    [
                        -86.657780945477242,
                        36.161989305970778
                    ]
                ]
            },
            "properties": {
                "OBJECTID": 576,
                "OnStreet": "Colonial Cir",
                "BeginStreet": "Donelson Pike",
                "EndStreet": "McCampbell Ave",
                "Neighborhood": "Colonial Circle",
                "Status": "Completed with vertical measures",
                "CompleteDate": 1762873444000,
                "ConceptDocument": null
            }
        },
        {
            "type": "Feature",
            "id": 580,
            "geometry": {
                "type": "LineString",
                "coordinates": [
                    [
                        -86.757647523983266,
                        36.193719106410683
                    ],
                    [
                        -86.757642257123919,
                        36.193749274910473
                    ],
                    [
                        -86.757581919381522,
                        36.194094948054996
                    ],
                    [
                        -86.757525130535129,
                        36.194358792362443
                    ],
                    [
                        -86.757467684263503,
                        36.194494673493011
                    ],
                    [
                        -86.757383606826991,
                        36.195006380449698
                    ],
                    [
                        -86.757298665609142,
                        36.195398138570503
                    ],
                    [
                        -86.757195327038474,
                        36.19593377374499
                    ],
                    [
                        -86.757081774397108,
                        36.196405604107341
                    ],
                    [
                        -86.757053851935268,
                        36.196557554045533
                    ],
                    [
                        -86.756958870013278,
                        36.196933349393646
                    ],
                    [
                        -86.756872856591045,
                        36.1972131718478
                    ],
                    [
                        -86.756795816426347,
                        36.197397477459589
                    ],
                    [
                        -86.756415914402709,
                        36.198608786659435
                    ],
                    [
                        -86.756273951130794,
                        36.199123144000289
                    ],
                    [
                        -86.756146644623627,
                        36.199604902696493
                    ]
                ]
            },
            "properties": {
                "OBJECTID": 580,
                "OnStreet": "Rosedale Ave",
                "BeginStreet": "Douglas Ave",
                "EndStreet": "Ward St",
                "Neighborhood": "Joy Gardens",
                "Status": "Completed with vertical measures",
                "CompleteDate": 1685682000000,
                "ConceptDocument": null
            }
        },
        {
            "type": "Feature",
            "id": 581,
            "geometry": {
                "type": "LineString",
                "coordinates": [
                    [
                        -86.7560584602072,
                        36.193583016517636
                    ],
                    [
                        -86.756052036152596,
                        36.193622026347072
                    ],
                    [
                        -86.75594072548769,
                        36.194297986354961
                    ],
                    [
                        -86.755882463439121,
                        36.194585645852527
                    ],
                    [
                        -86.755853423814386,
                        36.194709444501193
                    ],
                    [
                        -86.755609317464589,
                        36.195796742917466
                    ],
                    [
                        -86.755266129093613,
                        36.19712754433592
                    ],
                    [
                        -86.754901649528833,
                        36.198359126120621
                    ],
                    [
                        -86.754623768442514,
                        36.199312942396524
                    ]
                ]
            },
            "properties": {
                "OBJECTID": 581,
                "OnStreet": "Montgomery Ave",
                "BeginStreet": "Douglas Ave",
                "EndStreet": "Oneida Ave",
                "Neighborhood": "Joy Gardens",
                "Status": "Completed with vertical measures",
                "CompleteDate": 1717601271000,
                "ConceptDocument": null
            }
        },
        {
            "type": "Feature",
            "id": 583,
            "geometry": {
                "type": "LineString",
                "coordinates": [
                    [
                        -86.699248962118915,
                        36.06323934458679
                    ],
                    [
                        -86.698892056446937,
                        36.065553121553634
                    ],
                    [
                        -86.698849459375253,
                        36.065839298872845
                    ],
                    [
                        -86.698754379660073,
                        36.066473977856923
                    ],
                    [
                        -86.698730420932151,
                        36.066699381461682
                    ],
                    [
                        -86.698724525193697,
                        36.066926739785458
                    ],
                    [
                        -86.698740533035249,
                        36.06720799871308
                    ],
                    [
                        -86.698835355862471,
                        36.068146965546475
                    ],
                    [
                        -86.698848863184395,
                        36.068336209503094
                    ]
                ]
            },
            "properties": {
                "OBJECTID": 583,
                "OnStreet": "East Ridge Drive",
                "BeginStreet": "Packard Dr",
                "EndStreet": "Creekside Dr",
                "Neighborhood": "Haywood (South)",
                "Status": "Completed with vertical measures",
                "CompleteDate": null,
                "ConceptDocument": null
            }
        },
        {
            "type": "Feature",
            "id": 584,
            "geometry": {
                "type": "LineString",
                "coordinates": [
                    [
                        -86.697153680679591,
                        36.062877643092193
                    ],
                    [
                        -86.697159503640691,
                        36.063348512762417
                    ],
                    [
                        -86.69721999858173,
                        36.065519308556127
                    ],
                    [
                        -86.696838770987014,
                        36.066900340875648
                    ],
                    [
                        -86.696341479138582,
                        36.068134384376656
                    ]
                ]
            },
            "properties": {
                "OBJECTID": 584,
                "OnStreet": "Keeley Dr",
                "BeginStreet": "Packard Dr",
                "EndStreet": "Creekside Dr",
                "Neighborhood": "Haywood (South)",
                "Status": "Completed with vertical measures",
                "CompleteDate": null,
                "ConceptDocument": null
            }
        },
        {
            "type": "Feature",
            "id": 585,
            "geometry": {
                "type": "LineString",
                "coordinates": [
                    [
                        -86.896725089372225,
                        36.13113680840091
                    ],
                    [
                        -86.896752143163383,
                        36.131058542376152
                    ],
                    [
                        -86.896739236832431,
                        36.130965236190441
                    ],
                    [
                        -86.896709723169309,
                        36.13090066929179
                    ],
                    [
                        -86.896580671131645,
                        36.130693076170282
                    ],
                    [
                        -86.896534677801583,
                        36.130618558021006
                    ],
                    [
                        -86.896396623514704,
                        36.130463455831396
                    ],
                    [
                        -86.896348654811305,
                        36.130413906209185
                    ],
                    [
                        -86.896272710085867,
                        36.130335948566774
                    ],
                    [
                        -86.896116748664795,
                        36.130194255945149
                    ],
                    [
                        -86.895759710421871,
                        36.129989042012333
                    ],
                    [
                        -86.89543814133684,
                        36.129850868241789
                    ],
                    [
                        -86.895379807328027,
                        36.12983298707028
                    ],
                    [
                        -86.894865847284564,
                        36.129675635253079
                    ],
                    [
                        -86.89471264958992,
                        36.12962869692047
                    ],
                    [
                        -86.894335311920798,
                        36.129499633039515
                    ],
                    [
                        -86.894165622642973,
                        36.129441598859849
                    ],
                    [
                        -86.893967249910432,
                        36.129367294271809
                    ],
                    [
                        -86.893906462106756,
                        36.129356985158992
                    ],
                    [
                        -86.89383430238793,
                        36.129289069817382
                    ],
                    [
                        -86.893582476981223,
                        36.129078949181789
                    ],
                    [
                        -86.893471732913255,
                        36.12896759529913
                    ],
                    [
                        -86.893393750231397,
                        36.128883697941681
                    ],
                    [
                        -86.893313306901007,
                        36.128781734436494
                    ],
                    [
                        -86.893275224755243,
                        36.128732797162243
                    ],
                    [
                        -86.893051107379179,
                        36.128426777916658
                    ],
                    [
                        -86.892762557606829,
                        36.128087125894908
                    ],
                    [
                        -86.89258801371399,
                        36.127847814456814
                    ],
                    [
                        -86.892013422348214,
                        36.12708950732749
                    ],
                    [
                        -86.891979658006591,
                        36.127048092294913
                    ],
                    [
                        -86.891278699515269,
                        36.126192735189285
                    ],
                    [
                        -86.890723445459159,
                        36.125470679189171
                    ],
                    [
                        -86.890587202798258,
                        36.125299073276679
                    ],
                    [
                        -86.890328070797054,
                        36.12501414060916
                    ],
                    [
                        -86.889690597833422,
                        36.12418051142911
                    ],
                    [
                        -86.889643683642191,
                        36.124123625677804
                    ],
                    [
                        -86.889334536517524,
                        36.123731005237175
                    ],
                    [
                        -86.889286314775177,
                        36.12365810409122
                    ],
                    [
                        -86.889210709327742,
                        36.123558849250749
                    ],
                    [
                        -86.889071994472715,
                        36.123367572088654
                    ],
                    [
                        -86.888399646579643,
                        36.122592111523645
                    ],
                    [
                        -86.888195845077178,
                        36.122282729339119
                    ],
                    [
                        -86.887834369618787,
                        36.122054173155021
                    ],
                    [
                        -86.88730364571289,
                        36.121830066860618
                    ],
                    [
                        -86.886732740061433,
                        36.121671268026731
                    ]
                ]
            },
            "properties": {
                "OBJECTID": 585,
                "OnStreet": "Bresslyn Rd",
                "BeginStreet": "Old Charlotte Pk",
                "EndStreet": "Brook Hollow Rd",
                "Neighborhood": "Hillwood",
                "Status": "Completed with vertical measures",
                "CompleteDate": null,
                "ConceptDocument": null
            }
        },
        {
            "type": "Feature",
            "id": 586,
            "geometry": {
                "type": "LineString",
                "coordinates": [
                    [
                        -86.757380548483553,
                        36.207464692855289
                    ],
                    [
                        -86.757331542485673,
                        36.207568471725779
                    ],
                    [
                        -86.757307808453888,
                        36.207656525577541
                    ],
                    [
                        -86.757282255739284,
                        36.207820364010175
                    ],
                    [
                        -86.757256923649933,
                        36.208007320990319
                    ],
                    [
                        -86.757210338020698,
                        36.208335197462638
                    ],
                    [
                        -86.757189459868371,
                        36.208485728313754
                    ],
                    [
                        -86.757175466572122,
                        36.208588142949026
                    ],
                    [
                        -86.757144076169169,
                        36.208850682088659
                    ],
                    [
                        -86.757046751951933,
                        36.209574448852685
                    ],
                    [
                        -86.756982509555186,
                        36.210064969253736
                    ],
                    [
                        -86.756948013023973,
                        36.210327755713614
                    ],
                    [
                        -86.756741433088877,
                        36.211858004371607
                    ],
                    [
                        -86.756548180190194,
                        36.21327599731265
                    ],
                    [
                        -86.756473286643242,
                        36.213716678397915
                    ],
                    [
                        -86.756436467842605,
                        36.213825187648013
                    ]
                ]
            },
            "properties": {
                "OBJECTID": 586,
                "OnStreet": "Jones Ave",
                "BeginStreet": "Norton Ave",
                "EndStreet": "Dellway Dr",
                "Neighborhood": "Jones/Dellway",
                "Status": "Completed with vertical measures",
                "CompleteDate": null,
                "ConceptDocument": null
            }
        },
        {
            "type": "Feature",
            "id": 587,
            "geometry": {
                "type": "LineString",
                "coordinates": [
                    [
                        -86.756339243011965,
                        36.084404452115301
                    ],
                    [
                        -86.756227690131283,
                        36.084329377122565
                    ],
                    [
                        -86.756119751337849,
                        36.084248784220122
                    ],
                    [
                        -86.756017388750365,
                        36.084161518283153
                    ],
                    [
                        -86.75592316230987,
                        36.084069622714239
                    ],
                    [
                        -86.755835383174357,
                        36.083973565972826
                    ],
                    [
                        -86.755546851176717,
                        36.083645719101007
                    ],
                    [
                        -86.755472734654859,
                        36.083562854220752
                    ],
                    [
                        -86.755356407265964,
                        36.083430346832422
                    ],
                    [
                        -86.755221303102317,
                        36.083310319891872
                    ],
                    [
                        -86.755067452637832,
                        36.083205977218952
                    ],
                    [
                        -86.754899937444591,
                        36.083117973706059
                    ],
                    [
                        -86.754719618762138,
                        36.083047677465878
                    ],
                    [
                        -86.754598586047862,
                        36.083013409259607
                    ],
                    [
                        -86.754207620688661,
                        36.082916271582292
                    ],
                    [
                        -86.754143699777714,
                        36.082896983729945
                    ],
                    [
                        -86.753898379072893,
                        36.082812212602185
                    ],
                    [
                        -86.752782648973593,
                        36.082481058476652
                    ],
                    [
                        -86.751855069342085,
                        36.082183060783734
                    ],
                    [
                        -86.751425280595612,
                        36.082005802936777
                    ],
                    [
                        -86.751293680292463,
                        36.081957174902804
                    ],
                    [
                        -86.751084372826625,
                        36.081892548123207
                    ],
                    [
                        -86.750882127702198,
                        36.081829250557114
                    ],
                    [
                        -86.750417961383121,
                        36.081684482799147
                    ],
                    [
                        -86.7502592184468,
                        36.081628467095761
                    ],
                    [
                        -86.750097453668943,
                        36.081580941174415
                    ],
                    [
                        -86.749931814499206,
                        36.081541222644482
                    ],
                    [
                        -86.749666024073022,
                        36.081498005990348
                    ],
                    [
                        -86.748999527286713,
                        36.081429578670701
                    ],
                    [
                        -86.748181567020836,
                        36.081389101055862
                    ],
                    [
                        -86.747146610192019,
                        36.081335311540194
                    ],
                    [
                        -86.746402547475768,
                        36.081295508524612
                    ],
                    [
                        -86.745694617409711,
                        36.081259140269339
                    ],
                    [
                        -86.744925174808373,
                        36.081219255290804
                    ],
                    [
                        -86.74478240500089,
                        36.081212124907516
                    ],
                    [
                        -86.743051225330348,
                        36.081136730484282
                    ],
                    [
                        -86.742466334854143,
                        36.081108513050118
                    ],
                    [
                        -86.741587089460083,
                        36.081057837509071
                    ],
                    [
                        -86.741351430301691,
                        36.081039370213844
                    ],
                    [
                        -86.741132151999906,
                        36.081023319954646
                    ],
                    [
                        -86.741035916541591,
                        36.081016127997394
                    ],
                    [
                        -86.740636518794915,
                        36.081009883011383
                    ],
                    [
                        -86.740502537744248,
                        36.081007501031351
                    ],
                    [
                        -86.74032652442429,
                        36.081004003453103
                    ],
                    [
                        -86.740150606071296,
                        36.08101057780393
                    ],
                    [
                        -86.739975888195829,
                        36.081024928032861
                    ],
                    [
                        -86.739674023678248,
                        36.081074397124887
                    ]
                ]
            },
            "properties": {
                "OBJECTID": 587,
                "OnStreet": "Lynn Dr",
                "BeginStreet": "Trousdale Dr",
                "EndStreet": "Abbay Dr",
                "Neighborhood": "Caldwell-Abbay-Hall",
                "Status": "Completed with vertical measures",
                "CompleteDate": null,
                "ConceptDocument": null
            }
        },
        {
            "type": "Feature",
            "id": 589,
            "geometry": {
                "type": "LineString",
                "coordinates": [
                    [
                        -86.77697276908809,
                        36.198136935879802
                    ],
                    [
                        -86.77744986230519,
                        36.198200480706944
                    ],
                    [
                        -86.777988606592984,
                        36.198272097385754
                    ],
                    [
                        -86.778484137282405,
                        36.198343531545213
                    ],
                    [
                        -86.778783636749694,
                        36.198384179364758
                    ],
                    [
                        -86.779014092508831,
                        36.198411536698188
                    ],
                    [
                        -86.77936997383631,
                        36.198470132914359
                    ],
                    [
                        -86.77952328684357,
                        36.198493637700196
                    ],
                    [
                        -86.779801056868521,
                        36.198536025725801
                    ],
                    [
                        -86.780020048945119,
                        36.19855895247813
                    ],
                    [
                        -86.780204167276807,
                        36.198543265237511
                    ],
                    [
                        -86.780401590622546,
                        36.198514518971983
                    ],
                    [
                        -86.780781667356806,
                        36.198419806967593
                    ],
                    [
                        -86.780888118244178,
                        36.198359599286576
                    ],
                    [
                        -86.781165238723048,
                        36.198106451331739
                    ],
                    [
                        -86.781570910836265,
                        36.197686045562385
                    ],
                    [
                        -86.781944431510922,
                        36.197299269854156
                    ]
                ]
            },
            "properties": {
                "OBJECTID": 589,
                "OnStreet": "Weakley Ave",
                "BeginStreet": "Brick Church Pk",
                "EndStreet": "Fern Ave",
                "Neighborhood": "Katie Hill",
                "Status": "Completed with vertical measures",
                "CompleteDate": null,
                "ConceptDocument": null
            }
        },
        {
            "type": "Feature",
            "id": 590,
            "geometry": {
                "type": "LineString",
                "coordinates": [
                    [
                        -86.776744513774233,
                        36.195709326310187
                    ],
                    [
                        -86.77687361310268,
                        36.195770075313391
                    ],
                    [
                        -86.777268642872571,
                        36.195818811125811
                    ],
                    [
                        -86.777427236193731,
                        36.195838346949792
                    ],
                    [
                        -86.777885795535738,
                        36.195894833499032
                    ],
                    [
                        -86.778398676828573,
                        36.19597426752938
                    ],
                    [
                        -86.778457020215328,
                        36.195983304159562
                    ],
                    [
                        -86.778934602825046,
                        36.196059832513249
                    ],
                    [
                        -86.77940483141461,
                        36.196135045548978
                    ],
                    [
                        -86.779453584737283,
                        36.196142842182105
                    ],
                    [
                        -86.779458399218143,
                        36.196144184624366
                    ],
                    [
                        -86.78008233886878,
                        36.196321917927776
                    ],
                    [
                        -86.780318597400182,
                        36.196394333487376
                    ],
                    [
                        -86.780518435324154,
                        36.196467898808109
                    ],
                    [
                        -86.780644708334492,
                        36.196539657454011
                    ],
                    [
                        -86.780792160824291,
                        36.196616529759829
                    ],
                    [
                        -86.781750839083543,
                        36.197171869255087
                    ],
                    [
                        -86.781944431510922,
                        36.197299269854156
                    ]
                ]
            },
            "properties": {
                "OBJECTID": 590,
                "OnStreet": "Fern Ave",
                "BeginStreet": "Brick Church Pk",
                "EndStreet": "Weakley Ave",
                "Neighborhood": "Katie Hill",
                "Status": "Completed with vertical measures",
                "CompleteDate": null,
                "ConceptDocument": null
            }
        },
        {
            "type": "Feature",
            "id": 591,
            "geometry": {
                "type": "LineString",
                "coordinates": [
                    [
                        -86.76401843946833,
                        36.215103819140396
                    ],
                    [
                        -86.760482594501596,
                        36.214502330017993
                    ],
                    [
                        -86.757962638398624,
                        36.214077273124154
                    ],
                    [
                        -86.757231491769275,
                        36.213953207267288
                    ],
                    [
                        -86.75669683568816,
                        36.213875063299703
                    ],
                    [
                        -86.756521012841972,
                        36.213833585906606
                    ],
                    [
                        -86.756436467842605,
                        36.213825187648013
                    ]
                ]
            },
            "properties": {
                "OBJECTID": 591,
                "OnStreet": "Dellway Dr",
                "BeginStreet": "Dickerson Pk",
                "EndStreet": "Jones Ave",
                "Neighborhood": "Jones/Dellway",
                "Status": "Completed with vertical measures",
                "CompleteDate": null,
                "ConceptDocument": null
            }
        },
        {
            "type": "Feature",
            "id": 593,
            "geometry": {
                "type": "LineString",
                "coordinates": [
                    [
                        -86.803247998908375,
                        36.12811543677941
                    ],
                    [
                        -86.802830132494634,
                        36.128074871363545
                    ],
                    [
                        -86.802107573354121,
                        36.128004722921752
                    ],
                    [
                        -86.801754534633801,
                        36.127970446273793
                    ],
                    [
                        -86.800769654832393,
                        36.127874830537273
                    ],
                    [
                        -86.800096560928594,
                        36.127811076974744
                    ],
                    [
                        -86.797973288478147,
                        36.127604684988448
                    ],
                    [
                        -86.796899296976548,
                        36.127408728003068
                    ],
                    [
                        -86.796211312530602,
                        36.127322615620038
                    ],
                    [
                        -86.795945193437447,
                        36.127292551200505
                    ],
                    [
                        -86.795244656794509,
                        36.127249097074667
                    ],
                    [
                        -86.795184195599575,
                        36.127213554416549
                    ],
                    [
                        -86.794972151167215,
                        36.127285689768939
                    ],
                    [
                        -86.794285274887002,
                        36.12750746492987
                    ]
                ]
            },
            "properties": {
                "OBJECTID": 593,
                "OnStreet": "Linden Ave",
                "BeginStreet": "21st Ave S",
                "EndStreet": "Belmont Blvd",
                "Neighborhood": "Belmont-Hillsboro",
                "Status": "Completed with vertical measures",
                "CompleteDate": null,
                "ConceptDocument": null
            }
        },
        {
            "type": "Feature",
            "id": 594,
            "geometry": {
                "type": "LineString",
                "coordinates": [
                    [
                        -86.80401368994778,
                        36.127040109428094
                    ],
                    [
                        -86.802511811879754,
                        36.126891235952428
                    ],
                    [
                        -86.802279933146707,
                        36.126870801488479
                    ],
                    [
                        -86.802171799582084,
                        36.126837180922955
                    ],
                    [
                        -86.8020873517155,
                        36.126773872341658
                    ],
                    [
                        -86.8020243344737,
                        36.126736976533998
                    ],
                    [
                        -86.800283926932508,
                        36.126550743728686
                    ],
                    [
                        -86.798711026996244,
                        36.126380774309027
                    ],
                    [
                        -86.798240687085951,
                        36.126330319057132
                    ],
                    [
                        -86.797711591385564,
                        36.126273611699297
                    ],
                    [
                        -86.79617852741886,
                        36.126107467440264
                    ],
                    [
                        -86.79547867210097,
                        36.126046383005495
                    ],
                    [
                        -86.794787854185259,
                        36.125957763071973
                    ],
                    [
                        -86.79402433084671,
                        36.125878775675602
                    ]
                ]
            },
            "properties": {
                "OBJECTID": 594,
                "OnStreet": "Beechwood Ave",
                "BeginStreet": "21st Ave S",
                "EndStreet": "Belmont Blvd",
                "Neighborhood": "Belmont-Hillsboro",
                "Status": "Completed with vertical measures",
                "CompleteDate": null,
                "ConceptDocument": null
            }
        },
        {
            "type": "Feature",
            "id": 595,
            "geometry": {
                "type": "LineString",
                "coordinates": [
                    [
                        -86.805055908271811,
                        36.125882349080413
                    ],
                    [
                        -86.803695622298207,
                        36.125749675142963
                    ],
                    [
                        -86.803028137106921,
                        36.125684566744361
                    ],
                    [
                        -86.802029945175278,
                        36.125588420040756
                    ],
                    [
                        -86.800447682985606,
                        36.12544005453347
                    ],
                    [
                        -86.800032556089846,
                        36.125379853976384
                    ],
                    [
                        -86.799517222058313,
                        36.125316195534673
                    ],
                    [
                        -86.799267248603087,
                        36.125282327192323
                    ],
                    [
                        -86.798775102438682,
                        36.125228747785627
                    ],
                    [
                        -86.79843713428312,
                        36.125191951680762
                    ],
                    [
                        -86.797953234704309,
                        36.125139266095786
                    ],
                    [
                        -86.797739925751813,
                        36.125116041324397
                    ],
                    [
                        -86.797113602292853,
                        36.125047844891924
                    ],
                    [
                        -86.796896043939157,
                        36.125024671045068
                    ],
                    [
                        -86.796262838356938,
                        36.124957220468048
                    ],
                    [
                        -86.796004270397546,
                        36.124938349835226
                    ],
                    [
                        -86.795714746102661,
                        36.124909126159096
                    ],
                    [
                        -86.795399510148599,
                        36.124876408525367
                    ],
                    [
                        -86.795007662121463,
                        36.124829543796181
                    ],
                    [
                        -86.794775724890243,
                        36.124802456508206
                    ],
                    [
                        -86.794631665193108,
                        36.124783448523964
                    ],
                    [
                        -86.794251879166708,
                        36.124733337494298
                    ]
                ]
            },
            "properties": {
                "OBJECTID": 595,
                "OnStreet": "Sweetbriar Ave",
                "BeginStreet": "21st Ave S",
                "EndStreet": "Belmont Blvd",
                "Neighborhood": "Belmont-Hillsboro",
                "Status": "Completed with vertical measures",
                "CompleteDate": null,
                "ConceptDocument": null
            }
        },
        {
            "type": "Feature",
            "id": 596,
            "geometry": {
                "type": "LineString",
                "coordinates": [
                    [
                        -86.828305656061772,
                        36.10040929962539
                    ],
                    [
                        -86.827587671619355,
                        36.100294729110367
                    ],
                    [
                        -86.827229035236059,
                        36.100258043253653
                    ],
                    [
                        -86.82642381872536,
                        36.100190994239654
                    ],
                    [
                        -86.825469858574039,
                        36.100088786740173
                    ],
                    [
                        -86.824328595904944,
                        36.099986708463646
                    ],
                    [
                        -86.823527513546296,
                        36.099909768018271
                    ],
                    [
                        -86.823094028255468,
                        36.09983626589996
                    ],
                    [
                        -86.822873894543548,
                        36.099798850616381
                    ],
                    [
                        -86.82253140902084,
                        36.099686952531968
                    ],
                    [
                        -86.822429442994206,
                        36.099646898063511
                    ],
                    [
                        -86.822219643698261,
                        36.099545082605431
                    ],
                    [
                        -86.82208355758776,
                        36.099478934769387
                    ],
                    [
                        -86.82195721845369,
                        36.09940058721007
                    ],
                    [
                        -86.821770053301478,
                        36.099277784330681
                    ],
                    [
                        -86.82160625164633,
                        36.099150242540468
                    ],
                    [
                        -86.821353830348471,
                        36.098909070449032
                    ]
                ]
            },
            "properties": {
                "OBJECTID": 596,
                "OnStreet": "Castleman Dr",
                "BeginStreet": "Hillsboro Pk",
                "EndStreet": "Trimble Rd",
                "Neighborhood": "Castleman Heights",
                "Status": "Completed with vertical measures",
                "CompleteDate": 1677634850000,
                "ConceptDocument": null
            }
        },
        {
            "type": "Feature",
            "id": 597,
            "geometry": {
                "type": "LineString",
                "coordinates": [
                    [
                        -86.818432106396898,
                        36.139105046449039
                    ],
                    [
                        -86.818415004803512,
                        36.138979253875888
                    ],
                    [
                        -86.818445373896296,
                        36.1388863324675
                    ],
                    [
                        -86.818523756304529,
                        36.13868732301335
                    ],
                    [
                        -86.81866800548238,
                        36.138143105025911
                    ],
                    [
                        -86.818681059897258,
                        36.137849076157273
                    ],
                    [
                        -86.81859062258971,
                        36.137645259972679
                    ],
                    [
                        -86.818473093766102,
                        36.137551053546829
                    ],
                    [
                        -86.81828399133876,
                        36.137440162201628
                    ],
                    [
                        -86.81807973677914,
                        36.137337844420578
                    ],
                    [
                        -86.817757582261706,
                        36.137214577619275
                    ],
                    [
                        -86.817517732367705,
                        36.137136079401223
                    ],
                    [
                        -86.81724391697071,
                        36.137075208167801
                    ],
                    [
                        -86.81712312309584,
                        36.137047410733416
                    ],
                    [
                        -86.816716953250179,
                        36.136987206610989
                    ],
                    [
                        -86.816570293880559,
                        36.136968969630615
                    ],
                    [
                        -86.816503531228534,
                        36.136953625661953
                    ],
                    [
                        -86.816010833995193,
                        36.136876835361164
                    ],
                    [
                        -86.814774917105652,
                        36.136731808590213
                    ]
                ]
            },
            "properties": {
                "OBJECTID": 597,
                "OnStreet": "Acklen Ave",
                "BeginStreet": "Orleans Dr",
                "EndStreet": "32nd Ave S",
                "Neighborhood": "Acklen-Orleans-Love",
                "Status": "Completed with vertical measures",
                "CompleteDate": null,
                "ConceptDocument": null
            }
        },
        {
            "type": "Feature",
            "id": 598,
            "geometry": {
                "type": "LineString",
                "coordinates": [
                    [
                        -86.814936237556452,
                        36.140350024975561
                    ],
                    [
                        -86.815261555196486,
                        36.140175904000181
                    ],
                    [
                        -86.815439421097054,
                        36.140099385843968
                    ],
                    [
                        -86.816085044875436,
                        36.139922869380399
                    ],
                    [
                        -86.816546944892963,
                        36.139720121108873
                    ],
                    [
                        -86.816603420464418,
                        36.139695472876298
                    ],
                    [
                        -86.816898846868156,
                        36.139579239627658
                    ],
                    [
                        -86.817281649700718,
                        36.139451883271938
                    ],
                    [
                        -86.817365733009623,
                        36.139422469171755
                    ],
                    [
                        -86.817902862601528,
                        36.139235459623286
                    ],
                    [
                        -86.818217770403251,
                        36.139147706625785
                    ],
                    [
                        -86.818432106396898,
                        36.139105046449039
                    ]
                ]
            },
            "properties": {
                "OBJECTID": 598,
                "OnStreet": "Orleans Dr",
                "BeginStreet": "Acklen Ave",
                "EndStreet": "32nd Ave S",
                "Neighborhood": "Acklen-Orleans-Love",
                "Status": "Completed with vertical measures",
                "CompleteDate": null,
                "ConceptDocument": null
            }
        },
        {
            "type": "Feature",
            "id": 599,
            "geometry": {
                "type": "LineString",
                "coordinates": [
                    [
                        -86.743098797009296,
                        36.05221346236597
                    ],
                    [
                        -86.7426931228607,
                        36.052123476025841
                    ],
                    [
                        -86.742359049273546,
                        36.051972381335858
                    ],
                    [
                        -86.740107571073708,
                        36.050842043084039
                    ],
                    [
                        -86.739642421247822,
                        36.050600173585011
                    ],
                    [
                        -86.739509098219187,
                        36.050541928276516
                    ],
                    [
                        -86.738514548672356,
                        36.050029732562109
                    ],
                    [
                        -86.738406948805434,
                        36.049978654106603
                    ],
                    [
                        -86.738207500203259,
                        36.049902956100411
                    ],
                    [
                        -86.738073470889745,
                        36.049859364940602
                    ],
                    [
                        -86.737992880835947,
                        36.049832844944319
                    ],
                    [
                        -86.737830497829734,
                        36.04977179966734
                    ],
                    [
                        -86.737699943003207,
                        36.049738029833684
                    ],
                    [
                        -86.735988248141965,
                        36.049165185414715
                    ],
                    [
                        -86.735898321100549,
                        36.049134829263792
                    ],
                    [
                        -86.735584481938417,
                        36.049035101136255
                    ],
                    [
                        -86.735235870701743,
                        36.048924595784044
                    ],
                    [
                        -86.7349449233093,
                        36.048830906494992
                    ],
                    [
                        -86.734537058638111,
                        36.048745026859208
                    ],
                    [
                        -86.73311317689928,
                        36.048410761772587
                    ],
                    [
                        -86.731846346106479,
                        36.048139855999615
                    ],
                    [
                        -86.731698333227783,
                        36.048107789100264
                    ],
                    [
                        -86.731549183499538,
                        36.048074584279668
                    ],
                    [
                        -86.731392141096379,
                        36.048041427176251
                    ],
                    [
                        -86.730674694895185,
                        36.047887588966987
                    ],
                    [
                        -86.730499852386643,
                        36.047849960062322
                    ],
                    [
                        -86.727779740432723,
                        36.047259986119364
                    ],
                    [
                        -86.726153667375428,
                        36.046911979586845
                    ],
                    [
                        -86.725414283051165,
                        36.046761219300997
                    ],
                    [
                        -86.725132674023001,
                        36.046700187810146
                    ],
                    [
                        -86.725068557538279,
                        36.046686380048712
                    ]
                ]
            },
            "properties": {
                "OBJECTID": 599,
                "OnStreet": "Huntington Pkwy",
                "BeginStreet": "Amalie Dr",
                "EndStreet": "Edmondson Pk",
                "Neighborhood": "Huntington Pkwy",
                "Status": "Completed with vertical measures",
                "CompleteDate": null,
                "ConceptDocument": null
            }
        },
        {
            "type": "Feature",
            "id": 600,
            "geometry": {
                "type": "LineString",
                "coordinates": [
                    [
                        -86.657020897550126,
                        36.078144220595327
                    ],
                    [
                        -86.656858101746863,
                        36.077964256669738
                    ],
                    [
                        -86.65677481535009,
                        36.077850476674826
                    ],
                    [
                        -86.656709881505378,
                        36.07767112309773
                    ],
                    [
                        -86.656671385109277,
                        36.077517266021779
                    ],
                    [
                        -86.656577998146389,
                        36.077273282360864
                    ],
                    [
                        -86.656504135973393,
                        36.077139533429943
                    ],
                    [
                        -86.656309997142017,
                        36.076954245205918
                    ],
                    [
                        -86.655874915713639,
                        36.076345380367471
                    ],
                    [
                        -86.655293639721435,
                        36.075652836065963
                    ],
                    [
                        -86.655153448783224,
                        36.075558696696447
                    ],
                    [
                        -86.654938896639734,
                        36.075414620101185
                    ],
                    [
                        -86.654664737808673,
                        36.075305080369652
                    ],
                    [
                        -86.65426515279259,
                        36.075168749731262
                    ],
                    [
                        -86.653979794780625,
                        36.075068655168145
                    ],
                    [
                        -86.65362573888747,
                        36.074913302631934
                    ],
                    [
                        -86.653362485607815,
                        36.07475768679744
                    ],
                    [
                        -86.65300873711908,
                        36.074639417612794
                    ],
                    [
                        -86.652623642825517,
                        36.074549931871367
                    ],
                    [
                        -86.651955227956805,
                        36.074470448584059
                    ],
                    [
                        -86.651664184042573,
                        36.074467214771154
                    ],
                    [
                        -86.651471576714371,
                        36.074466653299567
                    ],
                    [
                        -86.651376887375164,
                        36.074474032728467
                    ],
                    [
                        -86.651273776114365,
                        36.074486036090555
                    ],
                    [
                        -86.65117154829025,
                        36.074502613101302
                    ],
                    [
                        -86.651071046077732,
                        36.074523301363499
                    ],
                    [
                        -86.65097142428391,
                        36.07454833437086
                    ],
                    [
                        -86.650874093145561,
                        36.07457747558589
                    ],
                    [
                        -86.650727288802827,
                        36.074625885492189
                    ],
                    [
                        -86.650641242374547,
                        36.074655652380599
                    ],
                    [
                        -86.650557201620515,
                        36.074689300115864
                    ],
                    [
                        -86.650476293348831,
                        36.074726822622061
                    ],
                    [
                        -86.650397955808074,
                        36.074768222936051
                    ],
                    [
                        -86.650322748097793,
                        36.074813040195806
                    ],
                    [
                        -86.65025067021358,
                        36.074861274407105
                    ],
                    [
                        -86.649726644699911,
                        36.075231068096762
                    ],
                    [
                        -86.649574409017063,
                        36.075339712326354
                    ],
                    [
                        -86.649153590490215,
                        36.07564072755077
                    ],
                    [
                        -86.649075309335259,
                        36.075689223369857
                    ],
                    [
                        -86.648937792402506,
                        36.075735748758845
                    ],
                    [
                        -86.648834171249618,
                        36.075754620524847
                    ],
                    [
                        -86.648763757832455,
                        36.075765301112909
                    ],
                    [
                        -86.648621136588815,
                        36.075773852000843
                    ],
                    [
                        -86.648549773632269,
                        36.075771717753646
                    ],
                    [
                        -86.648167855443546,
                        36.075725926354551
                    ],
                    [
                        -86.647804508781604,
                        36.075674997597218
                    ]
                ]
            },
            "properties": {
                "OBJECTID": 600,
                "OnStreet": "Dover Glen Dr",
                "BeginStreet": "Edge O Lake Dr",
                "EndStreet": "UNA Antioch Pk",
                "Neighborhood": "Dover Glen",
                "Status": "Completed with vertical measures",
                "CompleteDate": null,
                "ConceptDocument": null
            }
        },
        {
            "type": "Feature",
            "id": 603,
            "geometry": {
                "type": "LineString",
                "coordinates": [
                    [
                        -86.796269131064847,
                        36.159619811650835
                    ],
                    [
                        -86.796556713097772,
                        36.160033638952392
                    ],
                    [
                        -86.796688471372107,
                        36.160224671601156
                    ],
                    [
                        -86.796815254201178,
                        36.160408486220682
                    ],
                    [
                        -86.797185664386134,
                        36.160960808744512
                    ],
                    [
                        -86.798018191449216,
                        36.162197977877391
                    ]
                ]
            },
            "properties": {
                "OBJECTID": 603,
                "OnStreet": "16th Ave N",
                "BeginStreet": "Charlotte Ave",
                "EndStreet": "William Edmondson St",
                "Neighborhood": "16th Ave N",
                "Status": "Completed with vertical measures",
                "CompleteDate": 1685580174000,
                "ConceptDocument": null
            }
        },
        {
            "type": "Feature",
            "id": 604,
            "geometry": {
                "type": "LineString",
                "coordinates": [
                    [
                        -86.723644961837948,
                        36.248231911390974
                    ],
                    [
                        -86.723583025394035,
                        36.24831995716783
                    ],
                    [
                        -86.723519707486219,
                        36.248628229278999
                    ],
                    [
                        -86.723438706086995,
                        36.248856943547132
                    ],
                    [
                        -86.723386132620035,
                        36.249041994413126
                    ],
                    [
                        -86.72276705710928,
                        36.250389896225023
                    ],
                    [
                        -86.722650991288035,
                        36.250709928074286
                    ],
                    [
                        -86.722329195323553,
                        36.252055819580541
                    ],
                    [
                        -86.722330818217571,
                        36.252295943387658
                    ],
                    [
                        -86.722323929296124,
                        36.252470418350839
                    ],
                    [
                        -86.722371355374534,
                        36.25268142492795
                    ],
                    [
                        -86.722384082617609,
                        36.252837469344506
                    ],
                    [
                        -86.722308298461684,
                        36.253205332964342
                    ],
                    [
                        -86.722247908420101,
                        36.253339609614578
                    ],
                    [
                        -86.722205489896311,
                        36.253430055924966
                    ],
                    [
                        -86.722154561496723,
                        36.253517119342973
                    ],
                    [
                        -86.722098527122071,
                        36.253602153911103
                    ],
                    [
                        -86.722035394800415,
                        36.253683796229097
                    ],
                    [
                        -86.721491907255896,
                        36.254337621685949
                    ],
                    [
                        -86.720760555735396,
                        36.255219879262121
                    ],
                    [
                        -86.720634277457094,
                        36.25538201875964
                    ],
                    [
                        -86.720523594984272,
                        36.255549787104563
                    ],
                    [
                        -86.720424549577444,
                        36.255722979927526
                    ],
                    [
                        -86.720346042733411,
                        36.255885978842088
                    ],
                    [
                        -86.72029260660733,
                        36.255977405733582
                    ],
                    [
                        -86.720155518830509,
                        36.256287717396766
                    ],
                    [
                        -86.719618754113711,
                        36.257498903435149
                    ],
                    [
                        -86.719396449086133,
                        36.258012311564904
                    ],
                    [
                        -86.71917628276347,
                        36.258512659193713
                    ],
                    [
                        -86.718381935446999,
                        36.260403877734653
                    ],
                    [
                        -86.718303054296484,
                        36.26086950301525
                    ],
                    [
                        -86.718176523190323,
                        36.26153571202741
                    ],
                    [
                        -86.718018334953896,
                        36.262389362214492
                    ],
                    [
                        -86.717918192312609,
                        36.262973462290091
                    ],
                    [
                        -86.717811167810353,
                        36.263515712526498
                    ],
                    [
                        -86.717785748334379,
                        36.263674043696327
                    ]
                ]
            },
            "properties": {
                "OBJECTID": 604,
                "OnStreet": "Gibson Dr",
                "BeginStreet": "W Due West Ave",
                "EndStreet": "W Old Hickory Blvd",
                "Neighborhood": "Gibson Dr",
                "Status": "Completed with vertical measures",
                "CompleteDate": 1648771200000,
                "ConceptDocument": null
            }
        },
        {
            "type": "Feature",
            "id": 605,
            "geometry": {
                "type": "LineString",
                "coordinates": [
                    [
                        -86.735491746322808,
                        36.246453801869379
                    ],
                    [
                        -86.73524673347687,
                        36.246302377015603
                    ],
                    [
                        -86.734795939308157,
                        36.246024009289656
                    ],
                    [
                        -86.734655908760004,
                        36.245947944944248
                    ],
                    [
                        -86.734506141680427,
                        36.245888421607887
                    ],
                    [
                        -86.734182450097904,
                        36.24581576228681
                    ],
                    [
                        -86.733494838240546,
                        36.245812155598578
                    ],
                    [
                        -86.732663731434684,
                        36.245846499705046
                    ],
                    [
                        -86.732499085852254,
                        36.245828269055345
                    ],
                    [
                        -86.732350735114949,
                        36.245830084048329
                    ],
                    [
                        -86.73225832006969,
                        36.245829728526751
                    ],
                    [
                        -86.732067116599794,
                        36.245812116080728
                    ],
                    [
                        -86.731879425137663,
                        36.245777083515542
                    ],
                    [
                        -86.731698615866463,
                        36.24572209416025
                    ],
                    [
                        -86.731528371997172,
                        36.24564826942499
                    ],
                    [
                        -86.731369856650289,
                        36.245559264974304
                    ],
                    [
                        -86.730931984348885,
                        36.245270503420556
                    ],
                    [
                        -86.730529431122548,
                        36.245011515666029
                    ],
                    [
                        -86.730259345382549,
                        36.244836424117651
                    ],
                    [
                        -86.730143392736665,
                        36.244765703010621
                    ],
                    [
                        -86.730022121773487,
                        36.244700507920449
                    ],
                    [
                        -86.729895258326096,
                        36.244641756153143
                    ],
                    [
                        -86.72976337175956,
                        36.244589902084911
                    ],
                    [
                        -86.729518438171056,
                        36.244506682235539
                    ],
                    [
                        -86.729351138120663,
                        36.244475872937691
                    ],
                    [
                        -86.729207081675526,
                        36.244452705376283
                    ],
                    [
                        -86.729015860042296,
                        36.244432799064434
                    ],
                    [
                        -86.727730061307369,
                        36.244343948111478
                    ],
                    [
                        -86.727533202350401,
                        36.244325446910253
                    ],
                    [
                        -86.727332838896871,
                        36.244325508710773
                    ],
                    [
                        -86.727134938783621,
                        36.244347531322738
                    ],
                    [
                        -86.726940045900008,
                        36.244389451237211
                    ],
                    [
                        -86.726718215399003,
                        36.244483039044027
                    ],
                    [
                        -86.726481163778004,
                        36.244642646765065
                    ],
                    [
                        -86.726382860488854,
                        36.244739840511919
                    ],
                    [
                        -86.726301029822324,
                        36.244845862885285
                    ],
                    [
                        -86.726197321782053,
                        36.245031680467633
                    ],
                    [
                        -86.725840913844166,
                        36.245705692307858
                    ],
                    [
                        -86.725675621240299,
                        36.246017783263511
                    ],
                    [
                        -86.725160844821531,
                        36.246989878001749
                    ],
                    [
                        -86.724851833721232,
                        36.247594927125519
                    ],
                    [
                        -86.724785438169476,
                        36.247751447106729
                    ],
                    [
                        -86.724731864570543,
                        36.24801227495611
                    ],
                    [
                        -86.724709071795573,
                        36.248301304626708
                    ]
                ]
            },
            "properties": {
                "OBJECTID": 605,
                "OnStreet": "Freda Villa",
                "BeginStreet": "S Graycroft Ave",
                "EndStreet": "W Due West Ave",
                "Neighborhood": "Oakland Acres",
                "Status": "Completed with vertical measures",
                "CompleteDate": null,
                "ConceptDocument": null
            }
        },
        {
            "type": "Feature",
            "id": 606,
            "geometry": {
                "type": "LineString",
                "coordinates": [
                    [
                        -86.730414430362373,
                        36.239400539044937
                    ],
                    [
                        -86.730159627910822,
                        36.241465767514434
                    ],
                    [
                        -86.730089037591569,
                        36.242024293626564
                    ],
                    [
                        -86.729951822878775,
                        36.243112020165512
                    ],
                    [
                        -86.729909238474292,
                        36.243367062379647
                    ],
                    [
                        -86.729847883320161,
                        36.243609169716734
                    ],
                    [
                        -86.729768695619683,
                        36.243848178988074
                    ],
                    [
                        -86.729518438171056,
                        36.244506682235539
                    ]
                ]
            },
            "properties": {
                "OBJECTID": 606,
                "OnStreet": "Oakland Acres Dr",
                "BeginStreet": "Walton Ln",
                "EndStreet": "Freda Villa",
                "Neighborhood": "Oakland Acres",
                "Status": "Completed with vertical measures",
                "CompleteDate": null,
                "ConceptDocument": null
            }
        },
        {
            "type": "Feature",
            "id": 607,
            "geometry": {
                "type": "LineString",
                "coordinates": [
                    [
                        -86.729286446983437,
                        36.246567417497921
                    ],
                    [
                        -86.729214868501344,
                        36.246528247025608
                    ],
                    [
                        -86.729046443361739,
                        36.246437010202932
                    ],
                    [
                        -86.728821892461113,
                        36.24635801537088
                    ],
                    [
                        -86.728560869183966,
                        36.246308083508183
                    ],
                    [
                        -86.728504017959878,
                        36.246302932326536
                    ],
                    [
                        -86.727081327510632,
                        36.246205284293019
                    ],
                    [
                        -86.726501902156556,
                        36.246165504670749
                    ],
                    [
                        -86.726239656756775,
                        36.24613617761085
                    ],
                    [
                        -86.726095558376571,
                        36.246108658083394
                    ],
                    [
                        -86.725675621240299,
                        36.246017783263511
                    ]
                ]
            },
            "properties": {
                "OBJECTID": 607,
                "OnStreet": "Wellington Dr",
                "BeginStreet": "Saunders Ave",
                "EndStreet": "Freda Villa",
                "Neighborhood": "Oakland Acres",
                "Status": "Completed with vertical measures",
                "CompleteDate": null,
                "ConceptDocument": null
            }
        },
        {
            "type": "Feature",
            "id": 609,
            "geometry": {
                "type": "LineString",
                "coordinates": [
                    [
                        -86.768058531496294,
                        36.186967000665447
                    ],
                    [
                        -86.76793316605459,
                        36.187844108681844
                    ],
                    [
                        -86.767884911190862,
                        36.18819787012378
                    ],
                    [
                        -86.767890797149605,
                        36.188251629055443
                    ],
                    [
                        -86.767883708995981,
                        36.188307072952078
                    ],
                    [
                        -86.767858845188414,
                        36.18839330618119
                    ],
                    [
                        -86.767764409184466,
                        36.189198563866015
                    ],
                    [
                        -86.767681691914262,
                        36.189872576165996
                    ],
                    [
                        -86.767639687100626,
                        36.190172043376144
                    ],
                    [
                        -86.767562829326991,
                        36.190809847796977
                    ],
                    [
                        -86.767431938241288,
                        36.191788401196426
                    ],
                    [
                        -86.767380358767539,
                        36.19209090497106
                    ],
                    [
                        -86.767166713448404,
                        36.19394849261586
                    ],
                    [
                        -86.7671654385734,
                        36.193959578117749
                    ]
                ]
            },
            "properties": {
                "OBJECTID": 609,
                "OnStreet": "Meridian St",
                "BeginStreet": "Cleveland St",
                "EndStreet": "Douglas Ave",
                "Neighborhood": "Cleveland Park",
                "Status": "Completed with vertical measures",
                "CompleteDate": 1773150938000,
                "ConceptDocument": null
            }
        },
        {
            "type": "Feature",
            "id": 610,
            "geometry": {
                "type": "LineString",
                "coordinates": [
                    [
                        -86.935313980263558,
                        36.074038781943727
                    ],
                    [
                        -86.9351183948515,
                        36.074600265905531
                    ],
                    [
                        -86.93511935813703,
                        36.07506544674407
                    ],
                    [
                        -86.935168125415316,
                        36.075375269670928
                    ],
                    [
                        -86.93525175508276,
                        36.075652085902099
                    ],
                    [
                        -86.935400383589737,
                        36.075916493340252
                    ],
                    [
                        -86.93550968129621,
                        36.076217604889962
                    ],
                    [
                        -86.935554088427878,
                        36.076564091244613
                    ],
                    [
                        -86.935512247449182,
                        36.07686660538814
                    ],
                    [
                        -86.935286609510342,
                        36.077343159288716
                    ],
                    [
                        -86.935260485765127,
                        36.077711254439151
                    ],
                    [
                        -86.935440744186408,
                        36.078050962553561
                    ],
                    [
                        -86.935764701646903,
                        36.078619174297209
                    ],
                    [
                        -86.935910320278239,
                        36.078914737997259
                    ],
                    [
                        -86.935967271737141,
                        36.079080958240638
                    ],
                    [
                        -86.935970471266955,
                        36.079208905602165
                    ],
                    [
                        -86.935972542518599,
                        36.079384708210632
                    ],
                    [
                        -86.935962849500228,
                        36.079591279741777
                    ],
                    [
                        -86.935921040015373,
                        36.079824655633267
                    ],
                    [
                        -86.935904514226365,
                        36.080025785846672
                    ],
                    [
                        -86.935918166371778,
                        36.080155254549823
                    ],
                    [
                        -86.935938738988384,
                        36.080273680857275
                    ],
                    [
                        -86.935979183512401,
                        36.080403171380119
                    ],
                    [
                        -86.936054258503759,
                        36.080503775798455
                    ],
                    [
                        -86.936288107694466,
                        36.080843296225986
                    ],
                    [
                        -86.936479788462918,
                        36.081074400857631
                    ],
                    [
                        -86.936555301880645,
                        36.081164241818662
                    ],
                    [
                        -86.936660561668248,
                        36.081289336759497
                    ],
                    [
                        -86.936738081877976,
                        36.081381909179427
                    ],
                    [
                        -86.936787523642479,
                        36.081437155126821
                    ],
                    [
                        -86.936892977057042,
                        36.081554692750451
                    ],
                    [
                        -86.936934127652393,
                        36.081600387987564
                    ],
                    [
                        -86.937018146396014,
                        36.08169382544456
                    ],
                    [
                        -86.937154754421414,
                        36.081846376892159
                    ],
                    [
                        -86.937217051537957,
                        36.081915487492807
                    ],
                    [
                        -86.937271371709244,
                        36.08197779216097
                    ],
                    [
                        -86.937362003119276,
                        36.082081937699904
                    ],
                    [
                        -86.93745462769931,
                        36.082187671086331
                    ],
                    [
                        -86.93751237549094,
                        36.082253611880105
                    ],
                    [
                        -86.937628162579969,
                        36.082386177907978
                    ],
                    [
                        -86.937724792642697,
                        36.082496686571865
                    ],
                    [
                        -86.937808277873316,
                        36.082592645856906
                    ],
                    [
                        -86.937872311415532,
                        36.082665406396977
                    ],
                    [
                        -86.937974375910258,
                        36.082782282636053
                    ],
                    [
                        -86.938073870229132,
                        36.08289643162032
                    ],
                    [
                        -86.938110176761683,
                        36.082937814463698
                    ],
                    [
                        -86.938155348235682,
                        36.082989430184377
                    ],
                    [
                        -86.938196833671256,
                        36.083039472058587
                    ],
                    [
                        -86.938239748119869,
                        36.083091106212017
                    ],
                    [
                        -86.938341889411475,
                        36.083214391590495
                    ],
                    [
                        -86.938407981799728,
                        36.083294231760661
                    ],
                    [
                        -86.938451764164,
                        36.08334768962424
                    ],
                    [
                        -86.938542471705688,
                        36.083458014793869
                    ],
                    [
                        -86.938577957071715,
                        36.08350146516198
                    ],
                    [
                        -86.938638618779649,
                        36.083575166359509
                    ],
                    [
                        -86.93867066876544,
                        36.08361429286628
                    ],
                    [
                        -86.938754515173699,
                        36.083716658727468
                    ],
                    [
                        -86.938787140109099,
                        36.083756696447772
                    ],
                    [
                        -86.938839504950096,
                        36.083820389208569
                    ],
                    [
                        -86.938897881320884,
                        36.083891589835126
                    ],
                    [
                        -86.939002901578732,
                        36.084019660665405
                    ],
                    [
                        -86.939056757988311,
                        36.08409020962528
                    ],
                    [
                        -86.939163050777367,
                        36.084206594051707
                    ],
                    [
                        -86.939227080903791,
                        36.08430270388758
                    ],
                    [
                        -86.939305478044545,
                        36.084421137837531
                    ],
                    [
                        -86.939366994296222,
                        36.084543136313499
                    ],
                    [
                        -86.939410160144547,
                        36.08471129273898
                    ],
                    [
                        -86.93941932430144,
                        36.084770743228773
                    ],
                    [
                        -86.939440940643848,
                        36.08495303319247
                    ]
                ]
            },
            "properties": {
                "OBJECTID": 610,
                "OnStreet": "Cross Timbers Dr",
                "BeginStreet": "Hwy 70 S",
                "EndStreet": "Sawyer Brown Rd",
                "Neighborhood": "Cross Timbers",
                "Status": "Completed with vertical measures",
                "CompleteDate": null,
                "ConceptDocument": null
            }
        },
        {
            "type": "Feature",
            "id": 611,
            "geometry": {
                "type": "LineString",
                "coordinates": [
                    [
                        -86.712535988562379,
                        36.261248850239532
                    ],
                    [
                        -86.71229019083323,
                        36.26126174505243
                    ],
                    [
                        -86.712083960077507,
                        36.261274177302752
                    ],
                    [
                        -86.711899215463532,
                        36.261286940455435
                    ],
                    [
                        -86.711736785320326,
                        36.261297969495985
                    ],
                    [
                        -86.711446955281133,
                        36.2613179893713
                    ],
                    [
                        -86.7112732212792,
                        36.261329313252162
                    ],
                    [
                        -86.711115602083225,
                        36.261340999884474
                    ],
                    [
                        -86.710789908687275,
                        36.261364891857099
                    ],
                    [
                        -86.710722399685366,
                        36.261370096133724
                    ],
                    [
                        -86.710517715585723,
                        36.261365805822678
                    ],
                    [
                        -86.710347839254922,
                        36.261397708031353
                    ],
                    [
                        -86.710219029061577,
                        36.261406934993353
                    ],
                    [
                        -86.710044461108851,
                        36.261419864410797
                    ],
                    [
                        -86.709977232605723,
                        36.26142483770743
                    ],
                    [
                        -86.709906309205863,
                        36.261427543523745
                    ],
                    [
                        -86.709765589809294,
                        36.261432719494799
                    ],
                    [
                        -86.709708810946907,
                        36.261436715606621
                    ],
                    [
                        -86.709512204722046,
                        36.261450689341729
                    ],
                    [
                        -86.709366445878885,
                        36.261461159478095
                    ],
                    [
                        -86.709261079568719,
                        36.261468645392469
                    ],
                    [
                        -86.709042721787739,
                        36.261484119515444
                    ],
                    [
                        -86.708969846404329,
                        36.261489812128133
                    ],
                    [
                        -86.708688510699616,
                        36.261511606862108
                    ],
                    [
                        -86.708349553105123,
                        36.261537859184017
                    ],
                    [
                        -86.708161994023996,
                        36.261552235516767
                    ],
                    [
                        -86.708010592128488,
                        36.261563881658617
                    ],
                    [
                        -86.707817385213175,
                        36.261578748375364
                    ],
                    [
                        -86.707671648392605,
                        36.261591734398856
                    ],
                    [
                        -86.707566302183906,
                        36.261601507863979
                    ],
                    [
                        -86.707425661076456,
                        36.261615379412945
                    ],
                    [
                        -86.707236048661741,
                        36.261621296477486
                    ],
                    [
                        -86.706993662013346,
                        36.261636678603871
                    ],
                    [
                        -86.706670765159359,
                        36.26165733828968
                    ],
                    [
                        -86.706556915986766,
                        36.261664413619009
                    ],
                    [
                        -86.706439395363731,
                        36.261671968133548
                    ],
                    [
                        -86.706315671898125,
                        36.261681161192271
                    ],
                    [
                        -86.706058055739078,
                        36.26170029309008
                    ],
                    [
                        -86.705976703524243,
                        36.261706491252212
                    ],
                    [
                        -86.705862018512192,
                        36.261714944297829
                    ],
                    [
                        -86.705637734008533,
                        36.26173159145177
                    ],
                    [
                        -86.705453845424614,
                        36.261745485213645
                    ],
                    [
                        -86.705264364313109,
                        36.261798097033243
                    ],
                    [
                        -86.704959797300219,
                        36.261782247711515
                    ],
                    [
                        -86.704898784356331,
                        36.261786953004489
                    ],
                    [
                        -86.704620830095706,
                        36.261807802870422
                    ],
                    [
                        -86.704543431752782,
                        36.261813519182169
                    ],
                    [
                        -86.704281860638616,
                        36.261833128175439
                    ],
                    [
                        -86.703985264684519,
                        36.261855458708794
                    ],
                    [
                        -86.703827336328729,
                        36.261864390644647
                    ],
                    [
                        -86.703603865289267,
                        36.261877366644079
                    ],
                    [
                        -86.703343053113969,
                        36.261918716085077
                    ]
                ]
            },
            "properties": {
                "OBJECTID": 611,
                "OnStreet": "Maple St",
                "BeginStreet": "Gallatin Pk",
                "EndStreet": "Forest Park Rd",
                "Neighborhood": "Forest Park",
                "Status": "Completed with vertical measures",
                "CompleteDate": null,
                "ConceptDocument": null
            }
        },
        {
            "type": "Feature",
            "id": 612,
            "geometry": {
                "type": "LineString",
                "coordinates": [
                    [
                        -86.706879549569535,
                        36.259490807498736
                    ],
                    [
                        -86.706831443564568,
                        36.25935785947447
                    ],
                    [
                        -86.706837589969325,
                        36.259286402045788
                    ],
                    [
                        -86.706852279688263,
                        36.259190400736827
                    ],
                    [
                        -86.706865086860901,
                        36.259105169440438
                    ],
                    [
                        -86.706873102557765,
                        36.259053158845347
                    ],
                    [
                        -86.706881130484831,
                        36.259002520766025
                    ],
                    [
                        -86.70689254596202,
                        36.258951405940032
                    ],
                    [
                        -86.706904516488962,
                        36.258899143290023
                    ],
                    [
                        -86.706921242567716,
                        36.258777949395274
                    ],
                    [
                        -86.706963410730125,
                        36.258625474203512
                    ],
                    [
                        -86.706964020351421,
                        36.258503686933523
                    ],
                    [
                        -86.706984908182974,
                        36.258373769894305
                    ],
                    [
                        -86.707008764032096,
                        36.25822804034118
                    ],
                    [
                        -86.707029819998112,
                        36.258085302153532
                    ],
                    [
                        -86.707091882937078,
                        36.25772325316418
                    ],
                    [
                        -86.707133993005129,
                        36.257405958413962
                    ],
                    [
                        -86.707272310828913,
                        36.256689100512745
                    ],
                    [
                        -86.707334039687126,
                        36.256194968217677
                    ],
                    [
                        -86.70734277484766,
                        36.256001941557663
                    ],
                    [
                        -86.70728114826251,
                        36.255652289999169
                    ]
                ]
            },
            "properties": {
                "OBJECTID": 612,
                "OnStreet": "Idlewild Ave",
                "BeginStreet": "Hickory St",
                "EndStreet": "Neelys Bend Rd",
                "Neighborhood": "Forest Park",
                "Status": "Completed with vertical measures",
                "CompleteDate": null,
                "ConceptDocument": null
            }
        },
        {
            "type": "Feature",
            "id": 613,
            "geometry": {
                "type": "LineString",
                "coordinates": [
                    [
                        -86.712869876981046,
                        36.260376315540661
                    ],
                    [
                        -86.712467916989212,
                        36.260279565013157
                    ],
                    [
                        -86.712281046920268,
                        36.260244269145439
                    ],
                    [
                        -86.71206870123001,
                        36.26020500263899
                    ],
                    [
                        -86.711846210586671,
                        36.26016900033224
                    ],
                    [
                        -86.711488817374672,
                        36.260124635369884
                    ],
                    [
                        -86.711389495554826,
                        36.260112400874839
                    ],
                    [
                        -86.711142463020281,
                        36.260081806794979
                    ],
                    [
                        -86.711049949314045,
                        36.260072278935944
                    ],
                    [
                        -86.710892083049998,
                        36.260056268033651
                    ],
                    [
                        -86.710667115276152,
                        36.260027603412802
                    ],
                    [
                        -86.710539523005778,
                        36.259983257459865
                    ],
                    [
                        -86.710379366701375,
                        36.259932464273426
                    ],
                    [
                        -86.71016667112545,
                        36.259853822205997
                    ],
                    [
                        -86.710030037008863,
                        36.259809757768579
                    ],
                    [
                        -86.709974760368254,
                        36.259791998261726
                    ],
                    [
                        -86.709895475826698,
                        36.259776211089708
                    ],
                    [
                        -86.709583240091206,
                        36.259724021015792
                    ],
                    [
                        -86.709385540232091,
                        36.25971007336814
                    ],
                    [
                        -86.709101294490807,
                        36.259690223665451
                    ],
                    [
                        -86.709011353903406,
                        36.259683883959497
                    ],
                    [
                        -86.70881591740239,
                        36.259670151016032
                    ],
                    [
                        -86.708671954901902,
                        36.25966000745251
                    ],
                    [
                        -86.708540956053284,
                        36.25964543832194
                    ],
                    [
                        -86.708480969124537,
                        36.25963823584177
                    ],
                    [
                        -86.708332508121529,
                        36.259630636313602
                    ],
                    [
                        -86.708252763108788,
                        36.259626525429702
                    ],
                    [
                        -86.708057309408915,
                        36.259610960041556
                    ],
                    [
                        -86.707993117731291,
                        36.259607673511688
                    ],
                    [
                        -86.707925814990148,
                        36.259604176258442
                    ],
                    [
                        -86.707844626168367,
                        36.259596639838968
                    ],
                    [
                        -86.707653679601449,
                        36.259579216077505
                    ],
                    [
                        -86.707593425400503,
                        36.259573846042329
                    ],
                    [
                        -86.707472069290105,
                        36.259562881930002
                    ],
                    [
                        -86.707314242645353,
                        36.259550986599223
                    ],
                    [
                        -86.707163770772269,
                        36.259539734767209
                    ],
                    [
                        -86.707102960639048,
                        36.259535283401014
                    ],
                    [
                        -86.706930615694304,
                        36.259500973065052
                    ]
                ]
            },
            "properties": {
                "OBJECTID": 613,
                "OnStreet": "Hickory St",
                "BeginStreet": "Gallatin Pk",
                "EndStreet": "Idlewild Ave",
                "Neighborhood": "Forest Park",
                "Status": "Completed with vertical measures",
                "CompleteDate": null,
                "ConceptDocument": null
            }
        },
        {
            "type": "Feature",
            "id": 614,
            "geometry": {
                "type": "LineString",
                "coordinates": [
                    [
                        -86.685575607912781,
                        36.164126499821158
                    ],
                    [
                        -86.68523519394013,
                        36.164230989527233
                    ],
                    [
                        -86.685102518352465,
                        36.164265165158248
                    ],
                    [
                        -86.684928432649656,
                        36.164309648165542
                    ],
                    [
                        -86.684637612868798,
                        36.164370817613211
                    ],
                    [
                        -86.684389782079322,
                        36.164408392677849
                    ],
                    [
                        -86.684066287832451,
                        36.164445480421172
                    ],
                    [
                        -86.68379429311571,
                        36.164496468616889
                    ],
                    [
                        -86.68359163237669,
                        36.164566751599757
                    ],
                    [
                        -86.683354410339732,
                        36.164688965108326
                    ],
                    [
                        -86.683168399546986,
                        36.164824165679264
                    ],
                    [
                        -86.682973450418132,
                        36.165003370209192
                    ],
                    [
                        -86.682845768114234,
                        36.165191578701915
                    ],
                    [
                        -86.682782397685131,
                        36.165307542153698
                    ],
                    [
                        -86.682711144143198,
                        36.165524505069733
                    ],
                    [
                        -86.682661213273946,
                        36.165824444617385
                    ],
                    [
                        -86.682645847250043,
                        36.165876038670461
                    ],
                    [
                        -86.682552154039172,
                        36.166110068495747
                    ],
                    [
                        -86.682320387913421,
                        36.166933205656889
                    ],
                    [
                        -86.682246171203332,
                        36.167265560893121
                    ],
                    [
                        -86.682207171592552,
                        36.16745807458139
                    ],
                    [
                        -86.682203555202108,
                        36.167661376443824
                    ],
                    [
                        -86.682227313451236,
                        36.167929080048935
                    ],
                    [
                        -86.682244367122962,
                        36.168028324334088
                    ],
                    [
                        -86.682394638378284,
                        36.168902879319589
                    ],
                    [
                        -86.682399654623651,
                        36.168993732373096
                    ]
                ]
            },
            "properties": {
                "OBJECTID": 614,
                "OnStreet": "Fairway Dr",
                "BeginStreet": "Lebanon Pk",
                "EndStreet": "Blue Hills Dr",
                "Neighborhood": "Merry Oaks",
                "Status": "Completed with vertical measures",
                "CompleteDate": 1716305793000,
                "ConceptDocument": null
            }
        },
        {
            "type": "Feature",
            "id": 616,
            "geometry": {
                "type": "LineString",
                "coordinates": [
                    [
                        -86.747860779457099,
                        36.102105969123578
                    ],
                    [
                        -86.747867797502096,
                        36.10216224127889
                    ],
                    [
                        -86.747798780652971,
                        36.103280972048914
                    ],
                    [
                        -86.74777083972036,
                        36.103788903720606
                    ],
                    [
                        -86.747759338637934,
                        36.104005538475164
                    ],
                    [
                        -86.747705825799713,
                        36.104434190580903
                    ],
                    [
                        -86.747724076385666,
                        36.104574866535607
                    ],
                    [
                        -86.747704320083372,
                        36.10490349782566
                    ],
                    [
                        -86.747680762852411,
                        36.105217959278079
                    ],
                    [
                        -86.747651778481512,
                        36.105465378324723
                    ],
                    [
                        -86.747593578899583,
                        36.10662501948125
                    ],
                    [
                        -86.74751970461773,
                        36.10770806657748
                    ],
                    [
                        -86.747482710299749,
                        36.108783102202565
                    ],
                    [
                        -86.747426664497027,
                        36.110142122660996
                    ]
                ]
            },
            "properties": {
                "OBJECTID": 616,
                "OnStreet": "Louise Dr",
                "BeginStreet": "Drake Ave",
                "EndStreet": "Harlin Dr",
                "Neighborhood": "Radnor",
                "Status": "Completed with vertical measures",
                "CompleteDate": null,
                "ConceptDocument": null
            }
        },
        {
            "type": "Feature",
            "id": 618,
            "geometry": {
                "type": "LineString",
                "coordinates": [
                    [
                        -86.739054392451663,
                        36.098804662955565
                    ],
                    [
                        -86.739548768717924,
                        36.098640926346121
                    ],
                    [
                        -86.739650472706259,
                        36.0986272538211
                    ],
                    [
                        -86.741297641494313,
                        36.098758157680138
                    ],
                    [
                        -86.742106418920187,
                        36.098823692305743
                    ],
                    [
                        -86.742660611559288,
                        36.09887339220645
                    ],
                    [
                        -86.742727533949648,
                        36.098880763514906
                    ],
                    [
                        -86.743350727163815,
                        36.09894880624762
                    ],
                    [
                        -86.743667833591417,
                        36.098983708132579
                    ],
                    [
                        -86.743900795510143,
                        36.099009742335028
                    ],
                    [
                        -86.745163599568031,
                        36.099151205247317
                    ],
                    [
                        -86.746580867803942,
                        36.099309784796553
                    ]
                ]
            },
            "properties": {
                "OBJECTID": 618,
                "OnStreet": "Raymond St",
                "BeginStreet": "Nolensville Pk",
                "EndStreet": "Mays St",
                "Neighborhood": "Radnor",
                "Status": "Completed with vertical measures",
                "CompleteDate": null,
                "ConceptDocument": null
            }
        },
        {
            "type": "Feature",
            "id": 619,
            "geometry": {
                "type": "LineString",
                "coordinates": [
                    [
                        -86.738485181231383,
                        36.097746162578048
                    ],
                    [
                        -86.739072072465973,
                        36.097582319100113
                    ],
                    [
                        -86.739275911200153,
                        36.097571225823827
                    ],
                    [
                        -86.739278454013274,
                        36.09757166808614
                    ],
                    [
                        -86.740107977806232,
                        36.097655173985515
                    ],
                    [
                        -86.741288294243091,
                        36.097756663747838
                    ],
                    [
                        -86.74213774899566,
                        36.097829502603567
                    ],
                    [
                        -86.742276940417995,
                        36.09784306821701
                    ],
                    [
                        -86.742485016105675,
                        36.097862619477041
                    ],
                    [
                        -86.742869859892281,
                        36.097902142717011
                    ],
                    [
                        -86.743494701505739,
                        36.097966283685707
                    ],
                    [
                        -86.743891413261878,
                        36.098008019754779
                    ],
                    [
                        -86.744768728879549,
                        36.09810333187648
                    ],
                    [
                        -86.746695889175157,
                        36.098312327506314
                    ]
                ]
            },
            "properties": {
                "OBJECTID": 619,
                "OnStreet": "Veritas St",
                "BeginStreet": "Nolensville Pk",
                "EndStreet": "Mays St",
                "Neighborhood": "Radnor",
                "Status": "Completed with vertical measures",
                "CompleteDate": null,
                "ConceptDocument": null
            }
        },
        {
            "type": "Feature",
            "id": 620,
            "geometry": {
                "type": "LineString",
                "coordinates": [
                    [
                        -86.808731565735229,
                        36.119674932474716
                    ],
                    [
                        -86.808629676768916,
                        36.119561151840657
                    ],
                    [
                        -86.808441324878203,
                        36.119407660635453
                    ],
                    [
                        -86.808233507590288,
                        36.1192265995615
                    ],
                    [
                        -86.808076605672085,
                        36.119113415987698
                    ],
                    [
                        -86.807885788569877,
                        36.11899473712802
                    ],
                    [
                        -86.807713108604858,
                        36.118911419994809
                    ],
                    [
                        -86.807555300251181,
                        36.118847690658065
                    ],
                    [
                        -86.807204381426359,
                        36.118717033732054
                    ],
                    [
                        -86.807078384669239,
                        36.118673922217852
                    ],
                    [
                        -86.806514350667797,
                        36.11847875847387
                    ],
                    [
                        -86.806189411480148,
                        36.118377685229142
                    ],
                    [
                        -86.805606455622453,
                        36.118180353562657
                    ],
                    [
                        -86.805292602028203,
                        36.118086987342991
                    ],
                    [
                        -86.805030128640766,
                        36.117996482362159
                    ],
                    [
                        -86.804815951193831,
                        36.117938390944701
                    ],
                    [
                        -86.804546686802055,
                        36.117845869896236
                    ],
                    [
                        -86.804277509927786,
                        36.117761817013488
                    ],
                    [
                        -86.804139081639164,
                        36.117716725901118
                    ],
                    [
                        -86.80336995994513,
                        36.117467972439009
                    ],
                    [
                        -86.803055711588286,
                        36.117362926937616
                    ],
                    [
                        -86.802886413363936,
                        36.117306364705556
                    ],
                    [
                        -86.802662538179845,
                        36.117237574522704
                    ],
                    [
                        -86.802413474099339,
                        36.117161168024658
                    ],
                    [
                        -86.802062805831625,
                        36.1170536160162
                    ],
                    [
                        -86.801712186092743,
                        36.116922940275728
                    ],
                    [
                        -86.801190815646123,
                        36.116759059884615
                    ],
                    [
                        -86.800969311330434,
                        36.116701239253118
                    ],
                    [
                        -86.800689856550861,
                        36.11661954671353
                    ],
                    [
                        -86.798621702567374,
                        36.115929528760418
                    ],
                    [
                        -86.798344254474301,
                        36.115835445618032
                    ],
                    [
                        -86.797721426200283,
                        36.115625292013043
                    ],
                    [
                        -86.797441588239238,
                        36.115545872948267
                    ],
                    [
                        -86.797317696210385,
                        36.11551464239291
                    ],
                    [
                        -86.797178246114484,
                        36.115479393876676
                    ],
                    [
                        -86.796547190289289,
                        36.115348496884181
                    ],
                    [
                        -86.796273348150152,
                        36.11530406204767
                    ],
                    [
                        -86.796016817889935,
                        36.115269585069036
                    ],
                    [
                        -86.795594694433206,
                        36.11523757348661
                    ],
                    [
                        -86.795363727685228,
                        36.115220095922098
                    ],
                    [
                        -86.794929081105451,
                        36.115205334015428
                    ],
                    [
                        -86.794588741529978,
                        36.115197732777354
                    ],
                    [
                        -86.793773687979439,
                        36.115203099421038
                    ],
                    [
                        -86.793574270689547,
                        36.115208761213331
                    ],
                    [
                        -86.793322670985447,
                        36.115215910533742
                    ],
                    [
                        -86.793097502723327,
                        36.115213957435742
                    ],
                    [
                        -86.792959805131275,
                        36.115212802446237
                    ],
                    [
                        -86.792731058415711,
                        36.115219800288074
                    ],
                    [
                        -86.792552780842101,
                        36.11525164789326
                    ],
                    [
                        -86.792346778581731,
                        36.115276122821456
                    ],
                    [
                        -86.792237358250247,
                        36.115281191160769
                    ],
                    [
                        -86.792083393415496,
                        36.115261370119519
                    ],
                    [
                        -86.791994463040766,
                        36.115255773102618
                    ]
                ]
            },
            "properties": {
                "OBJECTID": 620,
                "OnStreet": "Stokes Ln/Battlefield Dr",
                "BeginStreet": "Hillsboro Pk",
                "EndStreet": "Granny White Pk",
                "Neighborhood": "Stokes-Battlefield",
                "Status": "Completed with vertical measures",
                "CompleteDate": null,
                "ConceptDocument": null
            }
        },
        {
            "type": "Feature",
            "id": 621,
            "geometry": {
                "type": "LineString",
                "coordinates": [
                    [
                        -86.721287514462659,
                        36.061165654988685
                    ],
                    [
                        -86.721376811558486,
                        36.061312091926077
                    ],
                    [
                        -86.721457659675551,
                        36.06142836096123
                    ],
                    [
                        -86.721548049017173,
                        36.06153976535051
                    ],
                    [
                        -86.721647974488292,
                        36.06164561922288
                    ],
                    [
                        -86.721755746561811,
                        36.061746159796712
                    ],
                    [
                        -86.721869961818584,
                        36.061842083139666
                    ],
                    [
                        -86.722075966460579,
                        36.061985989115769
                    ],
                    [
                        -86.722295944772412,
                        36.062116305194515
                    ],
                    [
                        -86.722871955465109,
                        36.062672351273477
                    ],
                    [
                        -86.723479875134103,
                        36.063573426235806
                    ],
                    [
                        -86.723691687028293,
                        36.063704016800415
                    ],
                    [
                        -86.723775466516969,
                        36.063770131588058
                    ],
                    [
                        -86.723887546699771,
                        36.063847752549016
                    ],
                    [
                        -86.724004357537368,
                        36.06391847627313
                    ],
                    [
                        -86.724126757364203,
                        36.06398367205496
                    ],
                    [
                        -86.72423124589217,
                        36.064032492572153
                    ],
                    [
                        -86.724386330577431,
                        36.064095202431076
                    ],
                    [
                        -86.724624981281551,
                        36.06416954289346
                    ],
                    [
                        -86.72587987206559,
                        36.064497142775238
                    ],
                    [
                        -86.725998327796788,
                        36.06453145523858
                    ],
                    [
                        -86.726187079222214,
                        36.064606322077893
                    ],
                    [
                        -86.72647270782889,
                        36.064760730217913
                    ],
                    [
                        -86.726518652940385,
                        36.064789984912672
                    ],
                    [
                        -86.726709516553498,
                        36.06494152882243
                    ],
                    [
                        -86.726947779284657,
                        36.065096220489743
                    ],
                    [
                        -86.727195790690516,
                        36.065237575997138
                    ],
                    [
                        -86.727459490311418,
                        36.065367846909425
                    ],
                    [
                        -86.727608984235445,
                        36.065435164917801
                    ],
                    [
                        -86.72794429996587,
                        36.065565002454399
                    ],
                    [
                        -86.728226841928745,
                        36.065658759376824
                    ],
                    [
                        -86.728385457675387,
                        36.065706104649372
                    ],
                    [
                        -86.72864486085146,
                        36.06579793916773
                    ],
                    [
                        -86.728896200510263,
                        36.065901955031002
                    ],
                    [
                        -86.729362266766245,
                        36.066145233495412
                    ],
                    [
                        -86.729590910205786,
                        36.066264723363538
                    ],
                    [
                        -86.729731787979674,
                        36.066345368673467
                    ],
                    [
                        -86.729906972471255,
                        36.066446409533654
                    ],
                    [
                        -86.730034897962071,
                        36.066528965237602
                    ],
                    [
                        -86.730130403483031,
                        36.066612174135116
                    ],
                    [
                        -86.730213873629538,
                        36.066705070806684
                    ],
                    [
                        -86.73027662890874,
                        36.066783670506823
                    ],
                    [
                        -86.730370823179484,
                        36.067000123669771
                    ],
                    [
                        -86.730460676002068,
                        36.067204469019011
                    ],
                    [
                        -86.730478111091031,
                        36.067352708158687
                    ],
                    [
                        -86.730475508575964,
                        36.067529685512682
                    ],
                    [
                        -86.730449684637108,
                        36.067665137937183
                    ],
                    [
                        -86.730402387777474,
                        36.067795912994306
                    ],
                    [
                        -86.730277934556781,
                        36.068030173586067
                    ],
                    [
                        -86.730118051483743,
                        36.06839788419741
                    ],
                    [
                        -86.730045267782714,
                        36.068578261701795
                    ],
                    [
                        -86.729978724577677,
                        36.068793399176677
                    ],
                    [
                        -86.729930775368999,
                        36.069467193790274
                    ],
                    [
                        -86.73007503423608,
                        36.070191333810129
                    ],
                    [
                        -86.73045806160863,
                        36.070815358544451
                    ],
                    [
                        -86.731269761904059,
                        36.071506148112306
                    ],
                    [
                        -86.732939956735478,
                        36.072178208004559
                    ]
                ]
            },
            "properties": {
                "OBJECTID": 621,
                "OnStreet": "Whispering Hills Dr",
                "BeginStreet": "Edmondson Pk",
                "EndStreet": "McMurray Dr",
                "Neighborhood": "Whispering Hills",
                "Status": "Completed with vertical measures",
                "CompleteDate": null,
                "ConceptDocument": null
            }
        },
        {
            "type": "Feature",
            "id": 622,
            "geometry": {
                "type": "LineString",
                "coordinates": [
                    [
                        -86.717990539576874,
                        36.066671817719218
                    ],
                    [
                        -86.718334596633738,
                        36.066553244051832
                    ],
                    [
                        -86.718500768006365,
                        36.066532336127871
                    ],
                    [
                        -86.718584870321195,
                        36.066540763847627
                    ],
                    [
                        -86.719178567566971,
                        36.0666514577184
                    ],
                    [
                        -86.719373646193034,
                        36.066677764908654
                    ],
                    [
                        -86.719572482517478,
                        36.066683216995607
                    ],
                    [
                        -86.719768602966369,
                        36.066668997249806
                    ],
                    [
                        -86.719963808075931,
                        36.066646999133361
                    ],
                    [
                        -86.72009025701314,
                        36.066598855924582
                    ],
                    [
                        -86.72069420452722,
                        36.06640935688398
                    ],
                    [
                        -86.720963397234243,
                        36.066337695444972
                    ],
                    [
                        -86.721106961552465,
                        36.066311425785663
                    ],
                    [
                        -86.721250306162446,
                        36.066292025080543
                    ],
                    [
                        -86.721940871874025,
                        36.066326350860493
                    ],
                    [
                        -86.722415702175809,
                        36.066419197579357
                    ],
                    [
                        -86.723349800509936,
                        36.066908308059055
                    ],
                    [
                        -86.723846086050855,
                        36.06709625496363
                    ],
                    [
                        -86.724192101354134,
                        36.067100586618054
                    ],
                    [
                        -86.724398686489195,
                        36.06712063552979
                    ],
                    [
                        -86.724637043807761,
                        36.067099973003764
                    ],
                    [
                        -86.724758718240523,
                        36.067085048016587
                    ],
                    [
                        -86.72499935922346,
                        36.067036441939749
                    ],
                    [
                        -86.725228781157909,
                        36.066963636609181
                    ],
                    [
                        -86.725339187437484,
                        36.066919017405418
                    ],
                    [
                        -86.725445586764025,
                        36.066867784230006
                    ],
                    [
                        -86.725547987342054,
                        36.06681108077786
                    ],
                    [
                        -86.725739124730538,
                        36.066683562393578
                    ],
                    [
                        -86.726458641177587,
                        36.066028615546323
                    ],
                    [
                        -86.726790654709106,
                        36.065674066304211
                    ],
                    [
                        -86.727091116376258,
                        36.065353586749445
                    ],
                    [
                        -86.727195790690516,
                        36.065237575997138
                    ]
                ]
            },
            "properties": {
                "OBJECTID": 622,
                "OnStreet": "Northcrest Dr",
                "BeginStreet": "Nolensville Pk",
                "EndStreet": "Whispering Hills Dr",
                "Neighborhood": "Whispering Hills",
                "Status": "Completed with vertical measures",
                "CompleteDate": null,
                "ConceptDocument": null
            }
        },
        {
            "type": "Feature",
            "id": 623,
            "geometry": {
                "type": "LineString",
                "coordinates": [
                    [
                        -86.724157686828107,
                        36.059983201971832
                    ],
                    [
                        -86.724720706574658,
                        36.060104354514195
                    ],
                    [
                        -86.724844161067352,
                        36.060131083443046
                    ],
                    [
                        -86.725166957102587,
                        36.06018957953588
                    ],
                    [
                        -86.725258742788824,
                        36.060206425763113
                    ],
                    [
                        -86.725806063136091,
                        36.060306148534146
                    ],
                    [
                        -86.726374567247262,
                        36.060409861858957
                    ],
                    [
                        -86.727052335866105,
                        36.06052985409984
                    ],
                    [
                        -86.727226104154909,
                        36.060570470591145
                    ],
                    [
                        -86.727338706302191,
                        36.060612829515868
                    ],
                    [
                        -86.727443523494387,
                        36.060667140449588
                    ],
                    [
                        -86.72760043725502,
                        36.060806754784636
                    ],
                    [
                        -86.72771023752145,
                        36.060974124664192
                    ],
                    [
                        -86.727772191431939,
                        36.061089130935372
                    ],
                    [
                        -86.727875652112303,
                        36.06142617416058
                    ],
                    [
                        -86.727892533814625,
                        36.061514667126204
                    ],
                    [
                        -86.727910034169639,
                        36.061670690839975
                    ],
                    [
                        -86.72791427317047,
                        36.061825649095155
                    ],
                    [
                        -86.727897839812059,
                        36.062001565480166
                    ],
                    [
                        -86.727887397173674,
                        36.062154323111073
                    ],
                    [
                        -86.727808975264665,
                        36.062734899516819
                    ],
                    [
                        -86.727775944851388,
                        36.062915036751498
                    ],
                    [
                        -86.727617425120215,
                        36.063247022690135
                    ],
                    [
                        -86.727509692331111,
                        36.063459889496393
                    ],
                    [
                        -86.727434624610368,
                        36.063575721914958
                    ],
                    [
                        -86.727312806552064,
                        36.063759141005121
                    ],
                    [
                        -86.727290081259483,
                        36.063802317357947
                    ],
                    [
                        -86.727225379806214,
                        36.063910990339167
                    ],
                    [
                        -86.727038168428464,
                        36.064158445425157
                    ],
                    [
                        -86.726605525044477,
                        36.064669731437611
                    ],
                    [
                        -86.726518652940385,
                        36.064789984912672
                    ]
                ]
            },
            "properties": {
                "OBJECTID": 623,
                "OnStreet": "Cherrywood Dr",
                "BeginStreet": "High Crest Dr",
                "EndStreet": "Whispering Hills Dr",
                "Neighborhood": "Whispering Hills",
                "Status": "Completed with vertical measures",
                "CompleteDate": null,
                "ConceptDocument": null
            }
        },
        {
            "type": "Feature",
            "id": 624,
            "geometry": {
                "type": "LineString",
                "coordinates": [
                    [
                        -86.670273373719965,
                        36.07835673998418
                    ],
                    [
                        -86.670070652999115,
                        36.07819464297274
                    ],
                    [
                        -86.669882267508171,
                        36.077993547721441
                    ],
                    [
                        -86.669587703092219,
                        36.077708111460865
                    ],
                    [
                        -86.669354323245315,
                        36.077488264445719
                    ],
                    [
                        -86.669173502125176,
                        36.077414638519393
                    ],
                    [
                        -86.669086699478726,
                        36.07738764923058
                    ],
                    [
                        -86.668974517700335,
                        36.077360800711013
                    ],
                    [
                        -86.668679079322857,
                        36.077339547180195
                    ],
                    [
                        -86.668504372067432,
                        36.077355625163641
                    ],
                    [
                        -86.668399293422439,
                        36.077368569769909
                    ],
                    [
                        -86.668359002542573,
                        36.077406336936747
                    ],
                    [
                        -86.667756580960571,
                        36.077600599094545
                    ],
                    [
                        -86.667620071557025,
                        36.077632031148241
                    ],
                    [
                        -86.667541565059878,
                        36.077652612219879
                    ],
                    [
                        -86.667065108546566,
                        36.077769254371958
                    ],
                    [
                        -86.666948774400865,
                        36.077785236017689
                    ],
                    [
                        -86.666841908827962,
                        36.077786971796037
                    ],
                    [
                        -86.666638901069661,
                        36.077791299475152
                    ],
                    [
                        -86.666516875588115,
                        36.077767708061216
                    ],
                    [
                        -86.666279145641852,
                        36.077666921360795
                    ],
                    [
                        -86.665895584835312,
                        36.077393871179197
                    ],
                    [
                        -86.66540119123519,
                        36.077086177021556
                    ],
                    [
                        -86.665110890355052,
                        36.076937145955277
                    ],
                    [
                        -86.664318111051799,
                        36.076558065933582
                    ],
                    [
                        -86.664253674820344,
                        36.07650759951779
                    ],
                    [
                        -86.664182506075846,
                        36.076427638763896
                    ],
                    [
                        -86.664123480159702,
                        36.076349671404913
                    ],
                    [
                        -86.664086090122865,
                        36.076296078969108
                    ],
                    [
                        -86.664054324579809,
                        36.076240625037038
                    ],
                    [
                        -86.664026775492104,
                        36.076183545392844
                    ],
                    [
                        -86.663906322825056,
                        36.075942692323935
                    ],
                    [
                        -86.66387430616841,
                        36.075890902533196
                    ],
                    [
                        -86.663802841609822,
                        36.075741806752326
                    ],
                    [
                        -86.663759941363722,
                        36.07566993140545
                    ],
                    [
                        -86.663711982679118,
                        36.075600144221951
                    ],
                    [
                        -86.663659245638016,
                        36.075532214728504
                    ],
                    [
                        -86.663584663961373,
                        36.075448609589799
                    ],
                    [
                        -86.663478137947209,
                        36.075355564439469
                    ],
                    [
                        -86.663357336146419,
                        36.075275189557459
                    ],
                    [
                        -86.663291905500856,
                        36.075240523959174
                    ],
                    [
                        -86.66322396461527,
                        36.075209306019325
                    ],
                    [
                        -86.663170775925749,
                        36.075188537467689
                    ],
                    [
                        -86.66303168283946,
                        36.075146493453552
                    ],
                    [
                        -86.662890650398396,
                        36.075108580604066
                    ],
                    [
                        -86.662747678583344,
                        36.075074798912432
                    ],
                    [
                        -86.662545870072094,
                        36.075019363565779
                    ]
                ]
            },
            "properties": {
                "OBJECTID": 624,
                "OnStreet": "Billingsgate Rd",
                "BeginStreet": "Franklin Limestone Rd",
                "EndStreet": "UNA Antioch Pk",
                "Neighborhood": "Billingsgate",
                "Status": "Completed with vertical measures",
                "CompleteDate": null,
                "ConceptDocument": null
            }
        },
        {
            "type": "Feature",
            "id": 625,
            "geometry": {
                "type": "LineString",
                "coordinates": [
                    [
                        -86.710558467012817,
                        36.234950002804219
                    ],
                    [
                        -86.710614275414628,
                        36.234303899588404
                    ],
                    [
                        -86.71069581883792,
                        36.233534257773179
                    ],
                    [
                        -86.710713917361957,
                        36.233283715422623
                    ],
                    [
                        -86.710713093552314,
                        36.233034200948893
                    ],
                    [
                        -86.710691635899678,
                        36.232783891284832
                    ],
                    [
                        -86.71065127679833,
                        36.232536898534676
                    ],
                    [
                        -86.710585282037783,
                        36.232266935053133
                    ],
                    [
                        -86.710547701887521,
                        36.232140793998681
                    ],
                    [
                        -86.710521467613461,
                        36.232082574506421
                    ],
                    [
                        -86.710465882514157,
                        36.231933646733715
                    ],
                    [
                        -86.7103725938412,
                        36.231707796567314
                    ],
                    [
                        -86.710270624925343,
                        36.231490695297801
                    ],
                    [
                        -86.710142440976952,
                        36.231280616457617
                    ],
                    [
                        -86.710084646425713,
                        36.231168786915525
                    ],
                    [
                        -86.709946072800392,
                        36.230959983809591
                    ],
                    [
                        -86.709905922783662,
                        36.230899485586093
                    ],
                    [
                        -86.709726925796403,
                        36.23059951071194
                    ],
                    [
                        -86.709596122025516,
                        36.230380518885838
                    ],
                    [
                        -86.709403643607118,
                        36.230089321541847
                    ],
                    [
                        -86.709285063294914,
                        36.229909860210881
                    ],
                    [
                        -86.709132405650536,
                        36.229711139969496
                    ],
                    [
                        -86.708936870639434,
                        36.229457045248225
                    ],
                    [
                        -86.70881064544507,
                        36.229307158595304
                    ],
                    [
                        -86.708663958260118,
                        36.229080703744579
                    ],
                    [
                        -86.708549354947692,
                        36.228903278579189
                    ],
                    [
                        -86.708444093166392,
                        36.228696267309267
                    ],
                    [
                        -86.708352054269213,
                        36.228514360176661
                    ],
                    [
                        -86.708044729152149,
                        36.227827348679007
                    ],
                    [
                        -86.707745771000006,
                        36.227159288295702
                    ],
                    [
                        -86.707408187259787,
                        36.226404692775567
                    ],
                    [
                        -86.707294017948854,
                        36.226116924783618
                    ],
                    [
                        -86.707207025888337,
                        36.225898360368127
                    ],
                    [
                        -86.707075447267883,
                        36.225463958109913
                    ],
                    [
                        -86.706985939811688,
                        36.225121563082631
                    ],
                    [
                        -86.706915746395026,
                        36.224853911779803
                    ],
                    [
                        -86.706805764527374,
                        36.224433117756348
                    ],
                    [
                        -86.706367331519658,
                        36.222757943592406
                    ],
                    [
                        -86.706053774165227,
                        36.22155704194342
                    ],
                    [
                        -86.706011287589774,
                        36.221417879546095
                    ],
                    [
                        -86.705622402762302,
                        36.220132030426619
                    ],
                    [
                        -86.705588343244969,
                        36.220019144121714
                    ],
                    [
                        -86.705440295724415,
                        36.219636799969109
                    ],
                    [
                        -86.70500396495602,
                        36.21850963736253
                    ],
                    [
                        -86.704945319938133,
                        36.218375467107506
                    ],
                    [
                        -86.704933602322029,
                        36.218348660203908
                    ],
                    [
                        -86.704888916800073,
                        36.218247739394798
                    ],
                    [
                        -86.704650611814884,
                        36.217658292493951
                    ]
                ]
            },
            "properties": {
                "OBJECTID": 625,
                "OnStreet": "Pennington Bend Rd",
                "BeginStreet": "Music Valley Dr",
                "EndStreet": "McGavock Pk",
                "Neighborhood": "Pennington Bend",
                "Status": "Completed with vertical measures",
                "CompleteDate": null,
                "ConceptDocument": null
            }
        },
        {
            "type": "Feature",
            "id": 626,
            "geometry": {
                "type": "LineString",
                "coordinates": [
                    [
                        -86.762478890101221,
                        36.148852004377531
                    ],
                    [
                        -86.762470659519167,
                        36.148906082222922
                    ],
                    [
                        -86.762437288340081,
                        36.149163831494469
                    ],
                    [
                        -86.762414172520124,
                        36.149343225173816
                    ],
                    [
                        -86.762348748110284,
                        36.149849101403305
                    ],
                    [
                        -86.762191581338769,
                        36.150971818463027
                    ],
                    [
                        -86.762037078681459,
                        36.15204896338971
                    ],
                    [
                        -86.761862689693857,
                        36.153142714875727
                    ],
                    [
                        -86.761774252895734,
                        36.153692689594706
                    ],
                    [
                        -86.761756874396923,
                        36.154117222031431
                    ]
                ]
            },
            "properties": {
                "OBJECTID": 626,
                "OnStreet": "Charles E Davis Blvd",
                "BeginStreet": "Lafayette St",
                "EndStreet": "Carroll St",
                "Neighborhood": "Charles E Davis",
                "Status": "Completed with vertical measures",
                "CompleteDate": null,
                "ConceptDocument": null
            }
        },
        {
            "type": "Feature",
            "id": 653,
            "geometry": {
                "type": "LineString",
                "coordinates": [
                    [
                        -86.811005326924857,
                        36.191559135976263
                    ],
                    [
                        -86.811441950555647,
                        36.191526361369242
                    ],
                    [
                        -86.811818490901402,
                        36.191355047459645
                    ],
                    [
                        -86.812173574372721,
                        36.190631305537707
                    ],
                    [
                        -86.812223958538482,
                        36.189962972970498
                    ],
                    [
                        -86.812258130276931,
                        36.188276722707812
                    ],
                    [
                        -86.8123154325352,
                        36.186187196660441
                    ],
                    [
                        -86.812364287288233,
                        36.185603657436751
                    ],
                    [
                        -86.812381779807666,
                        36.184593685651691
                    ],
                    [
                        -86.812375749826515,
                        36.184583394105601
                    ]
                ]
            },
            "properties": {
                "OBJECTID": 653,
                "OnStreet": "18th Ave N",
                "BeginStreet": "Cass St.",
                "EndStreet": "14th Ave N",
                "Neighborhood": "McKinney Ave",
                "Status": "Completed with vertical measures",
                "CompleteDate": 1735711200000,
                "ConceptDocument": null
            }
        },
        {
            "type": "Feature",
            "id": 1050,
            "geometry": {
                "type": "LineString",
                "coordinates": [
                    [
                        -86.816938113650906,
                        36.236183561433478
                    ],
                    [
                        -86.81582365590539,
                        36.236324184650584
                    ],
                    [
                        -86.813818436760087,
                        36.236569300556127
                    ],
                    [
                        -86.812094312840017,
                        36.236782614510958
                    ],
                    [
                        -86.810391646360941,
                        36.237001119597352
                    ],
                    [
                        -86.809059660857699,
                        36.237168999827254
                    ],
                    [
                        -86.808614413992146,
                        36.237220921686074
                    ],
                    [
                        -86.808136980688943,
                        36.237212267691341
                    ],
                    [
                        -86.807493251489973,
                        36.237138712106749
                    ],
                    [
                        -86.805422585105063,
                        36.23693535131455
                    ],
                    [
                        -86.804891508370503,
                        36.236883429609257
                    ],
                    [
                        -86.803190987573316,
                        36.236693048302662
                    ]
                ]
            },
            "properties": {
                "OBJECTID": 1050,
                "OnStreet": "Green Lane",
                "BeginStreet": "Whites Creek pike",
                "EndStreet": "Knight Drive",
                "Neighborhood": "Green Lane",
                "Status": "Completed with vertical measures",
                "CompleteDate": 1745470800000,
                "ConceptDocument": null
            }
        },
        {
            "type": "Feature",
            "id": 1850,
            "geometry": {
                "type": "LineString",
                "coordinates": [
                    [
                        -86.750085039250962,
                        36.176214993903827
                    ],
                    [
                        -86.750146730466454,
                        36.175699700152428
                    ],
                    [
                        -86.750221831938973,
                        36.175290493719842
                    ],
                    [
                        -86.750224513949476,
                        36.175247191114622
                    ],
                    [
                        -86.750247581438927,
                        36.17502288430358
                    ],
                    [
                        -86.75027976746199,
                        36.174695949660077
                    ],
                    [
                        -86.750359161108179,
                        36.174246033246149
                    ],
                    [
                        -86.750375254914402,
                        36.174142106585848
                    ],
                    [
                        -86.750429971324323,
                        36.173644985584396
                    ],
                    [
                        -86.750462158240794,
                        36.173497754900147
                    ],
                    [
                        -86.750472886581008,
                        36.173421973822485
                    ],
                    [
                        -86.750540478490947,
                        36.172867254770615
                    ],
                    [
                        -86.750690682482002,
                        36.171752176484269
                    ],
                    [
                        -86.750772758328125,
                        36.171232089111804
                    ]
                ]
            },
            "properties": {
                "OBJECTID": 1850,
                "OnStreet": "S 11th St",
                "BeginStreet": "Holly St",
                "EndStreet": "Shelby Ave",
                "Neighborhood": "East End",
                "Status": "Completed with vertical measures",
                "CompleteDate": 1757167357000,
                "ConceptDocument": null
            }
        },
        {
            "type": "Feature",
            "id": 3054,
            "geometry": {
                "type": "LineString",
                "coordinates": [
                    [
                        -86.790596884373272,
                        36.12084761011446
                    ],
                    [
                        -86.791190994246222,
                        36.120949441234288
                    ],
                    [
                        -86.791561943812283,
                        36.121014439558806
                    ],
                    [
                        -86.791890514354321,
                        36.121070771561712
                    ],
                    [
                        -86.792178851552293,
                        36.121123637404679
                    ],
                    [
                        -86.792374652118937,
                        36.121156136763837
                    ],
                    [
                        -86.792557042418423,
                        36.121184302235918
                    ],
                    [
                        -86.792820971713795,
                        36.121226984722441
                    ],
                    [
                        -86.792996656799986,
                        36.121256233679773
                    ],
                    [
                        -86.79324449281215,
                        36.121296532603765
                    ],
                    [
                        -86.793442975922787,
                        36.121329032420491
                    ],
                    [
                        -86.793570381897823,
                        36.121348531701351
                    ],
                    [
                        -86.793758135845039,
                        36.121378863706013
                    ],
                    [
                        -86.79384396623179,
                        36.12139403073094
                    ],
                    [
                        -86.794019651522035,
                        36.121421113324857
                    ],
                    [
                        -86.794214111930586,
                        36.121452528878997
                    ],
                    [
                        -86.794855695868264,
                        36.121563025090175
                    ]
                ]
            },
            "properties": {
                "OBJECTID": 3054,
                "OnStreet": "Kirkwood Ave",
                "BeginStreet": "12th Ave S",
                "EndStreet": "Belmont Blvd",
                "Neighborhood": "12th Ave S",
                "Status": "Completed with vertical measures",
                "CompleteDate": 1756909023000,
                "ConceptDocument": null
            }
        },
        {
            "type": "Feature",
            "id": 3056,
            "geometry": {
                "type": "LineString",
                "coordinates": [
                    [
                        -86.805062373139108,
                        36.138037960353664
                    ],
                    [
                        -86.805132109756372,
                        36.137524581537356
                    ],
                    [
                        -86.805173416488614,
                        36.137292368378418
                    ],
                    [
                        -86.805202920218676,
                        36.137056255722513
                    ],
                    [
                        -86.805271047844855,
                        36.136586194724892
                    ],
                    [
                        -86.805332202901653,
                        36.136054610263791
                    ],
                    [
                        -86.805396575829619,
                        36.135671191457696
                    ],
                    [
                        -86.805418570280793,
                        36.135547283822255
                    ],
                    [
                        -86.80545880270391,
                        36.1352375136048
                    ],
                    [
                        -86.805512447480368,
                        36.134819431004701
                    ],
                    [
                        -86.805559653952471,
                        36.134423441998543
                    ],
                    [
                        -86.805641193600678,
                        36.13370511122271
                    ],
                    [
                        -86.805684645297944,
                        36.133383203383545
                    ],
                    [
                        -86.805716831395074,
                        36.133136247171109
                    ],
                    [
                        -86.805794615649603,
                        36.132640166739193
                    ],
                    [
                        -86.805898684979397,
                        36.131974677449868
                    ],
                    [
                        -86.805965204067007,
                        36.131492886970918
                    ],
                    [
                        -86.806008119046453,
                        36.131284919410014
                    ],
                    [
                        -86.806051034994653,
                        36.130873314981024
                    ]
                ]
            },
            "properties": {
                "OBJECTID": 3056,
                "OnStreet": "24th Ave S",
                "BeginStreet": "Blakemore Ave",
                "EndStreet": "Blair Blvd",
                "Neighborhood": "12 South",
                "Status": "Completed with vertical measures",
                "CompleteDate": 1753885310000,
                "ConceptDocument": null
            }
        },
        {
            "type": "Feature",
            "id": 3067,
            "geometry": {
                "type": "LineString",
                "coordinates": [
                    [
                        -86.814600829048786,
                        36.18022991641179
                    ],
                    [
                        -86.814616922710343,
                        36.1804204341244
                    ],
                    [
                        -86.814600828774417,
                        36.180732190400249
                    ],
                    [
                        -86.814557914433252,
                        36.181078584898863
                    ],
                    [
                        -86.814514998308496,
                        36.181212811894781
                    ],
                    [
                        -86.814482811870079,
                        36.18171508029463
                    ],
                    [
                        -86.814402345849516,
                        36.182204355396905
                    ],
                    [
                        -86.814306858941734,
                        36.183226195085574
                    ],
                    [
                        -86.814215664078134,
                        36.183983906238531
                    ]
                ]
            },
            "properties": {
                "OBJECTID": 3067,
                "OnStreet": "23rd Ave N",
                "BeginStreet": "Buchanan St",
                "EndStreet": "Clarksville Pike",
                "Neighborhood": "Fisk Park",
                "Status": "Completed with vertical measures",
                "CompleteDate": 1757342339000,
                "ConceptDocument": null
            }
        },
        {
            "type": "Feature",
            "id": 3449,
            "geometry": {
                "type": "LineString",
                "coordinates": [
                    [
                        -86.849275168513017,
                        36.093017519874138
                    ],
                    [
                        -86.850015458689683,
                        36.090902118783767
                    ],
                    [
                        -86.850747164727963,
                        36.088972198800739
                    ],
                    [
                        -86.850961741846817,
                        36.088321946107129
                    ],
                    [
                        -86.851079758420326,
                        36.088174553973587
                    ],
                    [
                        -86.851974543650769,
                        36.085790241345279
                    ],
                    [
                        -86.851957377628523,
                        36.085800646396891
                    ]
                ]
            },
            "properties": {
                "OBJECTID": 3449,
                "OnStreet": "Lynnwood Blvd",
                "BeginStreet": "Harding Pl",
                "EndStreet": "Tyne Blvd",
                "Neighborhood": "Belle Meade",
                "Status": "Completed with vertical measures",
                "CompleteDate": 1772636719000,
                "ConceptDocument": null
            }
        },
        {
            "type": "Feature",
            "id": 3458,
            "geometry": {
                "type": "LineString",
                "coordinates": [
                    [
                        -86.755193789697572,
                        36.085059582939785
                    ],
                    [
                        -86.739354452744607,
                        36.084344268098562
                    ],
                    [
                        -86.738860926512572,
                        36.084378928618086
                    ],
                    [
                        -86.738206467236949,
                        36.084417920844871
                    ],
                    [
                        -86.737444719558994,
                        36.084426585921541
                    ],
                    [
                        -86.737312754525732,
                        36.084434817785713
                    ],
                    [
                        -86.737041852152473,
                        36.084441316738094
                    ],
                    [
                        -86.736961385673894,
                        36.084441316506975
                    ],
                    [
                        -86.736795088162296,
                        36.084432651269175
                    ],
                    [
                        -86.736626108983103,
                        36.084419654388817
                    ],
                    [
                        -86.736387393119557,
                        36.084363331254558
                    ],
                    [
                        -86.736175498405444,
                        36.08431134039418
                    ],
                    [
                        -86.735946437750385,
                        36.084243753565225
                    ],
                    [
                        -86.735849878149637,
                        36.084217757731629
                    ],
                    [
                        -86.735728106349697,
                        36.084187863497341
                    ],
                    [
                        -86.735577902396244,
                        36.084161867616473
                    ],
                    [
                        -86.735433063007164,
                        36.084146703813524
                    ],
                    [
                        -86.735194346009592,
                        36.084146704116101
                    ],
                    [
                        -86.735011956129981,
                        36.084164467383445
                    ],
                    [
                        -86.734770556827286,
                        36.084227289217907
                    ],
                    [
                        -86.734539887238654,
                        36.084314807090067
                    ],
                    [
                        -86.734403095069538,
                        36.08438845968179
                    ],
                    [
                        -86.734196564592892,
                        36.084540098646769
                    ],
                    [
                        -86.734051725813501,
                        36.084674406705481
                    ],
                    [
                        -86.733925661409032,
                        36.084789218179203
                    ],
                    [
                        -86.733070573372828,
                        36.085270558830359
                    ],
                    [
                        -86.732219777257427,
                        36.085752329591884
                    ],
                    [
                        -86.730993470473152,
                        36.086448118184705
                    ],
                    [
                        -86.730205437197256,
                        36.086903887540473
                    ],
                    [
                        -86.730208119901803,
                        36.086903887516627
                    ]
                ]
            },
            "properties": {
                "OBJECTID": 3458,
                "OnStreet": "Elysian Field Rd",
                "BeginStreet": "Nolensville Road",
                "EndStreet": "Abbay Dr",
                "Neighborhood": "Caldwall",
                "Status": "Completed with vertical measures",
                "CompleteDate": 1722866523000,
                "ConceptDocument": null
            }
        },
        {
            "type": "Feature",
            "id": 3462,
            "geometry": {
                "type": "LineString",
                "coordinates": [
                    [
                        -86.707546598667676,
                        36.059421725896492
                    ],
                    [
                        -86.707600242796929,
                        36.059651566611272
                    ],
                    [
                        -86.707610971499676,
                        36.059725289376061
                    ],
                    [
                        -86.707605607106885,
                        36.059864060645317
                    ],
                    [
                        -86.707600242993863,
                        36.059976812624583
                    ],
                    [
                        -86.707444674616227,
                        36.060315067091125
                    ],
                    [
                        -86.707286961528126,
                        36.060537099318758
                    ],
                    [
                        -86.707233316903881,
                        36.060623830478391
                    ],
                    [
                        -86.706857807528422,
                        36.061009784452999
                    ],
                    [
                        -86.706440455606469,
                        36.061356707035543
                    ],
                    [
                        -86.706037051917647,
                        36.061597167451055
                    ],
                    [
                        -86.705655373144126,
                        36.061823315742139
                    ],
                    [
                        -86.705451257073491,
                        36.061959481956393
                    ],
                    [
                        -86.705309100361504,
                        36.062065726652655
                    ],
                    [
                        -86.70515085022214,
                        36.062193652061609
                    ],
                    [
                        -86.704979187951878,
                        36.062354102045489
                    ],
                    [
                        -86.704812891345412,
                        36.06251021495035
                    ],
                    [
                        -86.70468682739974,
                        36.062616458520267
                    ],
                    [
                        -86.704454011652928,
                        36.062782544076377
                    ],
                    [
                        -86.704059726870241,
                        36.062995029755974
                    ],
                    [
                        -86.703708357882121,
                        36.063140300654759
                    ],
                    [
                        -86.703433162857564,
                        36.06323136512755
                    ],
                    [
                        -86.702995962591672,
                        36.063335439461049
                    ],
                    [
                        -86.702668903388201,
                        36.06339893775862
                    ],
                    [
                        -86.702215610277392,
                        36.063448805930584
                    ],
                    [
                        -86.701676486440633,
                        36.063435797183104
                    ],
                    [
                        -86.701461909545841,
                        36.06341845166029
                    ],
                    [
                        -86.69952642800142,
                        36.063245428021943
                    ],
                    [
                        -86.699244795908442,
                        36.063241092015964
                    ],
                    [
                        -86.6982502322698,
                        36.063058094734316
                    ],
                    [
                        -86.697986302570996,
                        36.062999119086442
                    ],
                    [
                        -86.697696624780917,
                        36.062938409115112
                    ],
                    [
                        -86.697388170262897,
                        36.062884203520369
                    ],
                    [
                        -86.697299657525761,
                        36.062877699084979
                    ],
                    [
                        -86.697153476768094,
                        36.062875530754283
                    ]
                ]
            },
            "properties": {
                "OBJECTID": 3462,
                "OnStreet": "Packard Dr",
                "BeginStreet": "Tusculum Rd",
                "EndStreet": "Keeley Dr",
                "Neighborhood": "Fairlane Park",
                "Status": "Completed with vertical measures",
                "CompleteDate": 1758811622000,
                "ConceptDocument": null
            }
        },
        {
            "type": "Feature",
            "id": 3466,
            "geometry": {
                "type": "LineString",
                "coordinates": [
                    [
                        -86.684453549975771,
                        36.05253033247336
                    ],
                    [
                        -86.684426728792502,
                        36.052608398442416
                    ],
                    [
                        -86.684397224028118,
                        36.052721160305211
                    ],
                    [
                        -86.684356991202264,
                        36.052884882414098
                    ],
                    [
                        -86.684306029379599,
                        36.053016075750321
                    ],
                    [
                        -86.684275988456804,
                        36.053085684244884
                    ],
                    [
                        -86.684234414047594,
                        36.053156160356856
                    ],
                    [
                        -86.684149924769898,
                        36.053285185288132
                    ],
                    [
                        -86.683996502106794,
                        36.05345671226786
                    ],
                    [
                        -86.683908794086108,
                        36.053595495501817
                    ],
                    [
                        -86.683792654034235,
                        36.053710424267997
                    ],
                    [
                        -86.683669272862517,
                        36.053804752701474
                    ],
                    [
                        -86.683532748527398,
                        36.053890407647991
                    ],
                    [
                        -86.683395955726738,
                        36.053955461423243
                    ],
                    [
                        -86.683268550502262,
                        36.053998830916278
                    ],
                    [
                        -86.683216247804637,
                        36.054016178884567
                    ],
                    [
                        -86.683051292213364,
                        36.054050874310732
                    ],
                    [
                        -86.682930592170564,
                        36.054054126983004
                    ],
                    [
                        -86.682109836231163,
                        36.054125685658548
                    ],
                    [
                        -86.681938174726568,
                        36.054143033474617
                    ],
                    [
                        -86.681735399283909,
                        36.054184668291349
                    ],
                    [
                        -86.681622747372288,
                        36.054225868804835
                    ],
                    [
                        -86.680710795839616,
                        36.054605348383866
                    ],
                    [
                        -86.67817771761726,
                        36.054927145980663
                    ],
                    [
                        -86.677754464507075,
                        36.055101054422209
                    ],
                    [
                        -86.677638057190151,
                        36.055166541258913
                    ],
                    [
                        -86.677554907749595,
                        36.055218583986139
                    ],
                    [
                        -86.677450302615739,
                        36.055325921345592
                    ],
                    [
                        -86.677257182729917,
                        36.055715803874328
                    ],
                    [
                        -86.677248600455925,
                        36.055813599371113
                    ],
                    [
                        -86.677248600250692,
                        36.055919852085495
                    ],
                    [
                        -86.677252623336415,
                        36.055975145961746
                    ],
                    [
                        -86.677271398729985,
                        36.056086818956473
                    ],
                    [
                        -86.677310559023283,
                        36.056185915297817
                    ],
                    [
                        -86.677332016339648,
                        36.056234704845579
                    ],
                    [
                        -86.677381637873552,
                        36.056320356458421
                    ],
                    [
                        -86.677446010527589,
                        36.056404923808188
                    ],
                    [
                        -86.677521112239859,
                        36.056484287167073
                    ],
                    [
                        -86.677557590207329,
                        36.05652049949834
                    ],
                    [
                        -86.677648785150353,
                        36.056594224884364
                    ],
                    [
                        -86.677737298282793,
                        36.056647351050394
                    ],
                    [
                        -86.677784236751748,
                        36.056671202827836
                    ],
                    [
                        -86.677900912828051,
                        36.056726496715441
                    ],
                    [
                        -86.678084644708647,
                        36.056786127880407
                    ],
                    [
                        -86.678575488505601,
                        36.056907557278031
                    ],
                    [
                        -86.678623232008732,
                        36.05691839953036
                    ],
                    [
                        -86.67872783797101,
                        36.056957430164935
                    ],
                    [
                        -86.678789529591455,
                        36.056987787777963
                    ],
                    [
                        -86.678864630867963,
                        36.057024650124823
                    ],
                    [
                        -86.67897460203065,
                        36.057099459350255
                    ],
                    [
                        -86.679045679781098,
                        36.057158005776287
                    ],
                    [
                        -86.679110052970145,
                        36.057212215091567
                    ],
                    [
                        -86.679083768039106,
                        36.057208095599293
                    ]
                ]
            },
            "properties": {
                "OBJECTID": 3466,
                "OnStreet": "Shihmen Drive",
                "BeginStreet": "Bart Drive",
                "EndStreet": "Tusculum Rd",
                "Neighborhood": "Antioch",
                "Status": "Completed with vertical measures",
                "CompleteDate": 1759932063000,
                "ConceptDocument": null
            }
        },
        {
            "type": "Feature",
            "id": 3467,
            "geometry": {
                "type": "LineString",
                "coordinates": [
                    [
                        -86.714442847443877,
                        36.079528293450863
                    ],
                    [
                        -86.707047104308174,
                        36.078983460868336
                    ],
                    [
                        -86.706593810002232,
                        36.078948776455398
                    ],
                    [
                        -86.706086873053565,
                        36.07891409177725
                    ],
                    [
                        -86.705715655777624,
                        36.078892414652806
                    ],
                    [
                        -86.705423293959456,
                        36.078909756648635
                    ],
                    [
                        -86.705090701005986,
                        36.078972621839732
                    ],
                    [
                        -86.705047784987741,
                        36.078996467532335
                    ],
                    [
                        -86.704902945621612,
                        36.079041991116355
                    ],
                    [
                        -86.70439958504268,
                        36.079300317301175
                    ],
                    [
                        -86.703829168166749,
                        36.079760966314531
                    ]
                ]
            },
            "properties": {
                "OBJECTID": 3467,
                "OnStreet": "Wallace Rd",
                "BeginStreet": "Hillbrook Dr",
                "EndStreet": "Sherman Oaks Dr",
                "Neighborhood": "Hillbrook",
                "Status": "Completed with vertical measures",
                "CompleteDate": 1718111958000,
                "ConceptDocument": null
            }
        },
        {
            "type": "Feature",
            "id": 3474,
            "geometry": {
                "type": "LineString",
                "coordinates": [
                    [
                        -86.817396142233548,
                        36.09071182670165
                    ],
                    [
                        -86.817396142661948,
                        36.090469070747289
                    ],
                    [
                        -86.81755707567072,
                        36.089892524440515
                    ],
                    [
                        -86.817766287423325,
                        36.089511047263663
                    ],
                    [
                        -86.817870356909509,
                        36.08903506616744
                    ],
                    [
                        -86.817977645507057,
                        36.088540874150524
                    ],
                    [
                        -86.818010904612478,
                        36.088194071946553
                    ],
                    [
                        -86.818123557124011,
                        36.087812586552857
                    ],
                    [
                        -86.818330623937499,
                        36.087249025159835
                    ],
                    [
                        -86.818378903588254,
                        36.087040940193177
                    ],
                    [
                        -86.818477609806479,
                        36.08637940005341
                    ],
                    [
                        -86.81855271082091,
                        36.085828834530389
                    ],
                    [
                        -86.818648198372514,
                        36.085186358353752
                    ],
                    [
                        -86.818685749224983,
                        36.084861216969713
                    ],
                    [
                        -86.818862775059188,
                        36.084167576580477
                    ],
                    [
                        -86.818913200855761,
                        36.083922200157723
                    ],
                    [
                        -86.818966844804208,
                        36.083584047286344
                    ]
                ]
            },
            "properties": {
                "OBJECTID": 3474,
                "OnStreet": "Chalmers Dr",
                "BeginStreet": "Hildreth Dr",
                "EndStreet": "Harding Pl",
                "Neighborhood": "Forest Hills",
                "Status": "Completed with vertical measures",
                "CompleteDate": 1727359869000,
                "ConceptDocument": null
            }
        },
        {
            "type": "Feature",
            "id": 3846,
            "geometry": {
                "type": "LineString",
                "coordinates": [
                    [
                        -86.71709032511454,
                        36.088579685230492
                    ],
                    [
                        -86.717229800395046,
                        36.088408451074834
                    ],
                    [
                        -86.717310266206994,
                        36.088287069858175
                    ],
                    [
                        -86.717398779380915,
                        36.088063815599106
                    ],
                    [
                        -86.717481927172727,
                        36.08774215329295
                    ],
                    [
                        -86.717591898699283,
                        36.087299107828954
                    ],
                    [
                        -86.717673437406546,
                        36.086982645385667
                    ],
                    [
                        -86.717783407577357,
                        36.086566473213985
                    ],
                    [
                        -86.717885867771813,
                        36.086159836118355
                    ],
                    [
                        -86.717907325578267,
                        36.086064462564956
                    ],
                    [
                        -86.717950241183004,
                        36.08580001751875
                    ],
                    [
                        -86.718038753876982,
                        36.085118524098363
                    ],
                    [
                        -86.718082742343427,
                        36.084900028986411
                    ],
                    [
                        -86.718157844790014,
                        36.084605233336262
                    ],
                    [
                        -86.718232946450726,
                        36.084336447759142
                    ],
                    [
                        -86.718275861797167,
                        36.084124019152384
                    ],
                    [
                        -86.718313413184291,
                        36.083759856234529
                    ],
                    [
                        -86.718416409553839,
                        36.082902330861295
                    ],
                    [
                        -86.718402462469356,
                        36.082298849403749
                    ],
                    [
                        -86.718343453903088,
                        36.081899994392693
                    ],
                    [
                        -86.718203978831042,
                        36.081366738817998
                    ],
                    [
                        -86.718090252646633,
                        36.080967878776825
                    ],
                    [
                        -86.717940049797846,
                        36.080404269248454
                    ]
                ]
            },
            "properties": {
                "OBJECTID": 3846,
                "OnStreet": "Jonquil Dr",
                "BeginStreet": "Paragon Mills Road",
                "EndStreet": "Harding Pl",
                "Neighborhood": "Paragon Mills",
                "Status": "Completed with vertical measures",
                "CompleteDate": 1715787241000,
                "ConceptDocument": null
            }
        },
        {
            "type": "Feature",
            "id": 4253,
            "geometry": {
                "type": "LineString",
                "coordinates": [
                    [
                        -86.885394984251676,
                        36.092509051905012
                    ],
                    [
                        -86.885421806014705,
                        36.091178255065593
                    ],
                    [
                        -86.885368161517633,
                        36.091134905543321
                    ],
                    [
                        -86.885421806107658,
                        36.091052543397083
                    ],
                    [
                        -86.885479742158054,
                        36.089543986812373
                    ],
                    [
                        -86.885563426790085,
                        36.088142911951657
                    ],
                    [
                        -86.885625653359568,
                        36.087123301642144
                    ],
                    [
                        -86.88569217291824,
                        36.086700193741613
                    ],
                    [
                        -86.88563316395674,
                        36.086231998534217
                    ],
                    [
                        -86.885595613396589,
                        36.085347621903857
                    ],
                    [
                        -86.885574155113048,
                        36.085156872428399
                    ],
                    [
                        -86.88560097777443,
                        36.085117855696417
                    ],
                    [
                        -86.8855258753957,
                        36.083452247912703
                    ],
                    [
                        -86.885507637311619,
                        36.082376216840771
                    ],
                    [
                        -86.885459356922368,
                        36.080668063499317
                    ],
                    [
                        -86.885421805861128,
                        36.079499214659087
                    ],
                    [
                        -86.885437899843154,
                        36.079325793239484
                    ],
                    [
                        -86.885478669272914,
                        36.079142833309064
                    ],
                    [
                        -86.885457211068783,
                        36.079038780223222
                    ],
                    [
                        -86.885221177212088,
                        36.078848015404212
                    ]
                ]
            },
            "properties": {
                "OBJECTID": 4253,
                "OnStreet": "Vaughns Gap Road",
                "BeginStreet": "Harding Pike",
                "EndStreet": "Highway 100",
                "Neighborhood": "Warner Parks",
                "Status": "Completed with vertical measures",
                "CompleteDate": 1723125778000,
                "ConceptDocument": null
            }
        },
        {
            "type": "Feature",
            "id": 4254,
            "geometry": {
                "type": "LineString",
                "coordinates": [
                    [
                        -86.894532732323896,
                        36.084790979246513
                    ],
                    [
                        -86.89360468824259,
                        36.084353119892093
                    ],
                    [
                        -86.891281895057404,
                        36.083837222511534
                    ],
                    [
                        -86.890106014332986,
                        36.083606584543553
                    ],
                    [
                        -86.88947301322797,
                        36.083459183992268
                    ],
                    [
                        -86.888829283650423,
                        36.083233748352669
                    ],
                    [
                        -86.888389400833447,
                        36.083082011596552
                    ],
                    [
                        -86.887901239499953,
                        36.08286958037565
                    ],
                    [
                        -86.887460284159488,
                        36.082722178873027
                    ],
                    [
                        -86.887165240340934,
                        36.082635471633033
                    ],
                    [
                        -86.886843375305034,
                        36.082605124363077
                    ],
                    [
                        -86.886516146276065,
                        36.082566105547407
                    ],
                    [
                        -86.885529092862157,
                        36.082566105732262
                    ],
                    [
                        -86.885131053327356,
                        36.082588649847118
                    ],
                    [
                        -86.884927206101665,
                        36.08262333196668
                    ],
                    [
                        -86.884658984339069,
                        36.082740386916207
                    ],
                    [
                        -86.884481958479185,
                        36.082879118106746
                    ],
                    [
                        -86.884385398980498,
                        36.082970159766752
                    ],
                    [
                        -86.884224466943976,
                        36.083299644518384
                    ],
                    [
                        -86.884045294978833,
                        36.083746180697723
                    ],
                    [
                        -86.883819989176047,
                        36.084366125197647
                    ],
                    [
                        -86.883632234778517,
                        36.084870748049767
                    ],
                    [
                        -86.883412293845126,
                        36.085442996244375
                    ],
                    [
                        -86.882998160151004,
                        36.086487771605285
                    ],
                    [
                        -86.882601193633334,
                        36.087377338181412
                    ],
                    [
                        -86.882349065710116,
                        36.087828186217145
                    ],
                    [
                        -86.881736449862231,
                        36.088862526081456
                    ],
                    [
                        -86.881321243964166,
                        36.089455553695309
                    ],
                    [
                        -86.881079845271259,
                        36.089772006711584
                    ],
                    [
                        -86.880273037114591,
                        36.090828861967765
                    ],
                    [
                        -86.879375568866891,
                        36.091988873159458
                    ],
                    [
                        -86.878474883162752,
                        36.09312069100298
                    ],
                    [
                        -86.877713135983356,
                        36.094111181541265
                    ],
                    [
                        -86.877074770397869,
                        36.094986790207322
                    ],
                    [
                        -86.877021126151021,
                        36.095239067441227
                    ],
                    [
                        -86.87705331288636,
                        36.09551648474357
                    ],
                    [
                        -86.877123049799337,
                        36.09565519390852
                    ],
                    [
                        -86.877621941376887,
                        36.096348732029092
                    ]
                ]
            },
            "properties": {
                "OBJECTID": 4254,
                "OnStreet": "Percy Warner Ave",
                "BeginStreet": "Harding Pike",
                "EndStreet": "Highway 70",
                "Neighborhood": "Warner Parks",
                "Status": "Completed with vertical measures",
                "CompleteDate": 1723125671000,
                "ConceptDocument": null
            }
        },
        {
            "type": "Feature",
            "id": 4649,
            "geometry": {
                "type": "LineString",
                "coordinates": [
                    [
                        -86.708281556968018,
                        36.079057880201084
                    ],
                    [
                        -86.708327154658889,
                        36.078652504980283
                    ],
                    [
                        -86.708383480920901,
                        36.078487752779559
                    ],
                    [
                        -86.708506863167287,
                        36.078314329993034
                    ],
                    [
                        -86.709593507559305,
                        36.077467387795465
                    ],
                    [
                        -86.709802719970895,
                        36.077194241396079
                    ],
                    [
                        -86.709899279221091,
                        36.076765011117878
                    ],
                    [
                        -86.709791990498047,
                        36.076370462895213
                    ],
                    [
                        -86.709346744277738,
                        36.075919548980927
                    ],
                    [
                        -86.709030243200601,
                        36.075377581953504
                    ],
                    [
                        -86.708756658736519,
                        36.074644836419608
                    ],
                    [
                        -86.708713743229268,
                        36.074085516916433
                    ],
                    [
                        -86.708847853381087,
                        36.071514331112944
                    ]
                ]
            },
            "properties": {
                "OBJECTID": 4649,
                "OnStreet": "Turley Dr",
                "BeginStreet": "Wallace Rd",
                "EndStreet": "Faulkner Pl",
                "Neighborhood": "Haywood Heights",
                "Status": "Completed with vertical measures",
                "CompleteDate": 1670565600000,
                "ConceptDocument": null
            }
        },
        {
            "type": "Feature",
            "id": 4650,
            "geometry": {
                "type": "LineString",
                "coordinates": [
                    [
                        -86.703806510292168,
                        36.079757684525923
                    ],
                    [
                        -86.7032861615629,
                        36.079241757512371
                    ],
                    [
                        -86.703007212708229,
                        36.078925261966013
                    ],
                    [
                        -86.702744355195762,
                        36.07841799999224
                    ],
                    [
                        -86.702626338195486,
                        36.077854372457622
                    ],
                    [
                        -86.702685347566401,
                        36.07720402707907
                    ],
                    [
                        -86.702814093146358,
                        36.076414934230918
                    ],
                    [
                        -86.702840915524263,
                        36.075560797506505
                    ],
                    [
                        -86.702717533336298,
                        36.075040506790423
                    ],
                    [
                        -86.70239566883474,
                        36.074507204308787
                    ],
                    [
                        -86.702052345528173,
                        36.074182018951454
                    ],
                    [
                        -86.701735845279217,
                        36.073934876434365
                    ],
                    [
                        -86.701381793143369,
                        36.0737050768793
                    ],
                    [
                        -86.700754157010024,
                        36.073297506753406
                    ],
                    [
                        -86.700507393117505,
                        36.073037353846317
                    ],
                    [
                        -86.700110426600304,
                        36.072538725846606
                    ],
                    [
                        -86.699745646393055,
                        36.07225255523376
                    ],
                    [
                        -86.699278942100264,
                        36.072070446805732
                    ],
                    [
                        -86.697733989150109,
                        36.071831970010948
                    ],
                    [
                        -86.697497955336885,
                        36.071740914587181
                    ],
                    [
                        -86.696977605969536,
                        36.071381029992075
                    ],
                    [
                        -86.696618190469493,
                        36.071207590384795
                    ],
                    [
                        -86.696296324722667,
                        36.071112198599508
                    ],
                    [
                        -86.693764320263583,
                        36.070860710822366
                    ],
                    [
                        -86.693758954959776,
                        36.070865047137509
                    ]
                ]
            },
            "properties": {
                "OBJECTID": 4650,
                "OnStreet": "Willard Dr",
                "BeginStreet": "Wallace Rd",
                "EndStreet": "Ezell Rd",
                "Neighborhood": "Haywood Heights",
                "Status": "Completed with vertical measures",
                "CompleteDate": 1670565600000,
                "ConceptDocument": null
            }
        },
        {
            "type": "Feature",
            "id": 5046,
            "geometry": {
                "type": "LineString",
                "coordinates": [
                    [
                        -86.741133408331294,
                        36.102923330478305
                    ],
                    [
                        -86.741335958080299,
                        36.102863250810614
                    ],
                    [
                        -86.741664258350269,
                        36.102766228197723
                    ],
                    [
                        -86.741805613312181,
                        36.102738574518284
                    ],
                    [
                        -86.741944026717135,
                        36.102728337098512
                    ],
                    [
                        -86.742262302313307,
                        36.102735993422122
                    ],
                    [
                        -86.742526548208275,
                        36.102757717108545
                    ],
                    [
                        -86.742788382876299,
                        36.102793190591548
                    ],
                    [
                        -86.743257507972501,
                        36.10286527958101
                    ],
                    [
                        -86.74355779397419,
                        36.102867657305218
                    ],
                    [
                        -86.745007644817619,
                        36.103004535700535
                    ],
                    [
                        -86.746982530566484,
                        36.103200447719409
                    ],
                    [
                        -86.747146811812144,
                        36.10321679322827
                    ],
                    [
                        -86.747798780652971,
                        36.103280972048914
                    ]
                ]
            },
            "properties": {
                "OBJECTID": 5046,
                "OnStreet": "Patterson St",
                "BeginStreet": "Nolensville Pk",
                "EndStreet": "Louise Dr",
                "Neighborhood": "Radnor",
                "Status": "Completed with vertical measures",
                "CompleteDate": null,
                "ConceptDocument": null
            }
        },
        {
            "type": "Feature",
            "id": 5446,
            "geometry": {
                "type": "LineString",
                "coordinates": [
                    [
                        -86.776003013840793,
                        36.266618591480842
                    ],
                    [
                        -86.774436604074211,
                        36.26689540285269
                    ],
                    [
                        -86.773728500161667,
                        36.267016506961724
                    ],
                    [
                        -86.773170600509957,
                        36.267085709608246
                    ],
                    [
                        -86.772569786401121,
                        36.267206814403032
                    ],
                    [
                        -86.771239410242742,
                        36.26872925367077
                    ],
                    [
                        -86.77066005324474,
                        36.269213659322702
                    ],
                    [
                        -86.770466933851708,
                        36.26985376291529
                    ],
                    [
                        -86.770488391680487,
                        36.269853763106873
                    ]
                ]
            },
            "properties": {
                "OBJECTID": 5446,
                "OnStreet": "Cheshire Drive",
                "BeginStreet": "Brick Church Pike",
                "EndStreet": "Bell Grimes Lane",
                "Neighborhood": "Bellshire Estates",
                "Status": "Completed with vertical measures",
                "CompleteDate": 1669874400000,
                "ConceptDocument": null
            }
        },
        {
            "type": "Feature",
            "id": 5447,
            "geometry": {
                "type": "LineString",
                "coordinates": [
                    [
                        -86.762780471451791,
                        36.26047707032356
                    ],
                    [
                        -86.762458606775823,
                        36.260996131502083
                    ],
                    [
                        -86.762147469676137,
                        36.261177802176441
                    ],
                    [
                        -86.761042399859392,
                        36.261298915510551
                    ],
                    [
                        -86.758360190605771,
                        36.261229708098377
                    ],
                    [
                        -86.757673545554638,
                        36.261177802016839
                    ]
                ]
            },
            "properties": {
                "OBJECTID": 5447,
                "OnStreet": "Tuckahoe Drive",
                "BeginStreet": "Bellshire Drive",
                "EndStreet": "Dickerson Pike",
                "Neighborhood": "Bellshire Estates",
                "Status": "Completed with vertical measures",
                "CompleteDate": 1669874400000,
                "ConceptDocument": null
            }
        },
        {
            "type": "Feature",
            "id": 5451,
            "geometry": {
                "type": "LineString",
                "coordinates": [
                    [
                        -86.733045864847966,
                        36.2579709911276
                    ],
                    [
                        -86.731168318770813,
                        36.257806615181515
                    ],
                    [
                        -86.731173683508274,
                        36.257806615165023
                    ]
                ]
            },
            "properties": {
                "OBJECTID": 5451,
                "OnStreet": "Vantrease Road",
                "BeginStreet": "S Graycroft Avenue",
                "EndStreet": "W Marthona Road",
                "Neighborhood": "E/W Marthona",
                "Status": "Completed with vertical measures",
                "CompleteDate": 1680843600000,
                "ConceptDocument": null
            }
        },
        {
            "type": "Feature",
            "id": 5452,
            "geometry": {
                "type": "LineString",
                "coordinates": [
                    [
                        -86.730565901961697,
                        36.117822839259908
                    ],
                    [
                        -86.731190816649416,
                        36.117815945981718
                    ],
                    [
                        -86.73187746257571,
                        36.117477938727028
                    ],
                    [
                        -86.732510464016471,
                        36.117035927761059
                    ],
                    [
                        -86.732918159819704,
                        36.116940591671288
                    ],
                    [
                        -86.734999554769331,
                        36.116819254052231
                    ],
                    [
                        -86.735654013129718,
                        36.116706583735649
                    ],
                    [
                        -86.736887829301764,
                        36.116775919594652
                    ],
                    [
                        -86.737649576697564,
                        36.116827921390389
                    ],
                    [
                        -86.743400233079555,
                        36.117200598130438
                    ]
                ]
            },
            "properties": {
                "OBJECTID": 5452,
                "OnStreet": "Lutie Street",
                "BeginStreet": "Foster Avenue",
                "EndStreet": "Whitsett Road",
                "Neighborhood": "Woodbine",
                "Status": "Completed with vertical measures",
                "CompleteDate": 1696551682000,
                "ConceptDocument": null
            }
        },
        {
            "type": "Feature",
            "id": 5453,
            "geometry": {
                "type": "LineString",
                "coordinates": [
                    [
                        -86.705908633362284,
                        36.139048510242688
                    ],
                    [
                        -86.705665014291398,
                        36.138747308625078
                    ],
                    [
                        -86.705428980122917,
                        36.13831841433381
                    ],
                    [
                        -86.705241225075341,
                        36.137898182461399
                    ],
                    [
                        -86.704967640013791,
                        36.137244001586772
                    ],
                    [
                        -86.704672596708065,
                        36.136767442493394
                    ],
                    [
                        -86.704463384911335,
                        36.136221562268915
                    ],
                    [
                        -86.704441926994861,
                        36.135762326931314
                    ],
                    [
                        -86.704490206790084,
                        36.135420064973999
                    ],
                    [
                        -86.704629682167862,
                        36.135155785507678
                    ],
                    [
                        -86.704758427744295,
                        36.13498682027452
                    ]
                ]
            },
            "properties": {
                "OBJECTID": 5453,
                "OnStreet": "Patricia Drive",
                "BeginStreet": "Karen Drive",
                "EndStreet": "Massman Drive",
                "Neighborhood": "Karen Drive",
                "Status": "Completed with vertical measures",
                "CompleteDate": 1642365311000,
                "ConceptDocument": null
            }
        },
        {
            "type": "Feature",
            "id": 5454,
            "geometry": {
                "type": "LineString",
                "coordinates": [
                    [
                        -86.764364561098233,
                        36.136793640787992
                    ],
                    [
                        -86.761113802127852,
                        36.136462403749007
                    ]
                ]
            },
            "properties": {
                "OBJECTID": 5454,
                "OnStreet": "Moore Ave",
                "BeginStreet": "Rains Ave",
                "EndStreet": "4th Ave S",
                "Neighborhood": "SNAP",
                "Status": "Completed with vertical measures",
                "CompleteDate": 1680498000000,
                "ConceptDocument": null
            }
        },
        {
            "type": "Feature",
            "id": 5455,
            "geometry": {
                "type": "LineString",
                "coordinates": [
                    [
                        -86.766621320794101,
                        36.139540800604891
                    ],
                    [
                        -86.763962813049005,
                        36.139245171664655
                    ],
                    [
                        -86.76397439968413,
                        36.139251155762551
                    ]
                ]
            },
            "properties": {
                "OBJECTID": 5455,
                "OnStreet": "Merritt Ave",
                "BeginStreet": "Martin Street",
                "EndStreet": "Rains Avenue",
                "Neighborhood": "SNAP",
                "Status": "Completed with vertical measures",
                "CompleteDate": 1680670800000,
                "ConceptDocument": null
            }
        },
        {
            "type": "Feature",
            "id": 5456,
            "geometry": {
                "type": "LineString",
                "coordinates": [
                    [
                        -86.770074662121317,
                        36.13622666600579
                    ],
                    [
                        -86.76455071255107,
                        36.135706906268076
                    ]
                ]
            },
            "properties": {
                "OBJECTID": 5456,
                "OnStreet": "Southgate Avenue",
                "BeginStreet": "Martin Street",
                "EndStreet": "Rains Avenue",
                "Neighborhood": "SNAP",
                "Status": "Completed with vertical measures",
                "CompleteDate": 1680498000000,
                "ConceptDocument": null
            }
        },
        {
            "type": "Feature",
            "id": 5459,
            "geometry": {
                "type": "LineString",
                "coordinates": [
                    [
                        -86.781372682352412,
                        36.233560614857986
                    ],
                    [
                        -86.781007901596666,
                        36.23345708392133
                    ],
                    [
                        -86.780568019485074,
                        36.233526104243637
                    ],
                    [
                        -86.780031577208931,
                        36.233741793494595
                    ],
                    [
                        -86.779527322578332,
                        36.233836696838409
                    ],
                    [
                        -86.779076711460107,
                        36.233845324057718
                    ],
                    [
                        -86.778390064941618,
                        36.233698655631621
                    ],
                    [
                        -86.777799979525071,
                        36.233569242453733
                    ],
                    [
                        -86.777252809307456,
                        36.233603752959141
                    ],
                    [
                        -86.776684181017288,
                        36.233828069181463
                    ],
                    [
                        -86.776158467412287,
                        36.234224934578201
                    ],
                    [
                        -86.775815145022918,
                        36.234604543551534
                    ],
                    [
                        -86.775668437178027,
                        36.23480972905493
                    ],
                    [
                        -86.775107042101979,
                        36.235588066974877
                    ],
                    [
                        -86.774345293933322,
                        36.236071196532997
                    ],
                    [
                        -86.773819581439696,
                        36.236304132714331
                    ],
                    [
                        -86.773379699441335,
                        36.236916666478422
                    ],
                    [
                        -86.772972003170253,
                        36.240362705852263
                    ]
                ]
            },
            "properties": {
                "OBJECTID": 5459,
                "OnStreet": "Moorewood Dr",
                "BeginStreet": "Brick Church Pike",
                "EndStreet": "Doverside Drive",
                "Neighborhood": "Richmond Hill Drive",
                "Status": "Completed with vertical measures",
                "CompleteDate": 1735711200000,
                "ConceptDocument": null
            }
        },
        {
            "type": "Feature",
            "id": 5460,
            "geometry": {
                "type": "LineString",
                "coordinates": [
                    [
                        -86.757321982329557,
                        36.263276395689616
                    ],
                    [
                        -86.756471859295786,
                        36.26327494834576
                    ],
                    [
                        -86.755055652987039,
                        36.263915100200592
                    ],
                    [
                        -86.752888428305965,
                        36.264313030199467
                    ],
                    [
                        -86.75097869534288,
                        36.264970475008489
                    ],
                    [
                        -86.749798523453961,
                        36.265576012010129
                    ],
                    [
                        -86.748940217254443,
                        36.265714419632559
                    ],
                    [
                        -86.748146282930335,
                        36.265627914445915
                    ],
                    [
                        -86.74428390197771,
                        36.264278428024511
                    ],
                    [
                        -86.743404137453453,
                        36.264036209998245
                    ],
                    [
                        -86.742489809390293,
                        36.263937978384043
                    ],
                    [
                        -86.742459999345883,
                        36.263915100572085
                    ]
                ]
            },
            "properties": {
                "OBJECTID": 5460,
                "OnStreet": "Westchester Dr",
                "BeginStreet": "Dickerson Pike",
                "EndStreet": "Port Drive",
                "Neighborhood": "Kemper Heights",
                "Status": "Completed with vertical measures",
                "CompleteDate": 1707834747000,
                "ConceptDocument": null
            }
        },
        {
            "type": "Feature",
            "id": 5463,
            "geometry": {
                "type": "LineString",
                "coordinates": [
                    [
                        -86.674285992243696,
                        36.176032168120521
                    ],
                    [
                        -86.673947410939704,
                        36.176580939449522
                    ],
                    [
                        -86.67371137646289,
                        36.177646152747698
                    ],
                    [
                        -86.673550444055138,
                        36.1790144549595
                    ],
                    [
                        -86.673298732332583,
                        36.181438820720658
                    ],
                    [
                        -86.673260765145869,
                        36.18201943983113
                    ],
                    [
                        -86.673528986159454,
                        36.182513043284935
                    ],
                    [
                        -86.674194174213056,
                        36.183006643290248
                    ],
                    [
                        -86.674666242270575,
                        36.183413644700074
                    ],
                    [
                        -86.675138311593798,
                        36.184089089171934
                    ],
                    [
                        -86.675535278175118,
                        36.184348873939591
                    ],
                    [
                        -86.676039533467431,
                        36.184530722453388
                    ],
                    [
                        -86.676372127988429,
                        36.184643294853501
                    ],
                    [
                        -86.676651077261496,
                        36.184764527092199
                    ],
                    [
                        -86.676651077739535,
                        36.18477318636991
                    ]
                ]
            },
            "properties": {
                "OBJECTID": 5463,
                "OnStreet": "Knobdale Rd",
                "BeginStreet": "McGavock Pike",
                "EndStreet": "Lincoya Dr",
                "Neighborhood": "Lincoya Hills",
                "Status": "Completed with vertical measures",
                "CompleteDate": 1690332284000,
                "ConceptDocument": null
            }
        },
        {
            "type": "Feature",
            "id": 5846,
            "geometry": {
                "type": "LineString",
                "coordinates": [
                    [
                        -86.769740845809352,
                        36.13870329550425
                    ],
                    [
                        -86.773900201119147,
                        36.139084249745025
                    ],
                    [
                        -86.775381004501398,
                        36.139198873173818
                    ],
                    [
                        -86.776638289545815,
                        36.139082444333923
                    ],
                    [
                        -86.778240910503499,
                        36.139210606706612
                    ]
                ]
            },
            "properties": {
                "OBJECTID": 5846,
                "OnStreet": "Hamilton Ave",
                "BeginStreet": "Martin St",
                "EndStreet": "Fort Negley Blvd",
                "Neighborhood": "Wedgewood Houston",
                "Status": "Completed with vertical measures",
                "CompleteDate": 1735711200000,
                "ConceptDocument": null
            }
        },
        {
            "type": "Feature",
            "id": 6246,
            "geometry": {
                "type": "LineString",
                "coordinates": [
                    [
                        -86.802614410271033,
                        36.129224377383579
                    ],
                    [
                        -86.797850806815731,
                        36.128756435049972
                    ],
                    [
                        -86.797850807499998,
                        36.12863511656316
                    ],
                    [
                        -86.796048363094485,
                        36.128487800343677
                    ],
                    [
                        -86.79516859814926,
                        36.128843091433097
                    ]
                ]
            },
            "properties": {
                "OBJECTID": 6246,
                "OnStreet": "Ashwood Avenue",
                "BeginStreet": "Belmont Blvd",
                "EndStreet": "21st Ave N",
                "Neighborhood": "Belmont-Hillsboro",
                "Status": "Completed with vertical measures",
                "CompleteDate": null,
                "ConceptDocument": null
            }
        },
        {
            "type": "Feature",
            "id": 6249,
            "geometry": {
                "type": "LineString",
                "coordinates": [
                    [
                        -86.848008105258756,
                        36.143147229142457
                    ],
                    [
                        -86.848093935702735,
                        36.143246865302537
                    ],
                    [
                        -86.848553487627484,
                        36.151921955417386
                    ]
                ]
            },
            "properties": {
                "OBJECTID": 6249,
                "OnStreet": "51st Ave N",
                "BeginStreet": "Charlotte Ave",
                "EndStreet": "Nebraska Ave",
                "Neighborhood": "Sylvan Park West",
                "Status": "Completed with vertical measures",
                "CompleteDate": null,
                "ConceptDocument": null
            }
        },
        {
            "type": "Feature",
            "id": 6648,
            "geometry": {
                "type": "LineString",
                "coordinates": [
                    [
                        -86.742838920062866,
                        36.170475531527806
                    ],
                    [
                        -86.742565334657058,
                        36.172406912533461
                    ]
                ]
            },
            "properties": {
                "OBJECTID": 6648,
                "OnStreet": "S 16th St",
                "BeginStreet": "Shelby Avenue",
                "EndStreet": "Lillian Street",
                "Neighborhood": "6",
                "Status": "Completed with vertical measures",
                "CompleteDate": 1751378517000,
                "ConceptDocument": null
            }
        },
        {
            "type": "Feature",
            "id": 6649,
            "geometry": {
                "type": "LineString",
                "coordinates": [
                    [
                        -86.81368171581326,
                        36.17666167891047
                    ],
                    [
                        -86.812447899506722,
                        36.170755114206791
                    ]
                ]
            },
            "properties": {
                "OBJECTID": 6649,
                "OnStreet": "23rd Ave N",
                "BeginStreet": "Osage Street",
                "EndStreet": "W Heiman Street",
                "Neighborhood": null,
                "Status": "Completed with vertical measures",
                "CompleteDate": 1757342363000,
                "ConceptDocument": null
            }
        },
        {
            "type": "Feature",
            "id": 6656,
            "geometry": {
                "type": "LineString",
                "coordinates": [
                    [
                        -86.634466824678171,
                        36.202708568012113
                    ],
                    [
                        -86.634043036340302,
                        36.20307650867715
                    ],
                    [
                        -86.63390892485107,
                        36.203240999673362
                    ],
                    [
                        -86.633479771639827,
                        36.20479931376218
                    ],
                    [
                        -86.633173999960889,
                        36.206383567345206
                    ]
                ]
            },
            "properties": {
                "OBJECTID": 6656,
                "OnStreet": "Bonnafair Drive",
                "BeginStreet": "Jacksonian Drive",
                "EndStreet": "Bonnavue Dr",
                "Neighborhood": null,
                "Status": "Completed with vertical measures",
                "CompleteDate": 1736263036000,
                "ConceptDocument": null
            }
        },
        {
            "type": "Feature",
            "id": 6658,
            "geometry": {
                "type": "LineString",
                "coordinates": [
                    [
                        -86.726225318834778,
                        36.20395468322328
                    ],
                    [
                        -86.724562348701326,
                        36.203703620720233
                    ],
                    [
                        -86.725796164925512,
                        36.196638916637845
                    ],
                    [
                        -86.726082842896957,
                        36.194874934712772
                    ]
                ]
            },
            "properties": {
                "OBJECTID": 6658,
                "OnStreet": "Branch St / Maxey Ln",
                "BeginStreet": "McGavock Pike",
                "EndStreet": "Cahal Avenue",
                "Neighborhood": null,
                "Status": "Completed with vertical measures",
                "CompleteDate": 1764774197000,
                "ConceptDocument": null
            }
        },
        {
            "type": "Feature",
            "id": 6670,
            "geometry": {
                "type": "LineString",
                "coordinates": [
                    [
                        -86.846334795735473,
                        36.217563034645032
                    ],
                    [
                        -86.846178340030249,
                        36.217021700502059
                    ],
                    [
                        -86.845856475082428,
                        36.216355196661034
                    ],
                    [
                        -86.845781373037397,
                        36.214416243398254
                    ],
                    [
                        -86.845877933079194,
                        36.213801654428856
                    ]
                ]
            },
            "properties": {
                "OBJECTID": 6670,
                "OnStreet": "Creekwood N",
                "BeginStreet": "Kings Lane",
                "EndStreet": "Creekway Court",
                "Neighborhood": null,
                "Status": "Completed with vertical measures",
                "CompleteDate": 1735711200000,
                "ConceptDocument": null
            }
        },
        {
            "type": "Feature",
            "id": 6674,
            "geometry": {
                "type": "LineString",
                "coordinates": [
                    [
                        -86.703390408195673,
                        36.267926625420394
                    ],
                    [
                        -86.690118837877364,
                        36.266542577178683
                    ]
                ]
            },
            "properties": {
                "OBJECTID": 6674,
                "OnStreet": "Dupont Avenue",
                "BeginStreet": "Myatt Drive",
                "EndStreet": "Delaware Avenue",
                "Neighborhood": null,
                "Status": "Completed with vertical measures",
                "CompleteDate": 1727359832000,
                "ConceptDocument": null
            }
        },
        {
            "type": "Feature",
            "id": 7046,
            "geometry": {
                "type": "LineString",
                "coordinates": [
                    [
                        -86.876735598399833,
                        36.136137365887059
                    ],
                    [
                        -86.875914842771508,
                        36.135572851881776
                    ],
                    [
                        -86.87482640277571,
                        36.13521434228587
                    ],
                    [
                        -86.874544770913317,
                        36.135063789584784
                    ],
                    [
                        -86.873603851831959,
                        36.134402220829443
                    ],
                    [
                        -86.873094769558563,
                        36.134102627702113
                    ],
                    [
                        -86.872602853040064,
                        36.133927810890434
                    ],
                    [
                        -86.871002645279702,
                        36.133095313116939
                    ],
                    [
                        -86.870054754404407,
                        36.132761920027058
                    ],
                    [
                        -86.869003862311544,
                        36.131444151804033
                    ],
                    [
                        -86.868783117096285,
                        36.131256656793738
                    ],
                    [
                        -86.868510871589123,
                        36.13112461863706
                    ],
                    [
                        -86.868103444791387,
                        36.130964851295417
                    ],
                    [
                        -86.867344111812088,
                        36.130943728679902
                    ],
                    [
                        -86.866541861274868,
                        36.130763163283412
                    ],
                    [
                        -86.865859777107204,
                        36.130554869192714
                    ],
                    [
                        -86.865276396487189,
                        36.130273784061067
                    ],
                    [
                        -86.864778846423278,
                        36.129978832907085
                    ],
                    [
                        -86.864367127646119,
                        36.129746273526997
                    ],
                    [
                        -86.863852412048885,
                        36.12929187369766
                    ],
                    [
                        -86.863289147510585,
                        36.128689615517885
                    ],
                    [
                        -86.862623690949761,
                        36.127946101630883
                    ],
                    [
                        -86.861958235540115,
                        36.127590806883276
                    ],
                    [
                        -86.860913113057876,
                        36.127101190922801
                    ],
                    [
                        -86.859353005479136,
                        36.126611571923732
                    ],
                    [
                        -86.85822406309903,
                        36.125937366347905
                    ],
                    [
                        -86.856944649666943,
                        36.125254487177635
                    ],
                    [
                        -86.855596572898207,
                        36.1246825285249
                    ]
                ]
            },
            "properties": {
                "OBJECTID": 7046,
                "OnStreet": "Hillwood Blvd",
                "BeginStreet": "Fleetwood Dr",
                "EndStreet": "Post Rd",
                "Neighborhood": null,
                "Status": "Completed with vertical measures",
                "CompleteDate": 1751898074000,
                "ConceptDocument": null
            }
        },
        {
            "type": "Feature",
            "id": 7053,
            "geometry": {
                "type": "LineString",
                "coordinates": [
                    [
                        -86.758652408436973,
                        36.147659228226935
                    ],
                    [
                        -86.758480746835062,
                        36.14809240320254
                    ],
                    [
                        -86.757708270651406,
                        36.153489567185588
                    ]
                ]
            },
            "properties": {
                "OBJECTID": 7053,
                "OnStreet": "Lewis St",
                "BeginStreet": "Old Hermitage Ave",
                "EndStreet": "Lafayette St",
                "Neighborhood": null,
                "Status": "Completed with vertical measures",
                "CompleteDate": 1770822286000,
                "ConceptDocument": null
            }
        },
        {
            "type": "Feature",
            "id": 7060,
            "geometry": {
                "type": "LineString",
                "coordinates": [
                    [
                        -86.846417583524612,
                        36.218967113102302
                    ],
                    [
                        -86.847465716468307,
                        36.219313590014906
                    ],
                    [
                        -86.848206006790875,
                        36.219919480592132
                    ],
                    [
                        -86.848860464982266,
                        36.221235111456949
                    ],
                    [
                        -86.849021398016561,
                        36.221486117817967
                    ],
                    [
                        -86.849225245319516,
                        36.22173712324615
                    ],
                    [
                        -86.849632941561509,
                        36.221892918377215
                    ],
                    [
                        -86.849901161947287,
                        36.222109301225807
                    ],
                    [
                        -86.850012344674411,
                        36.222278639815642
                    ],
                    [
                        -86.850190840843212,
                        36.222542065622626
                    ],
                    [
                        -86.850223027225226,
                        36.223018102803017
                    ],
                    [
                        -86.849965534973549,
                        36.223494137406782
                    ],
                    [
                        -86.849343263334276,
                        36.224134615001596
                    ],
                    [
                        -86.849117957337626,
                        36.224662573540826
                    ]
                ]
            },
            "properties": {
                "OBJECTID": 7060,
                "OnStreet": "Lunn Dr",
                "BeginStreet": "Phipps Dr",
                "EndStreet": "Putnam Dr",
                "Neighborhood": null,
                "Status": "Completed with vertical measures",
                "CompleteDate": 1746680400000,
                "ConceptDocument": null
            }
        },
        {
            "type": "Feature",
            "id": 7063,
            "geometry": {
                "type": "LineString",
                "coordinates": [
                    [
                        -86.773483560389252,
                        36.040728343940465
                    ],
                    [
                        -86.773687408452332,
                        36.038663589101951
                    ],
                    [
                        -86.773869798942513,
                        36.037535758501257
                    ],
                    [
                        -86.773977086942097,
                        36.036815674542837
                    ],
                    [
                        -86.774180934828806,
                        36.03629512746349
                    ]
                ]
            },
            "properties": {
                "OBJECTID": 7063,
                "OnStreet": "Oakes Drive",
                "BeginStreet": "Old Hickory Blvd",
                "EndStreet": "Fox Ridge Dr",
                "Neighborhood": null,
                "Status": "Completed with vertical measures",
                "CompleteDate": 1737386041000,
                "ConceptDocument": null
            }
        },
        {
            "type": "Feature",
            "id": 7446,
            "geometry": {
                "type": "LineString",
                "coordinates": [
                    [
                        -86.762780471451791,
                        36.26047707032356
                    ],
                    [
                        -86.76356127386174,
                        36.258008165878849
                    ],
                    [
                        -86.764183545687274,
                        36.257168983094061
                    ],
                    [
                        -86.764773632318793,
                        36.256520123537818
                    ],
                    [
                        -86.765074039507212,
                        36.256208669470951
                    ],
                    [
                        -86.765460277831934,
                        36.255542499609405
                    ]
                ]
            },
            "properties": {
                "OBJECTID": 7446,
                "OnStreet": "Tuckahoe Drive",
                "BeginStreet": "Bellshire Drive",
                "EndStreet": "Pineview Drive",
                "Neighborhood": null,
                "Status": "Completed with vertical measures",
                "CompleteDate": 1756909133000,
                "ConceptDocument": null
            }
        },
        {
            "type": "Feature",
            "id": 7846,
            "geometry": {
                "type": "LineString",
                "coordinates": [
                    [
                        -86.80797576234778,
                        36.120738322336642
                    ],
                    [
                        -86.807391347160191,
                        36.120409785123272
                    ],
                    [
                        -86.806817354528917,
                        36.120041456781728
                    ],
                    [
                        -86.806425751837693,
                        36.119777125721477
                    ],
                    [
                        -86.806082429714436,
                        36.11962979241774
                    ],
                    [
                        -86.802075209093289,
                        36.118321121775921
                    ],
                    [
                        -86.801694335210286,
                        36.118117452259817
                    ],
                    [
                        -86.801200809043181,
                        36.11770577856565
                    ]
                ]
            },
            "properties": {
                "OBJECTID": 7846,
                "OnStreet": "Lombardy Avenue",
                "BeginStreet": "Hillsboro Pike",
                "EndStreet": "Brightwood Ave",
                "Neighborhood": null,
                "Status": "Completed with vertical measures",
                "CompleteDate": 1199167200000,
                "ConceptDocument": null
            }
        },
        {
            "type": "Feature",
            "id": 8246,
            "geometry": {
                "type": "LineString",
                "coordinates": [
                    [
                        -86.698990820764649,
                        36.27883099522149
                    ],
                    [
                        -86.698277688717525,
                        36.278948107579716
                    ],
                    [
                        -86.697719789209131,
                        36.278913511720638
                    ],
                    [
                        -86.697226263103516,
                        36.27869728575142
                    ],
                    [
                        -86.696797109920453,
                        36.27829942954299
                    ],
                    [
                        -86.696443058018119,
                        36.277451815118511
                    ],
                    [
                        -86.695348716810159,
                        36.274969464013402
                    ],
                    [
                        -86.694790816691778,
                        36.273473095262972
                    ],
                    [
                        -86.694608427105933,
                        36.272910868680235
                    ],
                    [
                        -86.694657056075357,
                        36.272569576026115
                    ]
                ]
            },
            "properties": {
                "OBJECTID": 8246,
                "OnStreet": "May Drive",
                "BeginStreet": "Snow Ave",
                "EndStreet": "Anderson Ln",
                "Neighborhood": null,
                "Status": "Completed with vertical measures",
                "CompleteDate": 1727359906000,
                "ConceptDocument": null
            }
        },
        {
            "type": "Feature",
            "id": 8651,
            "geometry": {
                "type": "LineString",
                "coordinates": [
                    [
                        -86.76061413640403,
                        36.209495548106204
                    ],
                    [
                        -86.765254715682843,
                        36.211494642508178
                    ]
                ]
            },
            "properties": {
                "OBJECTID": 8651,
                "OnStreet": "Donald St",
                "BeginStreet": "Dickerson Rd",
                "EndStreet": "Gerald St",
                "Neighborhood": null,
                "Status": "Completed with vertical measures",
                "CompleteDate": 1759932102000,
                "ConceptDocument": null
            }
        },
        {
            "type": "Feature",
            "id": 8652,
            "geometry": {
                "type": "LineString",
                "coordinates": [
                    [
                        -86.858064158219591,
                        36.207606635510217
                    ],
                    [
                        -86.857297403557851,
                        36.208871686791284
                    ],
                    [
                        -86.85687397233599,
                        36.209176404682651
                    ],
                    [
                        -86.855535012754686,
                        36.209758134877433
                    ],
                    [
                        -86.850144846163261,
                        36.211420196466733
                    ],
                    [
                        -86.849027403404619,
                        36.211764756075937
                    ],
                    [
                        -86.84862720271002,
                        36.211938623272552
                    ],
                    [
                        -86.848384104700315,
                        36.212339684440948
                    ],
                    [
                        -86.848246796062071,
                        36.212566215184182
                    ],
                    [
                        -86.848130685776269,
                        36.213700857665124
                    ],
                    [
                        -86.84817646210918,
                        36.214393353618377
                    ],
                    [
                        -86.848371010862124,
                        36.215141241466704
                    ],
                    [
                        -86.848737222734044,
                        36.216055316670598
                    ],
                    [
                        -86.848916265521751,
                        36.216743578502616
                    ],
                    [
                        -86.84906045903125,
                        36.217297872699639
                    ]
                ]
            },
            "properties": {
                "OBJECTID": 8652,
                "OnStreet": "Drakes Branch Rd",
                "BeginStreet": "Kings Ln",
                "EndStreet": "Ashland City Hwy",
                "Neighborhood": null,
                "Status": "Completed with vertical measures",
                "CompleteDate": 1745470800000,
                "ConceptDocument": null
            }
        },
        {
            "type": "Feature",
            "id": 8655,
            "geometry": {
                "type": "LineString",
                "coordinates": [
                    [
                        -86.796381187180955,
                        36.180599621744641
                    ],
                    [
                        -86.795723894854802,
                        36.180856851574653
                    ],
                    [
                        -86.795099850484334,
                        36.181101068926779
                    ],
                    [
                        -86.794482210953504,
                        36.181411080166477
                    ],
                    [
                        -86.793869819264017,
                        36.181650735987581
                    ],
                    [
                        -86.793209055517636,
                        36.181949718710158
                    ],
                    [
                        -86.791289309661664,
                        36.182753337820067
                    ],
                    [
                        -86.790031691102229,
                        36.183279782501998
                    ]
                ]
            },
            "properties": {
                "OBJECTID": 8655,
                "OnStreet": "Garfield St",
                "BeginStreet": "Rosa Parks Blvd",
                "EndStreet": "3rd Ave N",
                "Neighborhood": null,
                "Status": "Completed with vertical measures",
                "CompleteDate": 1777212180000,
                "ConceptDocument": null
            }
        },
        {
            "type": "Feature",
            "id": 8657,
            "geometry": {
                "type": "LineString",
                "coordinates": [
                    [
                        -86.684457777552083,
                        36.159133659367157
                    ],
                    [
                        -86.683959833171031,
                        36.158898136828491
                    ],
                    [
                        -86.68266665185827,
                        36.158944334852919
                    ],
                    [
                        -86.681552998947609,
                        36.158907376697371
                    ],
                    [
                        -86.681243853797753,
                        36.158918420513864
                    ],
                    [
                        -86.680781865645031,
                        36.159011667594562
                    ],
                    [
                        -86.680071468953713,
                        36.159290357338797
                    ],
                    [
                        -86.679636112891814,
                        36.159535678769515
                    ],
                    [
                        -86.679241292398729,
                        36.159831348473311
                    ],
                    [
                        -86.677690617729056,
                        36.161646921273601
                    ],
                    [
                        -86.67736446128599,
                        36.162141230286316
                    ],
                    [
                        -86.677169911271918,
                        36.162672493491897
                    ],
                    [
                        -86.677084080939494,
                        36.16334234282003
                    ],
                    [
                        -86.676818720967105,
                        36.163807479404873
                    ],
                    [
                        -86.676431028305402,
                        36.164261381823493
                    ],
                    [
                        -86.676362096540913,
                        36.164449611928774
                    ],
                    [
                        -86.676221265137059,
                        36.164854725319792
                    ],
                    [
                        -86.67579235807267,
                        36.166434103518583
                    ],
                    [
                        -86.675647030709271,
                        36.166654343725064
                    ],
                    [
                        -86.675485372020788,
                        36.16684360414478
                    ],
                    [
                        -86.675252353233816,
                        36.167196733507545
                    ],
                    [
                        -86.674989731667353,
                        36.168163771593001
                    ],
                    [
                        -86.674850240311486,
                        36.168375161933064
                    ],
                    [
                        -86.674736501810031,
                        36.168508316556988
                    ],
                    [
                        -86.674592082991751,
                        36.168727174028071
                    ],
                    [
                        -86.674445983754325,
                        36.16914741936575
                    ],
                    [
                        -86.674432270634611,
                        36.169902802209265
                    ]
                ]
            },
            "properties": {
                "OBJECTID": 8657,
                "OnStreet": "Graylynn Dr",
                "BeginStreet": "McGavock Pike",
                "EndStreet": "Lebanon Pike",
                "Neighborhood": null,
                "Status": "Completed with vertical measures",
                "CompleteDate": 1760709829000,
                "ConceptDocument": null
            }
        },
        {
            "type": "Feature",
            "id": 8666,
            "geometry": {
                "type": "LineString",
                "coordinates": [
                    [
                        -86.837053640434846,
                        36.218512131382418
                    ],
                    [
                        -86.846334795735473,
                        36.217563034645032
                    ],
                    [
                        -86.849057020887699,
                        36.21728465643735
                    ],
                    [
                        -86.851793097354374,
                        36.217004859963154
                    ],
                    [
                        -86.855464399351021,
                        36.216629424143726
                    ],
                    [
                        -86.857966717393865,
                        36.216373531254391
                    ],
                    [
                        -86.860841544029626,
                        36.216527053986461
                    ],
                    [
                        -86.861178170039125,
                        36.216492629546607
                    ],
                    [
                        -86.86474398041959,
                        36.215566817551753
                    ]
                ]
            },
            "properties": {
                "OBJECTID": 8666,
                "OnStreet": "Kings Ln",
                "BeginStreet": "Clarksville Pike",
                "EndStreet": "Eatons Creek Rd",
                "Neighborhood": null,
                "Status": "Completed with vertical measures",
                "CompleteDate": 1758292930000,
                "ConceptDocument": null
            }
        },
        {
            "type": "Feature",
            "id": 8679,
            "geometry": {
                "type": "LineString",
                "coordinates": [
                    [
                        -86.826052864380415,
                        36.163300486979082
                    ],
                    [
                        -86.825060724921315,
                        36.159103441657692
                    ]
                ]
            },
            "properties": {
                "OBJECTID": 8679,
                "OnStreet": "33rd Ave N",
                "BeginStreet": "Albion St",
                "EndStreet": "Clifton Ave",
                "Neighborhood": null,
                "Status": "Completed with vertical measures",
                "CompleteDate": 1768402744000,
                "ConceptDocument": null
            }
        },
        {
            "type": "Feature",
            "id": 8702,
            "geometry": {
                "type": "LineString",
                "coordinates": [
                    [
                        -86.637197204838174,
                        36.141910747994679
                    ],
                    [
                        -86.637197205455877,
                        36.141457900045779
                    ],
                    [
                        -86.637059875479039,
                        36.141051257777093
                    ],
                    [
                        -86.636741112742527,
                        36.140560228498899
                    ],
                    [
                        -86.636425099031214,
                        36.140073430599777
                    ],
                    [
                        -86.635640809860504,
                        36.139184377366114
                    ],
                    [
                        -86.634249823620763,
                        36.137607558708794
                    ],
                    [
                        -86.632685918738005,
                        36.13583468224757
                    ],
                    [
                        -86.632230469972484,
                        36.135487450526519
                    ],
                    [
                        -86.63161248838378,
                        36.13525638692218
                    ],
                    [
                        -86.63003320459589,
                        36.135043808035348
                    ]
                ]
            },
            "properties": {
                "OBJECTID": 8702,
                "OnStreet": "Trails End Ln",
                "BeginStreet": "Elm Hill Pike",
                "EndStreet": "Bell Rd",
                "Neighborhood": null,
                "Status": "Completed with vertical measures",
                "CompleteDate": 1759932029000,
                "ConceptDocument": null
            }
        },
        {
            "type": "Feature",
            "id": 8703,
            "geometry": {
                "type": "LineString",
                "coordinates": [
                    [
                        -86.816104124390776,
                        36.103366540992312
                    ],
                    [
                        -86.814673612785924,
                        36.102340193463363
                    ],
                    [
                        -86.814032743514716,
                        36.10274703558337
                    ],
                    [
                        -86.811743924582146,
                        36.102155264365756
                    ],
                    [
                        -86.811604641103344,
                        36.102055331669057
                    ],
                    [
                        -86.811549376324379,
                        36.101757666239017
                    ],
                    [
                        -86.809035699654331,
                        36.101465787081061
                    ]
                ]
            },
            "properties": {
                "OBJECTID": 8703,
                "OnStreet": "Warfield Dr",
                "BeginStreet": "Hillsboro Pike",
                "EndStreet": "Lone Oak Dr",
                "Neighborhood": null,
                "Status": "Completed with vertical measures",
                "CompleteDate": 1774360652000,
                "ConceptDocument": null
            }
        },
        {
            "type": "Feature",
            "id": 8704,
            "geometry": {
                "type": "LineString",
                "coordinates": [
                    [
                        -86.855464399351021,
                        36.216629424143726
                    ],
                    [
                        -86.855451780606117,
                        36.216166728871009
                    ],
                    [
                        -86.855441249738021,
                        36.21578055034918
                    ],
                    [
                        -86.855428878146583,
                        36.215326926223931
                    ],
                    [
                        -86.855384281969862,
                        36.213691609741744
                    ],
                    [
                        -86.855222899219896,
                        36.213424473738428
                    ],
                    [
                        -86.854822355489077,
                        36.213008972092076
                    ],
                    [
                        -86.854215819255998,
                        36.21275043656658
                    ],
                    [
                        -86.853872495910039,
                        36.212741203058236
                    ],
                    [
                        -86.852385271616242,
                        36.212701206057289
                    ],
                    [
                        -86.851549345107316,
                        36.212796604051235
                    ],
                    [
                        -86.85122774324266,
                        36.212787955205243
                    ],
                    [
                        -86.850796539306216,
                        36.212604153893771
                    ],
                    [
                        -86.850537713163348,
                        36.212175716840129
                    ],
                    [
                        -86.850144846163261,
                        36.211420196466733
                    ],
                    [
                        -86.849572537188834,
                        36.210472828942919
                    ],
                    [
                        -86.849402303529118,
                        36.21029623150573
                    ],
                    [
                        -86.848984424724833,
                        36.210118104389082
                    ],
                    [
                        -86.846147733865564,
                        36.209731049088646
                    ],
                    [
                        -86.84435032727572,
                        36.209485799032059
                    ],
                    [
                        -86.843430313094004,
                        36.209360265216404
                    ],
                    [
                        -86.842840997430642,
                        36.209213027007863
                    ],
                    [
                        -86.842461119321484,
                        36.208818939911836
                    ],
                    [
                        -86.841957682765624,
                        36.208750247190665
                    ],
                    [
                        -86.839613155902654,
                        36.208281331680276
                    ]
                ]
            },
            "properties": {
                "OBJECTID": 8704,
                "OnStreet": "West Hamilton Rd",
                "BeginStreet": "Kings Ln",
                "EndStreet": "Clarksville Pike",
                "Neighborhood": null,
                "Status": "Completed with vertical measures",
                "CompleteDate": 1745470800000,
                "ConceptDocument": null
            }
        },
        {
            "type": "Feature",
            "id": 9048,
            "geometry": {
                "type": "LineString",
                "coordinates": [
                    [
                        -86.774730400558667,
                        36.234370331207714
                    ],
                    [
                        -86.77426548402174,
                        36.234995335789591
                    ],
                    [
                        -86.774009184941576,
                        36.235206875134281
                    ],
                    [
                        -86.773675398876733,
                        36.235346298203396
                    ],
                    [
                        -86.773401216834372,
                        36.235389567311486
                    ],
                    [
                        -86.772924380458491,
                        36.23550495110053
                    ],
                    [
                        -86.772644238362076,
                        36.235605912344283
                    ],
                    [
                        -86.771392539916903,
                        36.236509749456907
                    ],
                    [
                        -86.770254091451378,
                        36.237370307633171
                    ],
                    [
                        -86.769497112673221,
                        36.237894330272283
                    ],
                    [
                        -86.769258693994686,
                        36.23817797420903
                    ],
                    [
                        -86.769145445124266,
                        36.238274124146976
                    ],
                    [
                        -86.768650726559841,
                        36.239062550812591
                    ]
                ]
            },
            "properties": {
                "OBJECTID": 9048,
                "OnStreet": "Vailview Dr",
                "BeginStreet": "Richmond Hill Dr",
                "EndStreet": "Spears Rd",
                "Neighborhood": null,
                "Status": "Completed with vertical measures",
                "CompleteDate": 1735711200000,
                "ConceptDocument": null
            }
        },
        {
            "type": "Feature",
            "id": 9448,
            "geometry": {
                "type": "LineString",
                "coordinates": [
                    [
                        -86.842384666805089,
                        36.183877241543314
                    ],
                    [
                        -86.84211048580751,
                        36.184031187764838
                    ],
                    [
                        -86.841806502640523,
                        36.184088917971273
                    ],
                    [
                        -86.841526359914965,
                        36.184040810106438
                    ],
                    [
                        -86.841258139741655,
                        36.183920538598699
                    ],
                    [
                        -86.840894551870591,
                        36.183756969612091
                    ],
                    [
                        -86.840489239626692,
                        36.183641509582117
                    ],
                    [
                        -86.83927330422722,
                        36.183256638949551
                    ],
                    [
                        -86.838146776298942,
                        36.183121934302875
                    ],
                    [
                        -86.837133498210292,
                        36.183112312353344
                    ],
                    [
                        -86.836096376878231,
                        36.183174853931376
                    ],
                    [
                        -86.835685105331393,
                        36.183213341428861
                    ],
                    [
                        -86.835458607716575,
                        36.18317966501349
                    ],
                    [
                        -86.834868521443525,
                        36.183059392926886
                    ],
                    [
                        -86.833962530469421,
                        36.182891010809904
                    ]
                ]
            },
            "properties": {
                "OBJECTID": 9448,
                "OnStreet": "Hinkle Dr",
                "BeginStreet": "Panorama Dr",
                "EndStreet": "Hydes Ferry Rd",
                "Neighborhood": null,
                "Status": "Completed with vertical measures",
                "CompleteDate": null,
                "ConceptDocument": null
            }
        },
        {
            "type": "Feature",
            "id": 9451,
            "geometry": {
                "type": "LineString",
                "coordinates": [
                    [
                        -86.809047491566588,
                        36.18343488312086
                    ],
                    [
                        -86.807664664321194,
                        36.180158608153157
                    ]
                ]
            },
            "properties": {
                "OBJECTID": 9451,
                "OnStreet": "14th Ave N",
                "BeginStreet": "Clay St",
                "EndStreet": "Buchannan St",
                "Neighborhood": null,
                "Status": "Completed with vertical measures",
                "CompleteDate": 1761842572000,
                "ConceptDocument": null
            }
        },
        {
            "type": "Feature",
            "id": 9452,
            "geometry": {
                "type": "LineString",
                "coordinates": [
                    [
                        -86.80802825201863,
                        36.183685047969128
                    ],
                    [
                        -86.806597740661729,
                        36.180235585532351
                    ]
                ]
            },
            "properties": {
                "OBJECTID": 9452,
                "OnStreet": "12th Ave N",
                "BeginStreet": "Clay St",
                "EndStreet": "Buchannan St",
                "Neighborhood": null,
                "Status": "Completed with vertical measures",
                "CompleteDate": 1761842559000,
                "ConceptDocument": null
            }
        },
        {
            "type": "Feature",
            "id": 9453,
            "geometry": {
                "type": "LineString",
                "coordinates": [
                    [
                        -86.807134183038201,
                        36.183911157921941
                    ],
                    [
                        -86.805650026354229,
                        36.180322183794992
                    ]
                ]
            },
            "properties": {
                "OBJECTID": 9453,
                "OnStreet": "Cephas St",
                "BeginStreet": "Clay St",
                "EndStreet": "Buchannan St",
                "Neighborhood": null,
                "Status": "Completed with vertical measures",
                "CompleteDate": 1761842608000,
                "ConceptDocument": null
            }
        },
        {
            "type": "Feature",
            "id": 9454,
            "geometry": {
                "type": "LineString",
                "coordinates": [
                    [
                        -86.8060434173928,
                        36.184185375643708
                    ],
                    [
                        -86.804499657397884,
                        36.180399161419921
                    ]
                ]
            },
            "properties": {
                "OBJECTID": 9454,
                "OnStreet": "11th Ave N",
                "BeginStreet": "Clay St",
                "EndStreet": "Buchannan St",
                "Neighborhood": null,
                "Status": "Completed with vertical measures",
                "CompleteDate": 1761842537000,
                "ConceptDocument": null
            }
        },
        {
            "type": "Feature",
            "id": 9455,
            "geometry": {
                "type": "LineString",
                "coordinates": [
                    [
                        -86.804744036342939,
                        36.184507701312846
                    ],
                    [
                        -86.803075106450933,
                        36.18049057103142
                    ]
                ]
            },
            "properties": {
                "OBJECTID": 9455,
                "OnStreet": "10th Ave N",
                "BeginStreet": "Clay St",
                "EndStreet": "Buchannan St",
                "Neighborhood": null,
                "Status": "Completed with vertical measures",
                "CompleteDate": 1761842504000,
                "ConceptDocument": null
            }
        },
        {
            "type": "Feature",
            "id": 9456,
            "geometry": {
                "type": "LineString",
                "coordinates": [
                    [
                        -86.803396970823584,
                        36.184863699618944
                    ],
                    [
                        -86.801650554808177,
                        36.180649336228313
                    ]
                ]
            },
            "properties": {
                "OBJECTID": 9456,
                "OnStreet": "9th Ave N",
                "BeginStreet": "Clay St",
                "EndStreet": "Buchannan St",
                "Neighborhood": null,
                "Status": "Completed with vertical measures",
                "CompleteDate": 1761842592000,
                "ConceptDocument": null
            }
        },
        {
            "type": "Feature",
            "id": 10248,
            "geometry": {
                "type": "LineString",
                "coordinates": [
                    [
                        -86.610814054927147,
                        36.202299469684611
                    ],
                    [
                        -86.612840613831978,
                        36.201077791819628
                    ],
                    [
                        -86.613663157609508,
                        36.200567953014598
                    ],
                    [
                        -86.613937339216491,
                        36.200298601541739
                    ],
                    [
                        -86.614187678681049,
                        36.199875335393678
                    ],
                    [
                        -86.614283046332346,
                        36.199586742331107
                    ],
                    [
                        -86.614306887877916,
                        36.198153384746874
                    ],
                    [
                        -86.614259204078323,
                        36.196902781955785
                    ],
                    [
                        -86.614199599622467,
                        36.195806081970922
                    ],
                    [
                        -86.614259204638941,
                        36.195267348054841
                    ]
                ]
            },
            "properties": {
                "OBJECTID": 10248,
                "OnStreet": "Terry Lane",
                "BeginStreet": "End of Street",
                "EndStreet": "End of Street",
                "Neighborhood": null,
                "Status": "Completed with vertical measures",
                "CompleteDate": 1758984257000,
                "ConceptDocument": null
            }
        },
        {
            "type": "Feature",
            "id": 10250,
            "geometry": {
                "type": "LineString",
                "coordinates": [
                    [
                        -86.714933850408983,
                        36.087728159452325
                    ],
                    [
                        -86.714993454886923,
                        36.087333184861095
                    ],
                    [
                        -86.714945770569557,
                        36.087044179331478
                    ],
                    [
                        -86.714671589441863,
                        36.0867166356444
                    ],
                    [
                        -86.714182831321594,
                        36.086148250930322
                    ],
                    [
                        -86.713777520355734,
                        36.085762902054114
                    ],
                    [
                        -86.713431812981241,
                        36.085550959264644
                    ],
                    [
                        -86.711584068565529,
                        36.084414167757892
                    ],
                    [
                        -86.710678079194452,
                        36.082959434608028
                    ],
                    [
                        -86.710535026812408,
                        36.082670411524518
                    ]
                ]
            },
            "properties": {
                "OBJECTID": 10250,
                "OnStreet": "Tampa Dr",
                "BeginStreet": "Harding Pl",
                "EndStreet": "Paragon Mills Rd",
                "Neighborhood": null,
                "Status": "Completed with vertical measures",
                "CompleteDate": 1771256236000,
                "ConceptDocument": null
            }
        },
        {
            "type": "Feature",
            "id": 10651,
            "geometry": {
                "type": "LineString",
                "coordinates": [
                    [
                        -86.819920476799993,
                        36.164266841817778
                    ],
                    [
                        -86.829679744815351,
                        36.162720554780435
                    ],
                    [
                        -86.83033936928058,
                        36.162707722145782
                    ]
                ]
            },
            "properties": {
                "OBJECTID": 10651,
                "OnStreet": "Albion St",
                "BeginStreet": "28th Ave N",
                "EndStreet": "Clare Ave",
                "Neighborhood": null,
                "Status": "Completed with vertical measures",
                "CompleteDate": 1768229978000,
                "ConceptDocument": null
            }
        },
        {
            "type": "Feature",
            "id": 10653,
            "geometry": {
                "type": "LineString",
                "coordinates": [
                    [
                        -86.82398948741691,
                        36.15930064630146
                    ],
                    [
                        -86.823941803849124,
                        36.159672800510883
                    ],
                    [
                        -86.824800110129956,
                        36.163490494635724
                    ]
                ]
            },
            "properties": {
                "OBJECTID": 10653,
                "OnStreet": "32nd Ave N",
                "BeginStreet": "Clifton Ave",
                "EndStreet": "Albion St",
                "Neighborhood": null,
                "Status": "Completed with vertical measures",
                "CompleteDate": 1775053489000,
                "ConceptDocument": null
            }
        },
        {
            "type": "Feature",
            "id": 10663,
            "geometry": {
                "type": "LineString",
                "coordinates": [
                    [
                        -86.725330054571771,
                        36.05454082360113
                    ],
                    [
                        -86.725361839249317,
                        36.054091068654131
                    ],
                    [
                        -86.725171106843035,
                        36.05378266461409
                    ],
                    [
                        -86.724376379343767,
                        36.052831744188481
                    ],
                    [
                        -86.724201538722966,
                        36.0524205310548
                    ],
                    [
                        -86.724471747450437,
                        36.048655265766499
                    ],
                    [
                        -86.724662482247055,
                        36.048154073406934
                    ],
                    [
                        -86.725075739023325,
                        36.046689032604206
                    ]
                ]
            },
            "properties": {
                "OBJECTID": 10663,
                "OnStreet": "Amalie Dr",
                "BeginStreet": "Old Hickory Blvd",
                "EndStreet": "McMurray Dr",
                "Neighborhood": null,
                "Status": "Completed with vertical measures",
                "CompleteDate": 1771945192000,
                "ConceptDocument": null
            }
        },
        {
            "type": "Feature",
            "id": 10679,
            "geometry": {
                "type": "LineString",
                "coordinates": [
                    [
                        -86.760379008670498,
                        36.275062848182465
                    ],
                    [
                        -86.759708932152463,
                        36.275118908401126
                    ],
                    [
                        -86.757690113260608,
                        36.274894664176571
                    ],
                    [
                        -86.756610636895388,
                        36.274814575897473
                    ],
                    [
                        -86.756198735529665,
                        36.274708860785694
                    ]
                ]
            },
            "properties": {
                "OBJECTID": 10679,
                "OnStreet": "Cherbron St",
                "BeginStreet": "Marydale Dr",
                "EndStreet": "Yoest Dr",
                "Neighborhood": null,
                "Status": "Completed with vertical measures",
                "CompleteDate": 1764773732000,
                "ConceptDocument": null
            }
        },
        {
            "type": "Feature",
            "id": 10680,
            "geometry": {
                "type": "LineString",
                "coordinates": [
                    [
                        -86.658678696997526,
                        36.149883786774694
                    ],
                    [
                        -86.658726381577395,
                        36.149614262840451
                    ],
                    [
                        -86.658440279128129,
                        36.148741509135938
                    ],
                    [
                        -86.658694590444242,
                        36.146482571772275
                    ],
                    [
                        -86.659171429727181,
                        36.145545606856395
                    ]
                ]
            },
            "properties": {
                "OBJECTID": 10680,
                "OnStreet": "Colfax Dr",
                "BeginStreet": "Elm Hill Pk",
                "EndStreet": "Allen Rd",
                "Neighborhood": null,
                "Status": "Completed with vertical measures",
                "CompleteDate": null,
                "ConceptDocument": null
            }
        },
        {
            "type": "Feature",
            "id": 10690,
            "geometry": {
                "type": "LineString",
                "coordinates": [
                    [
                        -86.848206854961489,
                        36.212615291881384
                    ],
                    [
                        -86.838940318754567,
                        36.211012247238209
                    ]
                ]
            },
            "properties": {
                "OBJECTID": 10690,
                "OnStreet": "Fairview Dr",
                "BeginStreet": "Clarksville Pk",
                "EndStreet": "End of Street",
                "Neighborhood": null,
                "Status": "Completed with vertical measures",
                "CompleteDate": 1758293303000,
                "ConceptDocument": null
            }
        },
        {
            "type": "Feature",
            "id": 10694,
            "geometry": {
                "type": "LineString",
                "coordinates": [
                    [
                        -86.793679763461412,
                        36.108357771411931
                    ],
                    [
                        -86.800530325666301,
                        36.108948467449814
                    ]
                ]
            },
            "properties": {
                "OBJECTID": 10694,
                "OnStreet": "Grandview Dr",
                "BeginStreet": "Granny White Pk",
                "EndStreet": "Belmont Blvd",
                "Neighborhood": null,
                "Status": "Completed with vertical measures",
                "CompleteDate": 1763650570000,
                "ConceptDocument": null
            }
        },
        {
            "type": "Feature",
            "id": 10695,
            "geometry": {
                "type": "LineString",
                "coordinates": [
                    [
                        -86.793072988651531,
                        36.109698390417826
                    ],
                    [
                        -86.800384493030109,
                        36.110308339530043
                    ]
                ]
            },
            "properties": {
                "OBJECTID": 10695,
                "OnStreet": "Graybar Ln",
                "BeginStreet": "Granny White Pk",
                "EndStreet": "Belmont Blvd",
                "Neighborhood": null,
                "Status": "Completed with vertical measures",
                "CompleteDate": 1763651080000,
                "ConceptDocument": null
            }
        },
        {
            "type": "Feature",
            "id": 10698,
            "geometry": {
                "type": "LineString",
                "coordinates": [
                    [
                        -86.647759644092176,
                        36.264089168247743
                    ],
                    [
                        -86.64783911786958,
                        36.252733561309299
                    ]
                ]
            },
            "properties": {
                "OBJECTID": 10698,
                "OnStreet": "Hadley Ave",
                "BeginStreet": "Old Hickory Blvd",
                "EndStreet": "Donelson Ave",
                "Neighborhood": null,
                "Status": "Completed with vertical measures",
                "CompleteDate": 1771253696000,
                "ConceptDocument": null
            }
        },
        {
            "type": "Feature",
            "id": 10700,
            "geometry": {
                "type": "LineString",
                "coordinates": [
                    [
                        -86.932885293962428,
                        36.061232809058779
                    ],
                    [
                        -86.932376666591423,
                        36.061335599799257
                    ],
                    [
                        -86.927830820056698,
                        36.06070599897307
                    ],
                    [
                        -86.924969796498132,
                        36.060654601098143
                    ],
                    [
                        -86.924175067334573,
                        36.060930856174302
                    ],
                    [
                        -86.923380338247455,
                        36.061207110455996
                    ],
                    [
                        -86.91809539318993,
                        36.061277779531743
                    ],
                    [
                        -86.91770597581899,
                        36.060320524789518
                    ]
                ]
            },
            "properties": {
                "OBJECTID": 10700,
                "OnStreet": "Harpeth Bend Dr",
                "BeginStreet": "MePherson Dr",
                "EndStreet": "Highway 100",
                "Neighborhood": null,
                "Status": "Completed with vertical measures",
                "CompleteDate": 1773841862000,
                "ConceptDocument": null
            }
        },
        {
            "type": "Feature",
            "id": 10704,
            "geometry": {
                "type": "LineString",
                "coordinates": [
                    [
                        -86.671973129115798,
                        36.041787014252954
                    ],
                    [
                        -86.672223469946957,
                        36.041330760569437
                    ],
                    [
                        -86.672306915924239,
                        36.041006241742437
                    ],
                    [
                        -86.672211548110866,
                        36.040321853047331
                    ],
                    [
                        -86.672247310961978,
                        36.040061591755588
                    ],
                    [
                        -86.672318836081359,
                        36.03984952657369
                    ],
                    [
                        -86.672477782777293,
                        36.039669592076031
                    ],
                    [
                        -86.672648649730448,
                        36.03928080156679
                    ]
                ]
            },
            "properties": {
                "OBJECTID": 10704,
                "OnStreet": "Hickory Park Dr",
                "BeginStreet": "Bell Rd",
                "EndStreet": "Rivendell Ct",
                "Neighborhood": null,
                "Status": "Completed with vertical measures",
                "CompleteDate": 1773841819000,
                "ConceptDocument": null
            }
        },
        {
            "type": "Feature",
            "id": 10705,
            "geometry": {
                "type": "LineString",
                "coordinates": [
                    [
                        -86.588339272086785,
                        36.02644726629557
                    ],
                    [
                        -86.587862433914196,
                        36.02686504154088
                    ],
                    [
                        -86.587337913976768,
                        36.027173551675645
                    ],
                    [
                        -86.585390829074967,
                        36.027520623110526
                    ],
                    [
                        -86.584619941494452,
                        36.02783555907326
                    ],
                    [
                        -86.583086115895142,
                        36.028439714326716
                    ],
                    [
                        -86.582680803893794,
                        36.028542549030732
                    ],
                    [
                        -86.579772096953207,
                        36.028671092256126
                    ],
                    [
                        -86.579080683550245,
                        36.02875464453939
                    ],
                    [
                        -86.578540266179644,
                        36.028947459106107
                    ],
                    [
                        -86.578206480377446,
                        36.02912099176411
                    ],
                    [
                        -86.577856799396386,
                        36.029529112672897
                    ]
                ]
            },
            "properties": {
                "OBJECTID": 10705,
                "OnStreet": "Hickory Woods Dr",
                "BeginStreet": "Murfreesboro Rd",
                "EndStreet": "Sunnyvale Drive",
                "Neighborhood": null,
                "Status": "Completed with vertical measures",
                "CompleteDate": 1768316110000,
                "ConceptDocument": null
            }
        },
        {
            "type": "Feature",
            "id": 10709,
            "geometry": {
                "type": "LineString",
                "coordinates": [
                    [
                        -86.837674460290614,
                        36.189478700718574
                    ],
                    [
                        -86.841028214604535,
                        36.194359607032474
                    ],
                    [
                        -86.842983246112766,
                        36.196950661152449
                    ]
                ]
            },
            "properties": {
                "OBJECTID": 10709,
                "OnStreet": "Hydes Ferry Rd",
                "BeginStreet": "Hydes Ferry Rd",
                "EndStreet": "County Hospital Rd",
                "Neighborhood": null,
                "Status": "Completed with vertical measures",
                "CompleteDate": 1772809543000,
                "ConceptDocument": null
            }
        },
        {
            "type": "Feature",
            "id": 10714,
            "geometry": {
                "type": "LineString",
                "coordinates": [
                    [
                        -86.697137552345737,
                        36.062852674295122
                    ],
                    [
                        -86.69710576232832,
                        36.061869741712492
                    ],
                    [
                        -86.697018342175554,
                        36.061625611863747
                    ],
                    [
                        -86.696835554751104,
                        36.061394330484475
                    ],
                    [
                        -86.695452727257617,
                        36.060501322999336
                    ]
                ]
            },
            "properties": {
                "OBJECTID": 10714,
                "OnStreet": "Keely Dr",
                "BeginStreet": "Packard Dr",
                "EndStreet": "Colemont Dr",
                "Neighborhood": null,
                "Status": "Completed with vertical measures",
                "CompleteDate": 1763651118000,
                "ConceptDocument": null
            }
        },
        {
            "type": "Feature",
            "id": 10718,
            "geometry": {
                "type": "LineString",
                "coordinates": [
                    [
                        -86.641701428525025,
                        36.15591435102305
                    ],
                    [
                        -86.642225946731202,
                        36.155888684971927
                    ],
                    [
                        -86.642718676633393,
                        36.155811684212615
                    ],
                    [
                        -86.644673710814772,
                        36.154823496329172
                    ],
                    [
                        -86.645102864737723,
                        36.154643823673808
                    ],
                    [
                        -86.649203663281455,
                        36.153912298724272
                    ],
                    [
                        -86.651778584224019,
                        36.153142264380968
                    ],
                    [
                        -86.652382579167281,
                        36.153065260154776
                    ],
                    [
                        -86.653336253787884,
                        36.153309107211193
                    ],
                    [
                        -86.657405263794189,
                        36.153706957329035
                    ],
                    [
                        -86.658549674557847,
                        36.154117640284205
                    ],
                    [
                        -86.660917964973493,
                        36.154258811750509
                    ],
                    [
                        -86.663492886274653,
                        36.154810662225998
                    ],
                    [
                        -86.665177711646379,
                        36.155028834648419
                    ]
                ]
            },
            "properties": {
                "OBJECTID": 10718,
                "OnStreet": "Lakeland Dr",
                "BeginStreet": "Donelson Pk",
                "EndStreet": "Waxhaw Dr",
                "Neighborhood": null,
                "Status": "Completed with vertical measures",
                "CompleteDate": 1761841404000,
                "ConceptDocument": null
            }
        },
        {
            "type": "Feature",
            "id": 10727,
            "geometry": {
                "type": "LineString",
                "coordinates": [
                    [
                        -86.726917982412559,
                        36.117129951787156
                    ],
                    [
                        -86.727235872791056,
                        36.116847474429655
                    ],
                    [
                        -86.727450449033796,
                        36.116719075240752
                    ],
                    [
                        -86.728817382541777,
                        36.11632103742307
                    ],
                    [
                        -86.729039906970684,
                        36.116186217112769
                    ],
                    [
                        -86.729548534076272,
                        36.115576313653477
                    ],
                    [
                        -86.729635953190879,
                        36.115325930975246
                    ],
                    [
                        -86.729667742406519,
                        36.115126909678757
                    ],
                    [
                        -86.729628005731996,
                        36.114439955755223
                    ],
                    [
                        -86.729620058893872,
                        36.114240931447135
                    ],
                    [
                        -86.729993581465735,
                        36.113598912929284
                    ],
                    [
                        -86.730382998117776,
                        36.112475366626093
                    ],
                    [
                        -86.730565786659099,
                        36.11111424973214
                    ],
                    [
                        -86.731082359982793,
                        36.110568513026458
                    ],
                    [
                        -86.731153885203881,
                        36.110343795384971
                    ],
                    [
                        -86.731114148254974,
                        36.109759530052322
                    ]
                ]
            },
            "properties": {
                "OBJECTID": 10727,
                "OnStreet": "Mashburn Rd",
                "BeginStreet": "Thompson Ln",
                "EndStreet": "Glenrose Ave",
                "Neighborhood": null,
                "Status": "Completed with vertical measures",
                "CompleteDate": 1773669039000,
                "ConceptDocument": null
            }
        },
        {
            "type": "Feature",
            "id": 10729,
            "geometry": {
                "type": "LineString",
                "coordinates": [
                    [
                        -86.754519009611585,
                        36.184331428374072
                    ],
                    [
                        -86.755583946228597,
                        36.176633735791853
                    ]
                ]
            },
            "properties": {
                "OBJECTID": 10729,
                "OnStreet": "McFerrin Ave",
                "BeginStreet": "Cleveland St",
                "EndStreet": "Gallatin Ave",
                "Neighborhood": null,
                "Status": "Completed with vertical measures",
                "CompleteDate": 1763996194000,
                "ConceptDocument": null
            }
        },
        {
            "type": "Feature",
            "id": 10731,
            "geometry": {
                "type": "LineString",
                "coordinates": [
                    [
                        -86.720290845205852,
                        36.248013617908761
                    ],
                    [
                        -86.715689366609681,
                        36.247680337729804
                    ],
                    [
                        -86.713758176892739,
                        36.247430377605795
                    ],
                    [
                        -86.709109013454579,
                        36.244315417051396
                    ]
                ]
            },
            "properties": {
                "OBJECTID": 10731,
                "OnStreet": "Montague Way",
                "BeginStreet": "Gallatin Pk",
                "EndStreet": "Fernbank Ave",
                "Neighborhood": null,
                "Status": "Completed with vertical measures",
                "CompleteDate": 1770735351000,
                "ConceptDocument": null
            }
        },
        {
            "type": "Feature",
            "id": 10735,
            "geometry": {
                "type": "LineString",
                "coordinates": [
                    [
                        -86.759212037631713,
                        36.059870498466204
                    ],
                    [
                        -86.75116938354202,
                        36.059298706557357
                    ],
                    [
                        -86.750295182175975,
                        36.059093117928249
                    ]
                ]
            },
            "properties": {
                "OBJECTID": 10735,
                "OnStreet": "Oakley Dr",
                "BeginStreet": "Trousdale Dr",
                "EndStreet": "Cochran Dr",
                "Neighborhood": null,
                "Status": "Completed with vertical measures",
                "CompleteDate": 1768316836000,
                "ConceptDocument": null
            }
        },
        {
            "type": "Feature",
            "id": 11454,
            "geometry": {
                "type": "LineString",
                "coordinates": [
                    [
                        -86.760361562746283,
                        36.225270757441002
                    ],
                    [
                        -86.759760709949717,
                        36.225189680911235
                    ],
                    [
                        -86.759091326891124,
                        36.225222143820517
                    ],
                    [
                        -86.757736118141096,
                        36.225299436710522
                    ],
                    [
                        -86.757095175367411,
                        36.225409681085388
                    ],
                    [
                        -86.753913357351337,
                        36.226166819765481
                    ],
                    [
                        -86.752293098015485,
                        36.22612117680044
                    ],
                    [
                        -86.751724570292652,
                        36.226028182375067
                    ],
                    [
                        -86.749696902329603,
                        36.224739386633935
                    ],
                    [
                        -86.749370733364429,
                        36.224191334100382
                    ],
                    [
                        -86.749287274486761,
                        36.223547472670148
                    ],
                    [
                        -86.749031654271946,
                        36.223206684962186
                    ],
                    [
                        -86.744724731845025,
                        36.220929830422413
                    ],
                    [
                        -86.744386912069217,
                        36.220650868970182
                    ],
                    [
                        -86.744151060316781,
                        36.220220808780226
                    ],
                    [
                        -86.74340699190175,
                        36.217569489649492
                    ]
                ]
            },
            "properties": {
                "OBJECTID": 11454,
                "OnStreet": "Ben Allen Rd",
                "BeginStreet": "Dickerson Pk",
                "EndStreet": "Hart Ln",
                "Neighborhood": null,
                "Status": "Completed with vertical measures",
                "CompleteDate": 1773669108000,
                "ConceptDocument": null
            }
        },
        {
            "type": "Feature",
            "id": 11455,
            "geometry": {
                "type": "LineString",
                "coordinates": [
                    [
                        -86.586020621192347,
                        36.221771987217416
                    ],
                    [
                        -86.587651595829456,
                        36.219732946057064
                    ],
                    [
                        -86.58805207173738,
                        36.219115512568401
                    ],
                    [
                        -86.588260541568303,
                        36.218524743460279
                    ]
                ]
            },
            "properties": {
                "OBJECTID": 11455,
                "OnStreet": "Big Horn Dr",
                "BeginStreet": "Cascade Dr",
                "EndStreet": "Big Horn Ct",
                "Neighborhood": null,
                "Status": "Completed with vertical measures",
                "CompleteDate": 1768402446000,
                "ConceptDocument": null
            }
        },
        {
            "type": "Feature",
            "id": 11470,
            "geometry": {
                "type": "LineString",
                "coordinates": [
                    [
                        -86.70362994259807,
                        36.045407791060505
                    ],
                    [
                        -86.703678909354664,
                        36.045010530680244
                    ],
                    [
                        -86.703501804969306,
                        36.044323975249377
                    ],
                    [
                        -86.703261364176242,
                        36.043262693345511
                    ],
                    [
                        -86.703249211450327,
                        36.04243932198419
                    ],
                    [
                        -86.703440233166717,
                        36.041698838874332
                    ],
                    [
                        -86.705079402738605,
                        36.0402019075187
                    ],
                    [
                        -86.705919687888752,
                        36.039158227003696
                    ],
                    [
                        -86.706318676044248,
                        36.038757959360559
                    ],
                    [
                        -86.706428962992447,
                        36.038413839317151
                    ],
                    [
                        -86.706460933931751,
                        36.03804178400506
                    ],
                    [
                        -86.706302842751214,
                        36.037651501134299
                    ],
                    [
                        -86.706125535828178,
                        36.037337837768483
                    ],
                    [
                        -86.706196338169732,
                        36.036066615322262
                    ],
                    [
                        -86.70668806358789,
                        36.035360286697674
                    ],
                    [
                        -86.707409388813431,
                        36.034493239646487
                    ],
                    [
                        -86.707583214082987,
                        36.03415089557997
                    ],
                    [
                        -86.707729911031947,
                        36.033331913677038
                    ],
                    [
                        -86.707792543264617,
                        36.032986425121273
                    ],
                    [
                        -86.708085327662317,
                        36.032467372162436
                    ]
                ]
            },
            "properties": {
                "OBJECTID": 11470,
                "OnStreet": "Cedarmont Dr",
                "BeginStreet": "Barnes Rd",
                "EndStreet": "Bell Rd",
                "Neighborhood": null,
                "Status": "Completed with vertical measures",
                "CompleteDate": 1774447614000,
                "ConceptDocument": null
            }
        },
        {
            "type": "Feature",
            "id": 11474,
            "geometry": {
                "type": "LineString",
                "coordinates": [
                    [
                        -86.702744634559892,
                        36.051434199631267
                    ],
                    [
                        -86.702792314798359,
                        36.050882631615401
                    ],
                    [
                        -86.703035151850031,
                        36.0500472509895
                    ],
                    [
                        -86.703118005466962,
                        36.049785987524963
                    ],
                    [
                        -86.703135655905299,
                        36.04956145795564
                    ],
                    [
                        -86.703143698543514,
                        36.049375233372075
                    ],
                    [
                        -86.702853207058922,
                        36.04818401733479
                    ]
                ]
            },
            "properties": {
                "OBJECTID": 11474,
                "OnStreet": "Eulala Dr",
                "BeginStreet": "Ocala Dr",
                "EndStreet": "Ash Grove Dr",
                "Neighborhood": null,
                "Status": "Completed with vertical measures",
                "CompleteDate": 1777384955000,
                "ConceptDocument": null
            }
        },
        {
            "type": "Feature",
            "id": 11475,
            "geometry": {
                "type": "LineString",
                "coordinates": [
                    [
                        -86.715633689935075,
                        36.056021953537574
                    ],
                    [
                        -86.715140704630045,
                        36.056020894210036
                    ],
                    [
                        -86.71135253647185,
                        36.055721082265194
                    ]
                ]
            },
            "properties": {
                "OBJECTID": 11475,
                "OnStreet": "April Ln",
                "BeginStreet": "Nolensville Rd",
                "EndStreet": "Raywood Ln",
                "Neighborhood": null,
                "Status": "Completed with vertical measures",
                "CompleteDate": 1772809216000,
                "ConceptDocument": null
            }
        },
        {
            "type": "Feature",
            "id": 11482,
            "geometry": {
                "type": "LineString",
                "coordinates": [
                    [
                        -86.625012548080122,
                        36.079185570748137
                    ],
                    [
                        -86.624841066415343,
                        36.078737271313365
                    ],
                    [
                        -86.624789277243934,
                        36.078279491787129
                    ],
                    [
                        -86.624941268156405,
                        36.07678627331839
                    ],
                    [
                        -86.624929191523762,
                        36.076329603639344
                    ],
                    [
                        -86.624842808068721,
                        36.075016010286923
                    ],
                    [
                        -86.62482712420487,
                        36.07464278515684
                    ],
                    [
                        -86.624878964923965,
                        36.073995086655152
                    ]
                ]
            },
            "properties": {
                "OBJECTID": 11482,
                "OnStreet": "Creekview Dr",
                "BeginStreet": "Anderson Rd",
                "EndStreet": "Clearwater Dr",
                "Neighborhood": null,
                "Status": "Completed with vertical measures",
                "CompleteDate": 1773841889000,
                "ConceptDocument": null
            }
        },
        {
            "type": "Feature",
            "id": 11484,
            "geometry": {
                "type": "LineString",
                "coordinates": [
                    [
                        -86.702799418393283,
                        36.267100348224659
                    ],
                    [
                        -86.710747560763309,
                        36.267926813838812
                    ]
                ]
            },
            "properties": {
                "OBJECTID": 11484,
                "OnStreet": "Cumberland Ave",
                "BeginStreet": "Madison Park",
                "EndStreet": "Gallatin Ave",
                "Neighborhood": null,
                "Status": "Completed with vertical measures",
                "CompleteDate": 1773237998000,
                "ConceptDocument": null
            }
        },
        {
            "type": "Feature",
            "id": 11499,
            "geometry": {
                "type": "LineString",
                "coordinates": [
                    [
                        -86.858681113693606,
                        36.218356324108392
                    ],
                    [
                        -86.858256306566204,
                        36.217882435409749
                    ],
                    [
                        -86.85790613332702,
                        36.217154021333378
                    ],
                    [
                        -86.857946072885341,
                        36.216231287450583
                    ],
                    [
                        -86.857995996716483,
                        36.215077856440402
                    ],
                    [
                        -86.857931751650128,
                        36.214357470163883
                    ],
                    [
                        -86.85861424641881,
                        36.210347426260363
                    ],
                    [
                        -86.858412938476718,
                        36.209854121963602
                    ],
                    [
                        -86.858018791263817,
                        36.209406708225423
                    ],
                    [
                        -86.857171747829383,
                        36.208766878494281
                    ],
                    [
                        -86.855135207025896,
                        36.207682874011709
                    ]
                ]
            },
            "properties": {
                "OBJECTID": 11499,
                "OnStreet": "Enchanted Cr",
                "BeginStreet": "Hydesdale Ln",
                "EndStreet": "Golden Hill Dr",
                "Neighborhood": null,
                "Status": "Completed with vertical measures",
                "CompleteDate": 1773324383000,
                "ConceptDocument": null
            }
        },
        {
            "type": "Feature",
            "id": 11506,
            "geometry": {
                "type": "LineString",
                "coordinates": [
                    [
                        -86.701971537992165,
                        36.116452239946483
                    ],
                    [
                        -86.70145235420425,
                        36.115769506178374
                    ],
                    [
                        -86.70135033861834,
                        36.115002174017135
                    ],
                    [
                        -86.701386646099635,
                        36.114714118023429
                    ],
                    [
                        -86.701525652336244,
                        36.11444180484586
                    ],
                    [
                        -86.701652554468723,
                        36.114265510805836
                    ],
                    [
                        -86.704163955737386,
                        36.111908024035145
                    ],
                    [
                        -86.704633518123231,
                        36.111163203955343
                    ],
                    [
                        -86.704934423573022,
                        36.11082477733121
                    ],
                    [
                        -86.705097155357407,
                        36.110739427836769
                    ]
                ]
            },
            "properties": {
                "OBJECTID": 11506,
                "OnStreet": "Winthorne Dr",
                "BeginStreet": "Glenpark Dr",
                "EndStreet": "Glenpark Dr",
                "Neighborhood": null,
                "Status": "Completed with vertical measures",
                "CompleteDate": 1770044760000,
                "ConceptDocument": null
            }
        },
        {
            "type": "Feature",
            "id": 11529,
            "geometry": {
                "type": "LineString",
                "coordinates": [
                    [
                        -86.882746714817856,
                        36.311620785676581
                    ],
                    [
                        -86.877212420131656,
                        36.311061354818136
                    ]
                ]
            },
            "properties": {
                "OBJECTID": 11529,
                "OnStreet": "Rawlings Rd",
                "BeginStreet": "Clarksville Pk",
                "EndStreet": "Eatons Creek Rd",
                "Neighborhood": null,
                "Status": "Completed with vertical measures",
                "CompleteDate": 1775570082000,
                "ConceptDocument": null
            }
        }
    ]
}